phone_id,brand,model,age_months,original_price_inr,ram_gb,storage_gb,battery_health_percent,screen_size_inches,camera_mp,condition,warranty_months_left,repair_count,accessories_included,resale_price_inr
PH101357,OnePlus,iPhone 13,15.0,81453.0,,512.0,70.0,6.5,108.0,Excellent,18.0,1.0,Yes,75385.0
PH100985,Google,OnePlus 11,13.0,15178.0,16.0,512.0,84.0,6.9,16.0,Good,13.0,1.0,Yes,34468.0
PH100860,Realme,Realme 11 Pro,58.0,97016.0,4.0,512.0,95.0,5.9,50.0,,13.0,0.0,No,42808.0
PH101985,Oppo,OnePlus 11,48.0,95521.0,12.0,512.0,97.0,5.8,12.0,Good,1.0,2.0,Yes,46549.0
PH101294,Samsung,Vivo V29,18.0,31627.0,4.0,512.0,85.0,6.9,64.0,Good,6.0,1.0,No,31525.0
PH101470,Samsung,Vivo V29,34.0,41863.0,12.0,256.0,67.0,6.3,12.0,Excellent,3.0,1.0,No,29128.0
PH101211,Samsung,Galaxy A54,46.0,113894.0,8.0,512.0,73.0,6.4,32.0,Fair,12.0,0.0,No,54774.0
PH100368,Apple,Vivo V29,16.0,31610.0,6.0,128.0,90.0,6.2,48.0,Good,6.0,2.0,Yes,24838.0
PH101704,Xiaomi,Oppo Reno 10,19.0,101813.0,4.0,128.0,72.0,6.0,50.0,Good,20.0,3.0,Yes,48668.0
PH101384,,Redmi Note 13,22.0,78677.0,6.0,64.0,69.0,6.4,200.0,Fair,14.0,0.0,Yes,45755.0
PH101788,OnePlus,Galaxy A54,42.0,107027.0,16.0,512.0,90.0,6.5,32.0,Fair,10.0,2.0,Yes,47477.0
PH100252,Samsung,Redmi Note 13,11.0,47931.0,16.0,128.0,72.0,6.3,50.0,Poor,15.0,2.0,Yes,32421.0
PH100472,Google,iPhone 13,23.0,85616.0,8.0,64.0,69.0,6.1,64.0,Fair,13.0,1.0,Yes,48670.0
PH100383,OnePlus,iPhone 13,22.0,73169.0,16.0,512.0,76.0,5.8,64.0,Excellent,12.0,0.0,Yes,77815.0
PH100129,OnePlus,Realme 11 Pro,24.0,135364.0,6.0,128.0,69.0,6.4,16.0,Fair,9.0,3.0,Yes,64564.0
PH100619,Realme,Redmi Note 13,31.0,68889.0,8.0,64.0,65.0,6.3,108.0,Excellent,4.0,1.0,Yes,29966.0
PH101092,Realme,Oppo Reno 10,19.0,93845.0,12.0,128.0,100.0,5.5,108.0,Good,6.0,3.0,Yes,49813.0
PH101403,Samsung,Pixel 7,24.0,117973.0,,64.0,74.0,5.7,200.0,Excellent,0.0,3.0,Yes,73751.0
PH101138,Apple,iPhone 13,49.0,91526.0,8.0,128.0,68.0,7.0,32.0,Excellent,7.0,0.0,Yes,51926.0
PH101602,Realme,OnePlus 11,10.0,93010.0,12.0,64.0,98.0,6.6,108.0,Good,12.0,2.0,No,59558.0
PH100584,Apple,Oppo Reno 10,10.0,48639.0,8.0,256.0,79.0,5.5,16.0,Good,19.0,3.0,Yes,47603.0
PH100926,Xiaomi,Oppo Reno 10,52.0,24748.0,16.0,64.0,78.0,6.2,12.0,Fair,5.0,3.0,Yes,15433.0
PH100066,Apple,OnePlus 11,23.0,58218.0,8.0,128.0,98.0,5.9,64.0,Good,3.0,2.0,Yes,46143.0
PH100924,Realme,Galaxy A54,57.0,93326.0,8.0,512.0,,6.3,108.0,Excellent,21.0,1.0,No,42477.0
PH100322,Vivo,iPhone 13,6.0,116927.0,12.0,128.0,91.0,5.7,32.0,Excellent,0.0,2.0,Yes,97155.0
PH100306,Vivo,Vivo V29,36.0,140216.0,4.0,128.0,87.0,6.2,200.0,Fair,19.0,3.0,Yes,51063.0
PH101542,Realme,iPhone 13,54.0,28932.0,12.0,256.0,91.0,6.1,108.0,Excellent,16.0,1.0,Yes,16448.0
PH101772,Xiaomi,iPhone 13,37.0,149152.0,8.0,512.0,79.0,6.8,64.0,Good,10.0,3.0,Yes,74943.0
PH101402,Xiaomi,Pixel 7,40.0,68759.0,4.0,256.0,70.0,7.0,64.0,Good,6.0,3.0,Yes,34768.0
PH100433,Vivo,iPhone 13,48.0,14775.0,16.0,256.0,60.0,6.3,48.0,Fair,22.0,3.0,Yes,13367.0
PH100695,Apple,OnePlus 11,60.0,138503.0,4.0,64.0,78.0,5.6,200.0,Fair,17.0,3.0,No,46619.0
PH101665,Xiaomi,Vivo V29,40.0,126012.0,8.0,512.0,74.0,6.9,50.0,Poor,12.0,3.0,Yes,49098.0
PH100112,Realme,Vivo V29,14.0,71500.0,12.0,128.0,65.0,5.9,200.0,Excellent,2.0,0.0,Yes,51345.0
PH101023,Apple,iPhone 13,31.0,98483.0,4.0,256.0,89.0,6.5,50.0,Excellent,22.0,1.0,Yes,70729.0
PH100030,OnePlus,Pixel 7,52.0,98346.0,4.0,256.0,77.0,5.5,48.0,Good,11.0,3.0,Yes,39144.0
PH101883,Samsung,Vivo V29,28.0,110970.0,4.0,512.0,94.0,6.4,108.0,Excellent,5.0,0.0,No,84875.0
PH100384,Vivo,Oppo Reno 10,47.0,141744.0,6.0,512.0,61.0,6.0,50.0,Good,2.0,3.0,Yes,49405.0
PH101473,Samsung,Oppo Reno 10,32.0,57201.0,16.0,512.0,79.0,6.3,12.0,Excellent,17.0,3.0,Yes,49989.0
PH101874,Oppo,OnePlus 11,58.0,135549.0,8.0,128.0,73.0,5.5,50.0,Fair,8.0,1.0,Yes,41805.0
PH100307,OnePlus,iPhone 13,4.0,145175.0,8.0,256.0,87.0,6.7,108.0,Good,17.0,1.0,Yes,131608.0
PH100057,Google,iPhone 13,5.0,75610.0,16.0,512.0,100.0,5.5,108.0,Good,6.0,3.0,No,73936.0
PH100772,Vivo,Galaxy A54,6.0,36042.0,16.0,256.0,69.0,6.8,48.0,Fair,1.0,1.0,Yes,32352.0
PH100778,Google,Realme 11 Pro,49.0,58999.0,8.0,64.0,90.0,5.7,50.0,Fair,7.0,0.0,Yes,24488.0
PH101694,Realme,OnePlus 11,10.0,100388.0,4.0,512.0,61.0,6.1,200.0,Good,19.0,0.0,Yes,74832.0
PH101272,,Realme 11 Pro,29.0,52696.0,4.0,128.0,76.0,6.8,32.0,Good,5.0,2.0,Yes,28792.0
PH101577,Realme,OnePlus 11,23.0,68240.0,12.0,64.0,79.0,6.0,200.0,Fair,23.0,0.0,Yes,42968.0
PH100421,Apple,Galaxy A54,24.0,43085.0,8.0,64.0,60.0,5.6,50.0,Good,21.0,1.0,Yes,37382.0
PH100820,Samsung,Oppo Reno 10,36.0,53247.0,16.0,512.0,80.0,6.7,108.0,Excellent,9.0,3.0,Yes,40551.0
PH101511,Realme,iPhone 13,47.0,12515.0,4.0,64.0,90.0,6.6,200.0,Fair,22.0,2.0,Yes,7941.0
PH101183,Google,Realme 11 Pro,38.0,138299.0,8.0,64.0,80.0,5.7,200.0,Fair,3.0,1.0,No,48492.0
PH100495,Vivo,Vivo V29,57.0,46700.0,12.0,128.0,66.0,5.9,50.0,Good,15.0,1.0,Yes,16751.0
PH100325,Oppo,Redmi Note 13,49.0,35386.0,4.0,128.0,93.0,6.4,16.0,Excellent,17.0,1.0,Yes,20571.0
PH101437,Oppo,Galaxy A54,28.0,34092.0,6.0,256.0,96.0,6.8,12.0,Good,10.0,1.0,Yes,23704.0
PH101134,Realme,Galaxy A54,27.0,17594.0,16.0,256.0,98.0,5.5,50.0,Excellent,6.0,1.0,Yes,24032.0
PH100679,Apple,Realme 11 Pro,60.0,31309.0,16.0,512.0,71.0,6.8,12.0,Fair,17.0,3.0,Yes,30134.0
PH100904,Realme,iPhone 13,37.0,128477.0,4.0,512.0,71.0,5.6,32.0,Good,19.0,0.0,No,66008.0
PH101367,Xiaomi,Galaxy A54,3.0,115864.0,16.0,64.0,94.0,6.1,200.0,Good,16.0,2.0,Yes,93593.0
PH101152,Vivo,Oppo Reno 10,27.0,96719.0,6.0,512.0,99.0,6.0,16.0,Good,23.0,0.0,Yes,64685.0
PH101556,Vivo,Pixel 7,54.0,84833.0,6.0,128.0,78.0,6.6,50.0,Excellent,1.0,1.0,Yes,29688.0
PH100352,Samsung,Vivo V29,58.0,23094.0,8.0,256.0,75.0,5.7,12.0,Fair,10.0,3.0,Yes,10110.0
PH101519,OnePlus,OnePlus 11,36.0,85870.0,12.0,512.0,68.0,6.8,200.0,Good,10.0,0.0,No,61126.0
PH101464,Xiaomi,OnePlus 11,57.0,112485.0,12.0,128.0,71.0,5.9,32.0,Good,15.0,2.0,Yes,40369.0
PH100819,OnePlus,Realme 11 Pro,49.0,105078.0,8.0,512.0,71.0,6.2,48.0,Excellent,17.0,1.0,Yes,65539.0
PH100615,Oppo,Oppo Reno 10,17.0,134226.0,12.0,128.0,71.0,5.8,12.0,Excellent,12.0,1.0,No,78669.0
PH100071,Apple,Vivo V29,52.0,40927.0,6.0,64.0,62.0,6.1,50.0,Good,12.0,0.0,Yes,27795.0
PH100451,Oppo,Redmi Note 13,26.0,50225.0,4.0,64.0,,5.8,32.0,Fair,10.0,1.0,Yes,20766.0
PH101308,Google,Galaxy A54,35.0,84095.0,12.0,512.0,82.0,6.1,64.0,Good,20.0,1.0,Yes,62952.0
PH101579,Oppo,Pixel 7,14.0,132419.0,12.0,256.0,66.0,6.7,50.0,Fair,4.0,2.0,Yes,79243.0
PH101950,Realme,Redmi Note 13,31.0,59691.0,4.0,512.0,60.0,6.3,16.0,Good,3.0,2.0,Yes,36964.0
PH101186,OnePlus,Oppo Reno 10,18.0,52475.0,8.0,512.0,79.0,6.6,48.0,Good,22.0,2.0,Yes,50770.0
PH100870,Oppo,Realme 11 Pro,28.0,50346.0,8.0,128.0,90.0,6.8,108.0,Excellent,8.0,2.0,Yes,30455.0
PH100354,Google,Pixel 7,40.0,17741.0,12.0,64.0,66.0,6.3,48.0,Poor,4.0,1.0,Yes,12276.0
PH101469,OnePlus,Realme 11 Pro,32.0,14881.0,8.0,256.0,86.0,6.8,200.0,Good,6.0,3.0,Yes,9344.0
PH100975,OnePlus,Vivo V29,42.0,58418.0,12.0,256.0,75.0,6.4,108.0,Good,13.0,0.0,Yes,30208.0
PH101340,Oppo,Vivo V29,17.0,69174.0,4.0,128.0,86.0,6.4,64.0,Excellent,21.0,2.0,Yes,50137.0
PH101551,Vivo,Galaxy A54,3.0,19601.0,12.0,64.0,79.0,6.5,108.0,Poor,22.0,3.0,Yes,12351.0
PH100125,Vivo,iPhone 13,28.0,105782.0,12.0,256.0,67.0,6.6,12.0,Excellent,8.0,1.0,Yes,65330.0
PH100211,Realme,Vivo V29,6.0,104910.0,12.0,64.0,63.0,6.7,108.0,Good,8.0,0.0,Yes,69361.0
PH100949,Oppo,Oppo Reno 10,21.0,140867.0,16.0,256.0,75.0,5.9,108.0,Good,16.0,0.0,Yes,96889.0
PH101079,Oppo,Vivo V29,14.0,93422.0,12.0,256.0,67.0,6.7,48.0,Good,3.0,2.0,No,61241.0
PH101647,Realme,Oppo Reno 10,56.0,21265.0,4.0,512.0,72.0,7.0,200.0,Fair,10.0,3.0,Yes,22716.0
PH101494,Apple,Oppo Reno 10,23.0,144534.0,16.0,256.0,61.0,6.7,32.0,Good,23.0,1.0,No,115836.0
PH101112,Samsung,Realme 11 Pro,46.0,62519.0,6.0,512.0,67.0,6.2,32.0,Fair,18.0,1.0,No,35564.0
PH100585,Oppo,Realme 11 Pro,27.0,31692.0,16.0,64.0,67.0,6.8,50.0,Good,20.0,1.0,Yes,23991.0
PH101334,Google,OnePlus 11,7.0,20531.0,12.0,128.0,92.0,5.5,50.0,Excellent,9.0,0.0,Yes,27531.0
PH100353,Samsung,Redmi Note 13,48.0,99959.0,16.0,512.0,77.0,6.3,12.0,Good,19.0,0.0,No,59282.0
PH101042,Apple,OnePlus 11,57.0,148269.0,4.0,64.0,64.0,5.9,200.0,Excellent,19.0,1.0,Yes,60196.0
PH101755,,Pixel 7,49.0,74894.0,16.0,256.0,82.0,5.8,200.0,Good,19.0,0.0,No,38646.0
PH101567,Vivo,Redmi Note 13,36.0,,4.0,512.0,,6.5,200.0,Fair,10.0,2.0,Yes,69654.0
PH100520,Apple,Vivo V29,16.0,75909.0,8.0,64.0,88.0,5.6,32.0,Fair,1.0,0.0,Yes,60696.0
PH100070,Oppo,Redmi Note 13,35.0,109493.0,6.0,128.0,93.0,6.8,48.0,Excellent,12.0,2.0,No,61667.0
PH101732,Xiaomi,OnePlus 11,8.0,83792.0,16.0,128.0,94.0,5.6,48.0,Good,16.0,2.0,Yes,70531.0
PH101631,Realme,OnePlus 11,5.0,34504.0,6.0,128.0,87.0,6.6,48.0,Fair,23.0,2.0,Yes,29592.0
PH101081,Xiaomi,Realme 11 Pro,17.0,49419.0,4.0,64.0,99.0,6.7,32.0,Poor,19.0,0.0,No,20750.0
PH101561,Xiaomi,iPhone 13,43.0,13605.0,12.0,256.0,83.0,5.5,108.0,Good,12.0,0.0,Yes,17383.0
PH101014,Xiaomi,Realme 11 Pro,41.0,82409.0,6.0,512.0,83.0,5.7,48.0,Good,22.0,3.0,Yes,44384.0
PH101834,Xiaomi,Oppo Reno 10,14.0,94987.0,4.0,512.0,82.0,6.4,108.0,Good,14.0,0.0,Yes,73922.0
PH100212,Realme,Redmi Note 13,32.0,67480.0,8.0,64.0,70.0,6.4,64.0,Fair,11.0,2.0,No,27575.0
PH101011,Vivo,iPhone 13,49.0,126456.0,6.0,128.0,93.0,6.2,12.0,Good,8.0,2.0,Yes,33456.0
PH101568,OnePlus,Realme 11 Pro,58.0,111694.0,16.0,512.0,75.0,6.1,32.0,Poor,1.0,0.0,No,48461.0
PH100100,Vivo,Redmi Note 13,4.0,81463.0,6.0,128.0,63.0,5.8,50.0,Good,19.0,3.0,Yes,56507.0
PH101311,Xiaomi,Redmi Note 13,58.0,99593.0,16.0,256.0,78.0,6.7,200.0,Good,3.0,1.0,Yes,44861.0
PH100731,Xiaomi,Redmi Note 13,50.0,84373.0,4.0,256.0,65.0,5.8,16.0,Poor,1.0,3.0,Yes,20354.0
PH100530,,Vivo V29,48.0,24100.0,12.0,128.0,94.0,5.9,32.0,Excellent,24.0,3.0,Yes,25052.0
PH100299,Vivo,Redmi Note 13,32.0,15748.0,8.0,64.0,64.0,6.1,200.0,Good,15.0,1.0,No,15879.0
PH101019,Google,Pixel 7,58.0,46152.0,4.0,128.0,72.0,6.6,48.0,Fair,10.0,0.0,No,16904.0
PH101331,Oppo,Vivo V29,42.0,88946.0,6.0,512.0,78.0,6.4,108.0,Good,20.0,1.0,Yes,48513.0
PH100713,Samsung,iPhone 13,22.0,16006.0,6.0,64.0,95.0,5.9,48.0,Fair,2.0,0.0,Yes,10719.0
PH101330,Vivo,OnePlus 11,28.0,109628.0,4.0,128.0,67.0,6.9,200.0,Good,5.0,3.0,Yes,48560.0
PH100651,Realme,OnePlus 11,37.0,31738.0,8.0,256.0,74.0,7.0,32.0,Good,23.0,1.0,No,31102.0
PH100240,Google,Vivo V29,27.0,66319.0,12.0,128.0,100.0,6.2,48.0,Excellent,15.0,3.0,Yes,48317.0
PH101962,Samsung,OnePlus 11,23.0,15228.0,8.0,128.0,72.0,6.2,16.0,Excellent,21.0,1.0,No,20276.0
PH101722,Xiaomi,Realme 11 Pro,53.0,45896.0,6.0,64.0,65.0,6.9,16.0,Poor,5.0,2.0,Yes,7062.0
PH101847,Google,OnePlus 11,7.0,115247.0,4.0,64.0,68.0,5.6,108.0,Fair,24.0,1.0,No,85642.0
PH101877,Vivo,Galaxy A54,26.0,142674.0,8.0,128.0,76.0,6.7,12.0,Good,24.0,1.0,No,77863.0
PH100395,Xiaomi,Vivo V29,40.0,148285.0,16.0,128.0,83.0,6.6,48.0,Good,0.0,2.0,Yes,57672.0
PH101354,Oppo,Realme 11 Pro,47.0,124651.0,4.0,128.0,60.0,6.3,64.0,Fair,4.0,1.0,Yes,38119.0
PH101230,Xiaomi,Oppo Reno 10,49.0,123048.0,6.0,64.0,71.0,7.0,16.0,Excellent,24.0,2.0,Yes,46879.0
PH101717,Google,Pixel 7,39.0,46474.0,12.0,256.0,71.0,6.9,200.0,Good,4.0,1.0,Yes,33169.0
PH101145,OnePlus,Redmi Note 13,35.0,14035.0,16.0,256.0,66.0,5.7,16.0,Good,18.0,0.0,Yes,23400.0
PH101621,Vivo,Oppo Reno 10,26.0,83916.0,8.0,128.0,96.0,6.7,12.0,Fair,23.0,0.0,Yes,54172.0
PH100803,Samsung,OnePlus 11,60.0,31229.0,4.0,256.0,76.0,6.4,108.0,Excellent,0.0,3.0,Yes,11599.0
PH100129,OnePlus,Realme 11 Pro,24.0,135364.0,6.0,128.0,69.0,6.4,16.0,Fair,9.0,3.0,Yes,64564.0
PH100863,Apple,Realme 11 Pro,48.0,103128.0,8.0,64.0,99.0,5.8,200.0,Good,6.0,3.0,Yes,48878.0
PH100276,OnePlus,Vivo V29,23.0,39216.0,16.0,256.0,84.0,5.9,108.0,Good,21.0,1.0,Yes,41133.0
PH100535,Xiaomi,Oppo Reno 10,35.0,32862.0,16.0,256.0,89.0,6.1,108.0,Good,7.0,0.0,No,28649.0
PH101056,Vivo,Vivo V29,30.0,91267.0,16.0,128.0,82.0,6.4,64.0,Fair,18.0,3.0,Yes,49402.0
PH101426,Oppo,iPhone 13,13.0,114484.0,4.0,512.0,79.0,6.3,200.0,Fair,22.0,2.0,Yes,85712.0
PH101377,OnePlus,Oppo Reno 10,43.0,137849.0,8.0,256.0,74.0,6.4,48.0,Good,1.0,3.0,Yes,62481.0
PH101346,Xiaomi,Oppo Reno 10,28.0,18470.0,6.0,64.0,91.0,6.0,64.0,Excellent,,2.0,Yes,8074.0
PH100527,Xiaomi,Vivo V29,15.0,107408.0,12.0,128.0,69.0,6.3,16.0,Good,10.0,3.0,No,65312.0
PH100486,Oppo,Redmi Note 13,14.0,129797.0,4.0,128.0,97.0,5.7,108.0,Poor,19.0,1.0,Yes,69304.0
PH101810,Apple,Oppo Reno 10,25.0,16011.0,6.0,256.0,65.0,6.4,32.0,Fair,4.0,1.0,Yes,14744.0
PH101971,Samsung,OnePlus 11,3.0,65785.0,6.0,256.0,82.0,6.2,50.0,Good,7.0,0.0,No,64985.0
PH101892,Oppo,Redmi Note 13,43.0,12992.0,12.0,128.0,65.0,5.8,16.0,Excellent,6.0,1.0,No,15672.0
PH101560,Xiaomi,iPhone 13,43.0,144201.0,8.0,128.0,67.0,5.8,50.0,Fair,6.0,1.0,Yes,50175.0
PH101610,Xiaomi,OnePlus 11,48.0,127375.0,8.0,256.0,89.0,6.0,12.0,Good,12.0,3.0,Yes,50504.0
PH101813,Realme,iPhone 13,24.0,132654.0,12.0,64.0,68.0,6.1,32.0,Excellent,24.0,1.0,Yes,72815.0
PH101191,Xiaomi,iPhone 13,56.0,58546.0,4.0,128.0,80.0,6.3,12.0,Good,0.0,2.0,Yes,17341.0
PH100528,Apple,Galaxy A54,40.0,132606.0,12.0,128.0,72.0,6.2,12.0,Fair,8.0,2.0,Yes,61440.0
PH101236,OnePlus,Oppo Reno 10,40.0,60785.0,6.0,64.0,73.0,6.3,64.0,Fair,2.0,3.0,Yes,18062.0
PH100531,Samsung,iPhone 13,51.0,69021.0,12.0,128.0,67.0,6.1,48.0,Good,0.0,0.0,Yes,25527.0
PH100901,Vivo,iPhone 13,6.0,43422.0,8.0,512.0,70.0,6.3,32.0,Fair,24.0,1.0,No,48623.0
PH101871,Realme,iPhone 13,21.0,129769.0,,128.0,93.0,6.7,108.0,Excellent,5.0,3.0,Yes,70990.0
PH101259,Google,Galaxy A54,28.0,116700.0,16.0,256.0,65.0,6.5,48.0,Excellent,12.0,0.0,Yes,80679.0
PH100818,Xiaomi,Realme 11 Pro,15.0,15164.0,4.0,64.0,78.0,5.8,12.0,Fair,1.0,0.0,Yes,9091.0
PH100908,Xiaomi,Galaxy A54,54.0,37095.0,6.0,512.0,95.0,6.5,16.0,Good,22.0,3.0,Yes,32061.0
PH101041,Vivo,Realme 11 Pro,19.0,38270.0,6.0,256.0,83.0,5.8,16.0,Good,23.0,1.0,Yes,29843.0
PH101454,Xiaomi,OnePlus 11,53.0,46924.0,16.0,512.0,84.0,6.6,12.0,Fair,9.0,0.0,Yes,34027.0
PH100680,Apple,Realme 11 Pro,32.0,66195.0,6.0,512.0,73.0,5.9,16.0,Good,12.0,2.0,Yes,52904.0
PH101165,Vivo,Vivo V29,50.0,95886.0,8.0,128.0,100.0,6.9,32.0,Good,,1.0,Yes,41117.0
PH101537,Samsung,Galaxy A54,28.0,,12.0,128.0,67.0,6.8,12.0,Good,9.0,1.0,Yes,67773.0
PH100116,OnePlus,Oppo Reno 10,40.0,88240.0,4.0,512.0,80.0,6.1,12.0,Fair,21.0,0.0,Yes,48597.0
PH100966,Samsung,Realme 11 Pro,15.0,132617.0,8.0,128.0,75.0,6.6,200.0,Good,4.0,0.0,Yes,90153.0
PH100343,Xiaomi,Galaxy A54,17.0,108393.0,16.0,64.0,81.0,6.3,64.0,Fair,4.0,0.0,Yes,58383.0
PH101692,Oppo,OnePlus 11,56.0,41670.0,4.0,256.0,97.0,5.6,16.0,Excellent,23.0,3.0,Yes,22371.0
PH101942,Google,Oppo Reno 10,11.0,143225.0,8.0,256.0,76.0,7.0,200.0,Fair,15.0,0.0,No,110567.0
PH101997,Apple,OnePlus 11,52.0,121906.0,16.0,512.0,63.0,6.7,108.0,Fair,6.0,3.0,Yes,53198.0
PH100255,Samsung,Pixel 7,52.0,46693.0,16.0,64.0,91.0,6.6,16.0,Excellent,22.0,1.0,Yes,23513.0
PH101827,Oppo,OnePlus 11,53.0,61589.0,8.0,64.0,92.0,5.9,108.0,Poor,15.0,2.0,Yes,15592.0
PH101832,Vivo,iPhone 13,35.0,17529.0,6.0,128.0,78.0,6.5,12.0,Excellent,15.0,1.0,Yes,13271.0
PH101951,OnePlus,Vivo V29,6.0,69986.0,16.0,64.0,86.0,5.9,200.0,Fair,3.0,3.0,Yes,53313.0
PH101091,OnePlus,OnePlus 11,40.0,115533.0,16.0,256.0,86.0,7.0,108.0,Good,19.0,1.0,No,62394.0
PH101275,Realme,Pixel 7,44.0,62013.0,8.0,256.0,100.0,6.5,48.0,Good,17.0,3.0,Yes,32849.0
PH100121,Google,Pixel 7,34.0,63925.0,4.0,128.0,74.0,5.5,200.0,Good,4.0,1.0,Yes,33296.0
PH101944,Oppo,Oppo Reno 10,34.0,133169.0,8.0,256.0,65.0,6.8,64.0,Fair,0.0,3.0,Yes,53354.0
PH100580,Apple,iPhone 13,41.0,46485.0,12.0,512.0,88.0,5.5,200.0,Good,10.0,3.0,Yes,39902.0
PH101302,OnePlus,OnePlus 11,49.0,135099.0,8.0,128.0,81.0,6.3,32.0,Good,12.0,1.0,Yes,62527.0
PH100257,Realme,Realme 11 Pro,21.0,29374.0,6.0,512.0,72.0,6.2,108.0,Excellent,19.0,1.0,Yes,35597.0
PH100809,Oppo,Vivo V29,46.0,49034.0,16.0,64.0,79.0,6.6,16.0,Good,5.0,1.0,Yes,21626.0
PH100136,Vivo,Vivo V29,54.0,111977.0,8.0,512.0,82.0,6.3,16.0,Good,14.0,3.0,Yes,50814.0
PH101111,Samsung,Galaxy A54,36.0,147150.0,8.0,256.0,75.0,6.0,200.0,Poor,21.0,3.0,Yes,55662.0
PH101582,Apple,Vivo V29,21.0,38928.0,12.0,512.0,98.0,5.8,200.0,Fair,17.0,3.0,Yes,47420.0
PH100940,Apple,Vivo V29,43.0,119445.0,6.0,64.0,86.0,6.6,12.0,Excellent,20.0,2.0,No,80609.0
PH100465,OnePlus,Vivo V29,43.0,85193.0,4.0,128.0,72.0,6.1,32.0,Fair,4.0,0.0,Yes,37736.0
PH100439,Realme,Redmi Note 13,22.0,73799.0,4.0,64.0,85.0,6.2,50.0,Good,12.0,0.0,No,45681.0
PH101345,Realme,Oppo Reno 10,19.0,77524.0,12.0,64.0,72.0,6.6,16.0,Excellent,3.0,3.0,No,46593.0
PH101048,Samsung,Oppo Reno 10,,123462.0,12.0,512.0,66.0,5.8,108.0,Fair,1.0,1.0,Yes,98193.0
PH100931,Realme,Oppo Reno 10,45.0,142035.0,16.0,128.0,77.0,6.6,108.0,Good,12.0,1.0,No,61182.0
PH100110,Realme,Oppo Reno 10,41.0,29413.0,4.0,128.0,89.0,5.9,108.0,Good,24.0,2.0,No,14256.0
PH100362,Samsung,iPhone 13,16.0,107989.0,16.0,512.0,78.0,6.1,32.0,Good,4.0,2.0,No,84751.0
PH100351,OnePlus,Pixel 7,36.0,125711.0,12.0,512.0,72.0,5.9,50.0,Excellent,18.0,3.0,Yes,77986.0
PH101633,Google,Realme 11 Pro,59.0,28766.0,4.0,64.0,89.0,6.7,32.0,Good,12.0,3.0,No,10129.0
PH101757,Samsung,Realme 11 Pro,57.0,68754.0,6.0,256.0,90.0,6.8,48.0,Good,9.0,3.0,Yes,26305.0
PH100621,OnePlus,Realme 11 Pro,12.0,111555.0,6.0,256.0,63.0,6.1,200.0,Fair,6.0,0.0,Yes,76733.0
PH100234,OnePlus,Redmi Note 13,40.0,45665.0,4.0,512.0,61.0,7.0,32.0,Fair,17.0,3.0,No,27267.0
PH101526,Xiaomi,Vivo V29,,117219.0,12.0,512.0,65.0,6.6,64.0,Good,13.0,3.0,Yes,51212.0
PH101428,Xiaomi,Galaxy A54,30.0,40756.0,6.0,64.0,94.0,6.0,12.0,Excellent,18.0,3.0,Yes,23735.0
PH100693,Vivo,OnePlus 11,50.0,57927.0,6.0,256.0,81.0,6.5,64.0,Good,24.0,2.0,Yes,30714.0
PH101926,Vivo,OnePlus 11,22.0,144624.0,16.0,128.0,80.0,6.4,32.0,Excellent,16.0,0.0,Yes,99846.0
PH100789,Google,iPhone 13,51.0,81443.0,6.0,128.0,91.0,6.0,50.0,Good,22.0,3.0,Yes,30650.0
PH101343,Realme,Pixel 7,24.0,65051.0,4.0,512.0,85.0,5.6,108.0,Good,12.0,0.0,Yes,51193.0
PH100882,Oppo,Vivo V29,35.0,72410.0,8.0,512.0,88.0,5.6,64.0,Fair,10.0,0.0,No,49028.0
PH100757,Apple,Galaxy A54,53.0,34553.0,6.0,256.0,63.0,6.2,48.0,Fair,23.0,3.0,No,22913.0
PH100480,OnePlus,Galaxy A54,57.0,76729.0,4.0,64.0,61.0,5.5,108.0,Fair,11.0,0.0,Yes,28102.0
PH100553,Vivo,Galaxy A54,53.0,83386.0,4.0,128.0,88.0,5.8,12.0,Excellent,17.0,0.0,No,41823.0
PH100248,Samsung,Realme 11 Pro,7.0,132018.0,6.0,512.0,77.0,6.1,64.0,Excellent,11.0,3.0,Yes,125374.0
PH101745,Oppo,Redmi Note 13,8.0,49333.0,4.0,128.0,82.0,6.7,108.0,Good,1.0,1.0,Yes,35746.0
PH100345,Xiaomi,Galaxy A54,53.0,88312.0,8.0,128.0,73.0,6.3,32.0,Excellent,23.0,1.0,Yes,40030.0
PH101860,Samsung,Vivo V29,41.0,88290.0,8.0,128.0,81.0,6.9,50.0,Excellent,24.0,2.0,Yes,50753.0
PH100568,Google,iPhone 13,46.0,76093.0,6.0,256.0,67.0,6.9,50.0,Fair,14.0,3.0,Yes,29986.0
PH100571,Oppo,iPhone 13,10.0,84307.0,6.0,128.0,90.0,5.8,32.0,Good,10.0,2.0,No,57492.0
PH100308,Apple,OnePlus 11,37.0,77901.0,4.0,64.0,89.0,6.9,50.0,Good,1.0,1.0,Yes,44986.0
PH101783,Google,Pixel 7,21.0,38081.0,16.0,64.0,75.0,6.4,50.0,Excellent,9.0,2.0,Yes,36401.0
PH100213,Vivo,iPhone 13,8.0,130094.0,12.0,64.0,67.0,6.7,108.0,Excellent,2.0,3.0,Yes,90620.0
PH100675,OnePlus,Redmi Note 13,57.0,116188.0,4.0,512.0,62.0,5.7,48.0,Good,7.0,3.0,No,42555.0
PH100905,Xiaomi,Pixel 7,50.0,40202.0,6.0,64.0,80.0,6.4,64.0,Excellent,13.0,3.0,Yes,14633.0
PH100232,OnePlus,Vivo V29,6.0,76925.0,6.0,512.0,61.0,6.3,108.0,Good,24.0,2.0,Yes,72270.0
PH100415,Xiaomi,iPhone 13,6.0,15327.0,4.0,256.0,80.0,5.6,108.0,Excellent,20.0,2.0,Yes,21846.0
PH101352,Google,Oppo Reno 10,27.0,21837.0,16.0,128.0,96.0,5.9,16.0,Good,24.0,1.0,Yes,23512.0
PH100282,OnePlus,Redmi Note 13,37.0,124701.0,6.0,64.0,72.0,6.6,64.0,Good,24.0,2.0,Yes,57378.0
PH101968,Google,OnePlus 11,27.0,54317.0,4.0,512.0,76.0,6.6,48.0,Fair,16.0,3.0,Yes,41287.0
PH101240,Xiaomi,Realme 11 Pro,19.0,86286.0,,512.0,86.0,6.5,50.0,Good,20.0,3.0,Yes,61909.0
PH100434,Google,Realme 11 Pro,52.0,123497.0,6.0,64.0,66.0,5.7,48.0,Good,11.0,1.0,Yes,46014.0
PH100050,Oppo,Vivo V29,16.0,103829.0,16.0,256.0,96.0,6.5,108.0,Good,2.0,2.0,No,75250.0
PH100298,Realme,Redmi Note 13,13.0,102880.0,4.0,64.0,83.0,5.9,12.0,Excellent,22.0,3.0,Yes,64070.0
PH101982,OnePlus,Galaxy A54,38.0,55617.0,4.0,128.0,69.0,7.0,12.0,Good,22.0,3.0,Yes,26559.0
PH100483,Vivo,Vivo V29,30.0,77982.0,4.0,128.0,66.0,6.2,50.0,Good,1.0,2.0,Yes,31223.0
PH100707,OnePlus,Vivo V29,6.0,88996.0,6.0,256.0,100.0,6.5,16.0,Good,19.0,2.0,Yes,80023.0
PH100775,,Pixel 7,51.0,87426.0,12.0,256.0,66.0,5.8,16.0,Good,21.0,0.0,Yes,61391.0
PH101126,Google,OnePlus 11,39.0,106913.0,12.0,64.0,71.0,6.7,16.0,Good,20.0,1.0,No,49822.0
PH101125,Oppo,Vivo V29,53.0,36704.0,6.0,256.0,75.0,6.9,16.0,Good,15.0,2.0,Yes,16749.0
PH101353,Realme,Galaxy A54,12.0,130128.0,16.0,256.0,66.0,5.7,108.0,Good,0.0,0.0,Yes,86361.0
PH100174,,iPhone 13,38.0,12192.0,8.0,512.0,86.0,6.6,50.0,Poor,18.0,0.0,No,28047.0
PH100810,Vivo,OnePlus 11,13.0,67468.0,16.0,128.0,66.0,5.7,108.0,Fair,9.0,1.0,Yes,43153.0
PH100430,OnePlus,Redmi Note 13,14.0,95014.0,12.0,64.0,70.0,6.1,50.0,Fair,9.0,1.0,No,62011.0
PH100496,Realme,Pixel 7,43.0,135728.0,4.0,128.0,95.0,5.8,16.0,Good,20.0,3.0,Yes,47253.0
PH101736,Google,iPhone 13,60.0,45686.0,12.0,64.0,81.0,6.0,64.0,Fair,15.0,1.0,Yes,23160.0
PH100238,Oppo,Redmi Note 13,29.0,143742.0,16.0,512.0,68.0,5.5,32.0,Good,12.0,2.0,Yes,85354.0
PH101748,Samsung,OnePlus 11,54.0,131875.0,12.0,256.0,66.0,6.1,200.0,,17.0,1.0,No,61245.0
PH100544,Apple,OnePlus 11,43.0,12336.0,6.0,128.0,62.0,5.8,64.0,Good,4.0,1.0,Yes,8758.0
PH100024,Google,Galaxy A54,20.0,124935.0,8.0,512.0,67.0,6.1,16.0,Fair,11.0,2.0,Yes,76300.0
PH101670,OnePlus,Pixel 7,7.0,15775.0,6.0,64.0,86.0,6.9,16.0,Excellent,18.0,2.0,Yes,14956.0
PH100064,Samsung,Pixel 7,53.0,118133.0,16.0,256.0,77.0,6.4,16.0,Excellent,11.0,0.0,Yes,60535.0
PH100631,Samsung,Redmi Note 13,11.0,32389.0,4.0,128.0,96.0,6.3,108.0,Good,5.0,0.0,Yes,28995.0
PH100189,Realme,iPhone 13,14.0,39048.0,16.0,256.0,69.0,6.6,50.0,Excellent,22.0,1.0,Yes,41763.0
PH101880,Samsung,Redmi Note 13,43.0,119215.0,12.0,128.0,97.0,5.9,12.0,Good,11.0,3.0,Yes,51378.0
PH100862,Samsung,Pixel 7,43.0,78253.0,4.0,512.0,85.0,5.9,32.0,Poor,6.0,3.0,Yes,36228.0
PH101678,Xiaomi,iPhone 13,50.0,138519.0,12.0,64.0,92.0,6.9,200.0,Good,16.0,2.0,Yes,53948.0
PH100369,Xiaomi,Vivo V29,28.0,75185.0,6.0,64.0,75.0,6.8,64.0,Excellent,10.0,3.0,Yes,41507.0
PH100271,Oppo,Vivo V29,14.0,45722.0,6.0,128.0,69.0,6.1,32.0,Good,16.0,3.0,Yes,31608.0
PH101618,Samsung,iPhone 13,3.0,107558.0,16.0,512.0,91.0,5.5,48.0,Fair,24.0,3.0,Yes,90108.0
PH100874,Samsung,OnePlus 11,54.0,98700.0,16.0,64.0,71.0,7.0,200.0,Good,0.0,3.0,Yes,34085.0
PH100197,Apple,Redmi Note 13,52.0,142830.0,16.0,64.0,72.0,5.6,12.0,Good,19.0,3.0,Yes,67007.0
PH100484,Oppo,Pixel 7,6.0,48683.0,4.0,256.0,85.0,6.3,200.0,Good,4.0,2.0,Yes,33468.0
PH101217,Oppo,Redmi Note 13,3.0,57436.0,12.0,128.0,83.0,7.0,12.0,Good,4.0,2.0,Yes,53019.0
PH101270,Apple,Oppo Reno 10,60.0,88382.0,12.0,512.0,95.0,6.8,32.0,Fair,20.0,2.0,No,41994.0
PH101273,Xiaomi,OnePlus 11,56.0,79616.0,6.0,64.0,82.0,5.7,32.0,Excellent,11.0,3.0,Yes,25033.0
PH101314,Vivo,Galaxy A54,24.0,128041.0,12.0,512.0,97.0,6.8,108.0,Good,11.0,3.0,No,86100.0
PH100101,Realme,Realme 11 Pro,24.0,145663.0,8.0,128.0,72.0,6.7,108.0,Good,24.0,2.0,Yes,82569.0
PH101829,Oppo,Vivo V29,54.0,26380.0,8.0,256.0,94.0,5.6,32.0,Excellent,1.0,2.0,Yes,21120.0
PH101588,Samsung,Pixel 7,28.0,48561.0,8.0,256.0,99.0,6.4,32.0,Good,16.0,3.0,No,35704.0
PH101969,Samsung,Oppo Reno 10,47.0,114489.0,12.0,256.0,63.0,6.8,16.0,Good,23.0,3.0,Yes,52326.0
PH100221,Xiaomi,Pixel 7,48.0,57095.0,4.0,256.0,85.0,6.8,64.0,Good,18.0,2.0,Yes,18851.0
PH100556,Google,Oppo Reno 10,43.0,89485.0,8.0,256.0,82.0,5.8,200.0,Good,0.0,1.0,Yes,40133.0
PH101674,,iPhone 13,52.0,95981.0,12.0,128.0,68.0,5.7,108.0,Excellent,11.0,0.0,Yes,46089.0
PH100481,OnePlus,Galaxy A54,9.0,66353.0,8.0,256.0,95.0,6.2,48.0,Good,20.0,3.0,Yes,59001.0
PH101677,Realme,Pixel 7,27.0,43105.0,4.0,256.0,73.0,6.3,200.0,Good,10.0,3.0,Yes,25885.0
PH101447,Google,Redmi Note 13,40.0,115889.0,8.0,128.0,94.0,6.1,48.0,Excellent,23.0,2.0,Yes,66272.0
PH100734,Google,OnePlus 11,14.0,86960.0,8.0,64.0,84.0,5.6,16.0,Good,19.0,1.0,Yes,66111.0
PH100758,Xiaomi,OnePlus 11,52.0,56036.0,12.0,64.0,87.0,6.9,48.0,Good,12.0,1.0,Yes,21234.0
PH100980,Oppo,Galaxy A54,16.0,144233.0,6.0,256.0,65.0,6.5,12.0,Excellent,8.0,1.0,No,95307.0
PH100612,Apple,Pixel 7,14.0,122529.0,6.0,128.0,78.0,5.8,48.0,Good,0.0,3.0,Yes,100685.0
PH101988,OnePlus,Galaxy A54,34.0,51041.0,16.0,128.0,90.0,6.5,108.0,Good,9.0,2.0,Yes,32810.0
PH100858,Xiaomi,Vivo V29,7.0,47739.0,12.0,64.0,89.0,5.5,64.0,Good,4.0,1.0,Yes,39512.0
PH100317,Xiaomi,iPhone 13,3.0,143040.0,6.0,64.0,90.0,6.9,12.0,Good,21.0,3.0,No,109648.0
PH100597,Vivo,Redmi Note 13,20.0,77727.0,4.0,128.0,69.0,5.8,48.0,Good,2.0,0.0,No,43271.0
PH101943,Oppo,Oppo Reno 10,35.0,24379.0,16.0,256.0,60.0,5.9,200.0,Good,24.0,2.0,Yes,30248.0
PH101508,Apple,Vivo V29,5.0,104759.0,,64.0,80.0,5.7,32.0,Fair,12.0,2.0,No,92889.0
PH101243,Realme,Pixel 7,12.0,98436.0,6.0,256.0,100.0,5.8,48.0,Poor,15.0,3.0,Yes,51947.0
PH101284,Samsung,Oppo Reno 10,34.0,102385.0,16.0,64.0,63.0,6.6,12.0,Fair,4.0,3.0,Yes,49498.0
PH100079,Realme,Realme 11 Pro,35.0,118616.0,12.0,256.0,86.0,5.5,32.0,Fair,11.0,1.0,Yes,50203.0
PH100839,OnePlus,Vivo V29,19.0,95136.0,16.0,128.0,64.0,6.8,16.0,Good,23.0,1.0,Yes,64278.0
PH100033,OnePlus,Realme 11 Pro,9.0,70671.0,16.0,256.0,77.0,6.9,16.0,Good,12.0,3.0,Yes,61956.0
PH100463,Oppo,Realme 11 Pro,49.0,97103.0,16.0,128.0,92.0,6.2,108.0,Fair,9.0,1.0,Yes,37041.0
PH100747,Xiaomi,Vivo V29,13.0,77333.0,8.0,256.0,90.0,6.9,48.0,Fair,7.0,3.0,Yes,38872.0
PH101848,Google,OnePlus 11,56.0,20997.0,12.0,64.0,79.0,6.9,12.0,Fair,,3.0,Yes,7921.0
PH100423,Oppo,Vivo V29,58.0,140308.0,16.0,256.0,,5.9,16.0,Fair,,0.0,No,50215.0
PH100164,OnePlus,OnePlus 11,7.0,131639.0,6.0,128.0,85.0,6.8,64.0,Poor,12.0,1.0,No,74383.0
PH100204,Samsung,Realme 11 Pro,57.0,54215.0,6.0,128.0,61.0,6.7,64.0,Good,1.0,3.0,Yes,16335.0
PH101415,Apple,Vivo V29,10.0,93533.0,16.0,64.0,92.0,5.9,200.0,Fair,2.0,3.0,Yes,71250.0
PH100290,Google,Galaxy A54,13.0,129603.0,6.0,64.0,100.0,6.6,200.0,Poor,0.0,0.0,Yes,69541.0
PH100938,Vivo,Vivo V29,14.0,53743.0,16.0,64.0,84.0,6.1,16.0,Poor,7.0,2.0,Yes,27854.0
PH100781,Samsung,Redmi Note 13,47.0,138278.0,8.0,256.0,96.0,6.8,64.0,Excellent,6.0,1.0,Yes,69760.0
PH100539,Vivo,Pixel 7,55.0,22878.0,4.0,64.0,70.0,5.8,48.0,Excellent,5.0,2.0,No,3000.0
PH101996,Samsung,Pixel 7,56.0,80367.0,4.0,256.0,92.0,6.1,48.0,Excellent,21.0,0.0,No,38038.0
PH100066,Apple,OnePlus 11,23.0,58218.0,8.0,128.0,98.0,5.9,64.0,Good,3.0,2.0,Yes,46143.0
PH101812,Samsung,Galaxy A54,58.0,31782.0,6.0,512.0,79.0,5.8,32.0,Good,14.0,0.0,No,32264.0
PH101455,Samsung,Realme 11 Pro,31.0,80116.0,16.0,128.0,95.0,5.7,108.0,Good,8.0,1.0,Yes,48975.0
PH101393,Google,iPhone 13,29.0,33650.0,6.0,128.0,87.0,6.2,108.0,Good,2.0,2.0,No,19554.0
PH100219,Google,Pixel 7,,14382.0,16.0,64.0,65.0,6.5,64.0,Excellent,,3.0,Yes,14694.0
PH101961,Apple,Vivo V29,50.0,77679.0,12.0,512.0,97.0,6.6,12.0,Poor,11.0,0.0,Yes,45745.0
PH101669,Realme,Pixel 7,43.0,130686.0,12.0,64.0,93.0,5.5,200.0,Good,20.0,3.0,Yes,45368.0
PH101327,Samsung,Redmi Note 13,46.0,148587.0,6.0,512.0,84.0,5.6,64.0,Fair,0.0,2.0,Yes,64836.0
PH100611,Vivo,Pixel 7,35.0,13051.0,4.0,128.0,71.0,7.0,12.0,Good,12.0,1.0,Yes,7602.0
PH100722,Xiaomi,Vivo V29,33.0,100020.0,12.0,128.0,64.0,6.3,50.0,Excellent,5.0,0.0,Yes,49881.0
PH100060,Vivo,Realme 11 Pro,39.0,142299.0,12.0,512.0,,6.9,16.0,Good,10.0,1.0,Yes,70370.0
PH101709,Google,Galaxy A54,59.0,141553.0,4.0,128.0,84.0,5.6,108.0,Fair,7.0,1.0,No,39387.0
PH101406,Google,Realme 11 Pro,12.0,40379.0,6.0,128.0,78.0,5.8,12.0,Good,18.0,3.0,Yes,38183.0
PH100074,Apple,iPhone 13,44.0,43707.0,16.0,128.0,62.0,5.7,48.0,Poor,16.0,3.0,Yes,30365.0
PH100163,Google,Redmi Note 13,21.0,96607.0,12.0,64.0,100.0,5.8,32.0,Good,23.0,3.0,Yes,65412.0
PH100367,Oppo,Oppo Reno 10,26.0,42908.0,16.0,512.0,100.0,5.6,200.0,Excellent,8.0,3.0,Yes,44151.0
PH100533,Samsung,Pixel 7,45.0,104446.0,8.0,128.0,90.0,7.0,16.0,Good,13.0,1.0,Yes,49052.0
PH100562,Xiaomi,OnePlus 11,13.0,64495.0,6.0,512.0,61.0,6.6,64.0,Excellent,6.0,3.0,No,50061.0
PH101826,Vivo,iPhone 13,21.0,126003.0,16.0,128.0,65.0,6.0,50.0,Good,1.0,0.0,Yes,77045.0
PH100603,OnePlus,Oppo Reno 10,20.0,70160.0,12.0,64.0,85.0,6.9,108.0,Excellent,19.0,1.0,Yes,59129.0
PH101965,Vivo,iPhone 13,38.0,49011.0,16.0,128.0,85.0,6.1,50.0,Good,4.0,0.0,No,29976.0
PH100046,OnePlus,Pixel 7,44.0,94409.0,4.0,64.0,88.0,6.2,108.0,Fair,9.0,3.0,No,32821.0
PH100979,Google,Galaxy A54,48.0,,6.0,128.0,71.0,5.7,48.0,Fair,13.0,1.0,No,17982.0
PH100355,Google,Oppo Reno 10,16.0,123585.0,4.0,256.0,95.0,5.6,16.0,Excellent,8.0,2.0,Yes,100920.0
PH101648,OnePlus,Galaxy A54,8.0,126165.0,16.0,256.0,71.0,5.6,108.0,Excellent,21.0,3.0,Yes,111794.0
PH101001,Oppo,Pixel 7,57.0,85034.0,16.0,128.0,66.0,6.9,50.0,Fair,1.0,3.0,Yes,21516.0
PH100077,OnePlus,OnePlus 11,24.0,88709.0,16.0,64.0,89.0,6.6,48.0,Good,22.0,3.0,No,52781.0
PH101947,Samsung,Galaxy A54,43.0,23049.0,12.0,512.0,71.0,6.6,48.0,Fair,4.0,1.0,Yes,25978.0
PH101789,Vivo,iPhone 13,21.0,133684.0,16.0,256.0,,5.6,108.0,Excellent,0.0,1.0,No,87852.0
PH100681,Google,Galaxy A54,46.0,37901.0,16.0,128.0,84.0,6.6,64.0,Excellent,21.0,0.0,No,31152.0
PH101332,Oppo,OnePlus 11,11.0,97058.0,6.0,256.0,81.0,6.0,108.0,Good,5.0,0.0,No,74248.0
PH100983,OnePlus,Galaxy A54,33.0,110064.0,4.0,256.0,88.0,5.5,32.0,Poor,13.0,1.0,Yes,50950.0
PH100394,Google,Realme 11 Pro,58.0,146327.0,4.0,512.0,76.0,6.9,48.0,Excellent,16.0,2.0,No,66238.0
PH100837,Xiaomi,Oppo Reno 10,30.0,55461.0,4.0,128.0,91.0,5.7,12.0,Good,0.0,0.0,No,32561.0
PH100031,,Realme 11 Pro,35.0,79087.0,8.0,64.0,90.0,6.9,16.0,Good,14.0,3.0,Yes,38207.0
PH101107,Vivo,Oppo Reno 10,45.0,76427.0,8.0,512.0,74.0,6.7,12.0,Good,17.0,0.0,No,45441.0
PH101612,Oppo,Redmi Note 13,29.0,103319.0,16.0,128.0,61.0,6.4,32.0,Excellent,3.0,1.0,No,56189.0
PH100716,Google,Realme 11 Pro,12.0,,8.0,128.0,71.0,5.8,32.0,Excellent,24.0,1.0,Yes,92255.0
PH100977,Google,OnePlus 11,11.0,140180.0,16.0,512.0,69.0,5.6,108.0,Good,6.0,3.0,No,114986.0
PH101557,Apple,Vivo V29,25.0,15084.0,16.0,64.0,99.0,7.0,48.0,Excellent,7.0,2.0,Yes,22571.0
PH100825,Google,iPhone 13,37.0,114266.0,8.0,64.0,60.0,6.0,16.0,Excellent,17.0,0.0,Yes,65525.0
PH101958,Xiaomi,Vivo V29,17.0,27896.0,8.0,64.0,98.0,6.8,48.0,Good,10.0,1.0,No,25976.0
PH101574,Oppo,Galaxy A54,13.0,72430.0,12.0,128.0,73.0,6.8,48.0,Good,24.0,1.0,Yes,51372.0
PH101977,Realme,Galaxy A54,11.0,33209.0,16.0,512.0,86.0,6.3,16.0,Fair,9.0,1.0,No,34117.0
PH100375,Samsung,iPhone 13,21.0,90824.0,4.0,128.0,63.0,6.0,12.0,Excellent,7.0,1.0,Yes,62426.0
PH101597,OnePlus,Pixel 7,17.0,67192.0,6.0,128.0,92.0,5.7,50.0,Excellent,22.0,0.0,Yes,64589.0
PH100045,OnePlus,Pixel 7,23.0,122317.0,8.0,64.0,75.0,6.4,32.0,Excellent,24.0,0.0,Yes,91277.0
PH101695,Vivo,Pixel 7,51.0,101156.0,4.0,256.0,99.0,6.4,12.0,Poor,23.0,2.0,Yes,31849.0
PH100169,Realme,Oppo Reno 10,12.0,142841.0,16.0,64.0,72.0,6.6,48.0,Fair,15.0,2.0,Yes,76666.0
PH100304,Oppo,Vivo V29,22.0,97679.0,4.0,512.0,96.0,5.5,108.0,Fair,23.0,0.0,No,59579.0
PH101966,Samsung,Pixel 7,36.0,91183.0,16.0,256.0,79.0,6.5,16.0,Good,20.0,3.0,Yes,54967.0
PH101614,Samsung,Redmi Note 13,60.0,147994.0,4.0,256.0,77.0,6.5,50.0,Fair,17.0,0.0,No,49889.0
PH101955,Xiaomi,Oppo Reno 10,27.0,32085.0,4.0,64.0,61.0,5.5,32.0,Excellent,24.0,2.0,No,18682.0
PH100620,Xiaomi,Realme 11 Pro,43.0,47944.0,8.0,512.0,67.0,7.0,16.0,Fair,14.0,2.0,Yes,28173.0
PH101436,Apple,Realme 11 Pro,58.0,111485.0,16.0,64.0,81.0,5.9,32.0,Fair,3.0,2.0,Yes,40276.0
PH100721,Apple,Oppo Reno 10,49.0,43417.0,8.0,128.0,81.0,6.6,108.0,Good,22.0,0.0,Yes,34592.0
PH101774,OnePlus,Pixel 7,16.0,53081.0,4.0,64.0,100.0,6.1,64.0,Fair,1.0,0.0,Yes,30330.0
PH101320,Xiaomi,iPhone 13,31.0,12924.0,12.0,128.0,60.0,5.6,108.0,Good,7.0,3.0,Yes,10415.0
PH100594,OnePlus,OnePlus 11,49.0,119228.0,8.0,64.0,77.0,5.7,64.0,Excellent,12.0,2.0,No,47587.0
PH101970,Samsung,iPhone 13,30.0,52096.0,8.0,64.0,64.0,6.1,16.0,Excellent,20.0,1.0,Yes,38550.0
PH101293,OnePlus,Galaxy A54,14.0,41793.0,6.0,512.0,62.0,6.6,48.0,,0.0,1.0,Yes,36809.0
PH101613,Google,Realme 11 Pro,6.0,128582.0,8.0,128.0,95.0,6.2,200.0,Good,,1.0,Yes,115975.0
PH101090,Apple,OnePlus 11,24.0,122674.0,6.0,512.0,74.0,6.7,16.0,Excellent,15.0,3.0,Yes,103366.0
PH100508,Xiaomi,Oppo Reno 10,28.0,15262.0,6.0,64.0,85.0,6.6,64.0,Good,9.0,2.0,No,5489.0
PH100186,Vivo,Redmi Note 13,44.0,133948.0,16.0,128.0,68.0,6.6,32.0,Good,0.0,0.0,Yes,59092.0
PH100652,Google,Vivo V29,45.0,22703.0,8.0,256.0,88.0,6.3,200.0,Good,20.0,3.0,Yes,23172.0
PH100428,OnePlus,Vivo V29,50.0,103036.0,16.0,64.0,75.0,6.7,16.0,Good,14.0,0.0,No,46476.0
PH100487,Xiaomi,Oppo Reno 10,47.0,18587.0,12.0,128.0,62.0,6.1,200.0,Good,13.0,2.0,No,10351.0
PH101221,Samsung,Oppo Reno 10,37.0,17867.0,6.0,128.0,89.0,6.7,108.0,Good,13.0,1.0,Yes,15236.0
PH100301,Samsung,Galaxy A54,29.0,92764.0,8.0,128.0,72.0,6.5,108.0,Good,23.0,0.0,Yes,64033.0
PH101051,Apple,Pixel 7,22.0,101745.0,16.0,128.0,82.0,5.5,48.0,Excellent,6.0,3.0,Yes,89976.0
PH100742,Oppo,iPhone 13,7.0,78125.0,12.0,512.0,65.0,5.6,200.0,Excellent,12.0,2.0,Yes,75508.0
PH100555,Samsung,Galaxy A54,57.0,117750.0,4.0,64.0,85.0,5.9,64.0,Good,20.0,2.0,Yes,45303.0
PH101624,OnePlus,Pixel 7,38.0,86694.0,8.0,512.0,76.0,6.3,12.0,Excellent,22.0,3.0,No,59398.0
PH101672,Vivo,iPhone 13,25.0,135800.0,4.0,64.0,91.0,6.3,64.0,Good,24.0,2.0,No,74599.0
PH101963,Apple,Galaxy A54,58.0,147654.0,4.0,512.0,70.0,6.6,32.0,Good,7.0,0.0,Yes,65203.0
PH101385,Samsung,Galaxy A54,54.0,135246.0,16.0,128.0,63.0,6.6,108.0,Excellent,9.0,0.0,Yes,58599.0
PH100999,Google,iPhone 13,42.0,53777.0,6.0,64.0,76.0,5.8,16.0,Excellent,7.0,3.0,Yes,25104.0
PH100176,Oppo,Realme 11 Pro,23.0,51082.0,8.0,256.0,73.0,6.6,64.0,Poor,10.0,2.0,Yes,19971.0
PH100582,Samsung,Realme 11 Pro,60.0,58922.0,4.0,512.0,93.0,6.5,108.0,Fair,7.0,1.0,Yes,24725.0
PH101481,Xiaomi,Oppo Reno 10,24.0,114552.0,,512.0,72.0,6.6,48.0,Good,19.0,1.0,No,78740.0
PH101733,Realme,Vivo V29,3.0,143300.0,16.0,512.0,81.0,6.8,32.0,Fair,10.0,3.0,Yes,95481.0
PH100124,Realme,Galaxy A54,22.0,13700.0,4.0,128.0,91.0,6.9,32.0,Poor,14.0,1.0,Yes,8920.0
PH100454,Oppo,Redmi Note 13,10.0,27735.0,12.0,256.0,99.0,5.9,12.0,Excellent,10.0,0.0,Yes,34752.0
PH100412,Google,Redmi Note 13,32.0,71546.0,16.0,64.0,68.0,6.7,32.0,Excellent,22.0,2.0,Yes,50540.0
PH101007,OnePlus,iPhone 13,4.0,15009.0,12.0,512.0,74.0,6.9,50.0,Good,16.0,2.0,Yes,33570.0
PH100040,Xiaomi,Realme 11 Pro,22.0,112297.0,6.0,64.0,73.0,6.9,200.0,Excellent,19.0,1.0,Yes,66193.0
PH100807,Google,Vivo V29,46.0,50084.0,12.0,64.0,98.0,6.2,32.0,Excellent,12.0,1.0,Yes,33582.0
PH101924,Xiaomi,Realme 11 Pro,43.0,45324.0,6.0,64.0,83.0,6.0,48.0,Fair,2.0,0.0,No,19635.0
PH100332,Samsung,iPhone 13,55.0,91818.0,16.0,64.0,70.0,6.0,12.0,Fair,16.0,3.0,No,30841.0
PH101652,Oppo,Realme 11 Pro,42.0,116718.0,6.0,64.0,70.0,6.4,64.0,Excellent,2.0,3.0,No,45141.0
PH100195,Realme,Galaxy A54,5.0,147506.0,16.0,512.0,85.0,6.8,64.0,Good,16.0,0.0,Yes,121449.0
PH100536,Oppo,Realme 11 Pro,28.0,23669.0,12.0,128.0,81.0,6.8,200.0,Fair,20.0,3.0,No,18138.0
PH101572,Google,Oppo Reno 10,6.0,63415.0,16.0,64.0,86.0,6.5,64.0,Excellent,16.0,2.0,Yes,64034.0
PH101739,Realme,Realme 11 Pro,19.0,145881.0,16.0,512.0,72.0,5.6,200.0,Good,20.0,3.0,No,88334.0
PH100323,OnePlus,iPhone 13,60.0,26908.0,12.0,512.0,77.0,5.7,12.0,Fair,2.0,2.0,No,22962.0
PH101386,OnePlus,Oppo Reno 10,43.0,96817.0,8.0,512.0,61.0,6.7,200.0,Fair,3.0,0.0,Yes,50990.0
PH100267,OnePlus,OnePlus 11,26.0,51178.0,6.0,512.0,96.0,6.9,50.0,Good,1.0,0.0,Yes,50495.0
PH100671,Samsung,Redmi Note 13,20.0,89525.0,12.0,64.0,85.0,6.7,200.0,Good,3.0,3.0,Yes,58281.0
PH101451,Google,OnePlus 11,8.0,33638.0,8.0,64.0,92.0,6.6,108.0,Good,23.0,2.0,Yes,36616.0
PH100068,,Vivo V29,59.0,19352.0,12.0,64.0,95.0,6.9,108.0,Good,0.0,1.0,Yes,16434.0
PH101260,Xiaomi,Realme 11 Pro,40.0,85984.0,8.0,256.0,77.0,5.6,200.0,Poor,11.0,0.0,Yes,31659.0
PH100549,Apple,Oppo Reno 10,43.0,125936.0,6.0,256.0,84.0,5.5,108.0,Excellent,15.0,2.0,Yes,76934.0
PH101803,Xiaomi,Oppo Reno 10,45.0,14895.0,12.0,256.0,72.0,6.0,64.0,Good,18.0,0.0,Yes,12083.0
PH100986,Apple,Oppo Reno 10,37.0,43831.0,6.0,512.0,83.0,6.1,32.0,Excellent,24.0,0.0,Yes,42640.0
PH101418,Realme,iPhone 13,45.0,34837.0,16.0,512.0,87.0,6.9,200.0,Fair,6.0,0.0,Yes,35355.0
PH101705,Xiaomi,Realme 11 Pro,13.0,113025.0,8.0,64.0,78.0,5.7,32.0,Good,19.0,2.0,Yes,72637.0
PH101432,Vivo,iPhone 13,18.0,42341.0,8.0,512.0,69.0,5.7,48.0,Good,2.0,0.0,Yes,43237.0
PH101638,Vivo,Galaxy A54,54.0,46159.0,12.0,256.0,73.0,6.0,12.0,,16.0,1.0,No,23404.0
PH101817,Apple,Redmi Note 13,,90863.0,12.0,512.0,97.0,6.6,48.0,Fair,24.0,3.0,No,90976.0
PH100906,Apple,Realme 11 Pro,11.0,73692.0,4.0,128.0,69.0,5.8,48.0,Poor,24.0,3.0,Yes,50706.0
PH101182,Google,Redmi Note 13,15.0,102477.0,6.0,512.0,64.0,6.8,108.0,Good,21.0,1.0,Yes,84439.0
PH101658,Xiaomi,OnePlus 11,5.0,79443.0,6.0,128.0,92.0,6.4,32.0,Good,7.0,1.0,No,58902.0
PH100991,,Oppo Reno 10,47.0,23984.0,12.0,64.0,96.0,6.8,16.0,Fair,12.0,1.0,Yes,17702.0
PH101517,Realme,Redmi Note 13,57.0,70755.0,8.0,512.0,72.0,5.5,32.0,Poor,16.0,0.0,Yes,36210.0
PH100893,Samsung,iPhone 13,55.0,148949.0,16.0,256.0,93.0,6.7,50.0,Fair,1.0,3.0,No,52484.0
PH100417,Vivo,Oppo Reno 10,10.0,,8.0,128.0,92.0,6.1,12.0,Good,15.0,1.0,Yes,92042.0
PH101845,Oppo,Oppo Reno 10,30.0,125793.0,12.0,512.0,85.0,6.4,16.0,Good,23.0,0.0,Yes,85782.0
PH101554,OnePlus,iPhone 13,47.0,109462.0,6.0,512.0,88.0,5.9,32.0,Excellent,13.0,0.0,No,66788.0
PH101603,Apple,Vivo V29,43.0,84573.0,12.0,256.0,72.0,5.6,16.0,Excellent,15.0,3.0,Yes,54218.0
PH101683,Vivo,Redmi Note 13,50.0,19951.0,6.0,512.0,72.0,6.8,12.0,Excellent,9.0,0.0,Yes,20384.0
PH100889,OnePlus,Vivo V29,53.0,59365.0,12.0,256.0,90.0,5.8,32.0,Excellent,13.0,0.0,Yes,37058.0
PH100744,Vivo,Vivo V29,58.0,73602.0,4.0,128.0,78.0,6.1,12.0,Good,18.0,2.0,Yes,28397.0
PH100545,Samsung,Oppo Reno 10,11.0,54933.0,6.0,256.0,75.0,6.6,48.0,Fair,4.0,3.0,Yes,42481.0
PH101934,Xiaomi,OnePlus 11,55.0,125627.0,16.0,128.0,90.0,6.7,16.0,Good,7.0,1.0,No,46664.0
PH100907,Apple,Pixel 7,10.0,32855.0,16.0,512.0,79.0,5.7,200.0,Good,9.0,1.0,No,51975.0
PH100932,OnePlus,Realme 11 Pro,5.0,91507.0,16.0,128.0,85.0,5.8,16.0,Good,15.0,3.0,Yes,75296.0
PH100262,Oppo,Pixel 7,49.0,99796.0,8.0,512.0,88.0,6.3,48.0,Good,23.0,3.0,No,47418.0
PH100591,Samsung,iPhone 13,49.0,125502.0,16.0,128.0,84.0,5.6,50.0,Excellent,21.0,2.0,No,63992.0
PH100989,Apple,Redmi Note 13,16.0,124025.0,4.0,128.0,75.0,6.7,108.0,Fair,19.0,0.0,Yes,96635.0
PH100241,Apple,Galaxy A54,5.0,104067.0,8.0,128.0,87.0,6.2,32.0,Good,7.0,0.0,Yes,108363.0
PH101475,Google,Vivo V29,45.0,84572.0,16.0,512.0,68.0,5.8,48.0,Excellent,8.0,1.0,Yes,59428.0
PH100706,Vivo,iPhone 13,9.0,32922.0,8.0,64.0,98.0,6.7,108.0,Good,7.0,1.0,Yes,28219.0
PH101663,OnePlus,Oppo Reno 10,30.0,114478.0,8.0,256.0,65.0,6.2,48.0,Excellent,10.0,0.0,Yes,78380.0
PH101101,Xiaomi,Redmi Note 13,59.0,91788.0,6.0,128.0,77.0,6.8,108.0,Excellent,2.0,1.0,Yes,21820.0
PH101053,Xiaomi,OnePlus 11,52.0,148319.0,8.0,256.0,60.0,7.0,50.0,Good,7.0,0.0,Yes,53078.0
PH100366,Realme,Realme 11 Pro,42.0,26026.0,16.0,256.0,99.0,6.5,16.0,Good,15.0,2.0,No,22222.0
PH101037,Google,Galaxy A54,59.0,130843.0,6.0,64.0,95.0,5.8,108.0,Good,4.0,3.0,Yes,37411.0
PH101784,Oppo,Pixel 7,8.0,36354.0,6.0,64.0,69.0,6.5,108.0,Good,20.0,0.0,Yes,32813.0
PH100600,Oppo,Redmi Note 13,32.0,116135.0,12.0,512.0,66.0,7.0,48.0,Fair,10.0,2.0,No,59132.0
PH101337,Xiaomi,iPhone 13,22.0,54674.0,12.0,256.0,62.0,6.4,16.0,Fair,21.0,0.0,Yes,37664.0
PH100515,Apple,Galaxy A54,31.0,101499.0,12.0,256.0,68.0,6.1,200.0,Good,14.0,2.0,Yes,72360.0
PH100592,Google,iPhone 13,25.0,34800.0,12.0,512.0,80.0,6.9,48.0,Good,8.0,1.0,Yes,42857.0
PH100072,Apple,Redmi Note 13,55.0,113948.0,8.0,128.0,64.0,6.6,200.0,Good,23.0,2.0,Yes,53405.0
PH101024,Apple,OnePlus 11,41.0,133585.0,12.0,512.0,90.0,6.2,64.0,Excellent,22.0,0.0,Yes,105969.0
PH100260,Xiaomi,Redmi Note 13,13.0,135683.0,16.0,512.0,81.0,5.9,16.0,Good,19.0,1.0,Yes,99915.0
PH100052,Oppo,Realme 11 Pro,39.0,98664.0,6.0,64.0,84.0,6.4,16.0,Good,6.0,2.0,Yes,41374.0
PH100199,,Oppo Reno 10,42.0,16234.0,6.0,128.0,60.0,6.8,200.0,Fair,6.0,0.0,Yes,14548.0
PH101241,Vivo,Oppo Reno 10,38.0,28122.0,16.0,128.0,82.0,6.3,16.0,Excellent,20.0,2.0,Yes,19506.0
PH101387,Samsung,Galaxy A54,13.0,81806.0,8.0,512.0,62.0,6.9,200.0,Excellent,9.0,2.0,Yes,77138.0
PH100333,OnePlus,Oppo Reno 10,48.0,126589.0,12.0,128.0,63.0,6.3,12.0,Fair,15.0,1.0,Yes,48898.0
PH101379,Oppo,Oppo Reno 10,52.0,116215.0,6.0,512.0,82.0,6.0,32.0,Good,17.0,2.0,No,47647.0
PH101768,Samsung,Vivo V29,51.0,90282.0,16.0,64.0,74.0,5.8,108.0,Excellent,19.0,3.0,Yes,46947.0
PH101461,Vivo,OnePlus 11,18.0,79163.0,6.0,64.0,92.0,5.7,64.0,Excellent,22.0,3.0,No,52628.0
PH100589,OnePlus,iPhone 13,32.0,64265.0,16.0,512.0,77.0,6.7,108.0,Excellent,10.0,0.0,No,54668.0
PH100974,Xiaomi,Realme 11 Pro,4.0,112766.0,16.0,256.0,73.0,5.8,16.0,Excellent,1.0,3.0,No,89368.0
PH100586,Realme,iPhone 13,29.0,101037.0,6.0,64.0,66.0,6.5,16.0,Excellent,21.0,1.0,Yes,52846.0
PH101742,Apple,iPhone 13,31.0,83927.0,12.0,256.0,92.0,6.0,64.0,Excellent,0.0,2.0,Yes,71595.0
PH101038,Realme,OnePlus 11,27.0,40992.0,12.0,128.0,97.0,6.9,32.0,Fair,12.0,2.0,Yes,27796.0
PH101069,Vivo,OnePlus 11,14.0,21615.0,4.0,256.0,65.0,6.6,48.0,Good,23.0,1.0,Yes,22937.0
PH100427,Samsung,Realme 11 Pro,51.0,47903.0,4.0,512.0,87.0,6.9,64.0,Excellent,13.0,3.0,Yes,35020.0
PH100577,Vivo,Galaxy A54,35.0,65664.0,4.0,64.0,91.0,6.6,50.0,Good,3.0,2.0,No,27420.0
PH101904,Vivo,Galaxy A54,12.0,27479.0,12.0,256.0,93.0,5.6,200.0,Poor,12.0,1.0,No,31593.0
PH101263,Realme,Galaxy A54,57.0,17209.0,8.0,256.0,79.0,5.8,48.0,Fair,3.0,1.0,Yes,6398.0
PH101002,Realme,iPhone 13,36.0,116940.0,12.0,64.0,81.0,6.8,12.0,Excellent,0.0,3.0,Yes,48606.0
PH101641,OnePlus,iPhone 13,7.0,41086.0,16.0,256.0,62.0,6.6,50.0,Fair,6.0,0.0,No,40646.0
PH100939,Oppo,Galaxy A54,4.0,142193.0,6.0,128.0,86.0,6.4,200.0,Excellent,14.0,0.0,No,117633.0
PH100479,Samsung,Oppo Reno 10,6.0,43379.0,6.0,128.0,88.0,6.9,32.0,Fair,14.0,0.0,Yes,39779.0
PH100737,OnePlus,Realme 11 Pro,33.0,59111.0,6.0,128.0,,6.6,200.0,Good,11.0,1.0,Yes,31169.0
PH100399,Google,Redmi Note 13,19.0,35989.0,6.0,256.0,72.0,5.7,108.0,Good,11.0,3.0,Yes,29205.0
PH101575,Google,Realme 11 Pro,58.0,13515.0,6.0,64.0,92.0,6.6,108.0,Poor,15.0,2.0,Yes,9854.0
PH100437,Google,Oppo Reno 10,7.0,77149.0,16.0,256.0,68.0,5.9,64.0,Excellent,11.0,3.0,Yes,70864.0
PH100193,Samsung,iPhone 13,5.0,12717.0,12.0,256.0,86.0,5.7,108.0,Good,23.0,1.0,Yes,27945.0
PH101456,Vivo,Pixel 7,36.0,14159.0,16.0,256.0,76.0,6.0,12.0,Excellent,16.0,2.0,Yes,18508.0
PH100850,Oppo,iPhone 13,49.0,90537.0,16.0,256.0,62.0,6.5,108.0,Poor,6.0,0.0,Yes,33395.0
PH100293,Samsung,Redmi Note 13,50.0,137814.0,16.0,512.0,65.0,6.2,200.0,Fair,7.0,2.0,No,58721.0
PH100950,Vivo,OnePlus 11,52.0,143763.0,4.0,256.0,83.0,6.3,200.0,Fair,7.0,1.0,Yes,46492.0
PH101482,Vivo,Realme 11 Pro,31.0,73360.0,8.0,512.0,80.0,5.9,108.0,Good,15.0,0.0,Yes,56874.0
PH101657,Apple,Vivo V29,22.0,118337.0,12.0,256.0,84.0,6.6,64.0,Good,21.0,1.0,Yes,99474.0
PH101976,Samsung,Redmi Note 13,51.0,37739.0,12.0,512.0,88.0,6.5,12.0,Good,12.0,3.0,Yes,28471.0
PH101665,Xiaomi,Vivo V29,40.0,126012.0,8.0,512.0,74.0,6.9,50.0,Poor,12.0,3.0,Yes,49098.0
PH100142,Samsung,iPhone 13,60.0,109406.0,16.0,128.0,94.0,5.6,108.0,Good,7.0,2.0,No,40222.0
PH100746,Apple,Oppo Reno 10,5.0,61223.0,12.0,512.0,84.0,6.3,16.0,Fair,0.0,3.0,Yes,61229.0
PH100003,Vivo,Oppo Reno 10,37.0,142970.0,6.0,256.0,80.0,6.9,12.0,Good,,1.0,Yes,63703.0
PH100766,Xiaomi,OnePlus 11,39.0,141036.0,4.0,64.0,92.0,6.4,12.0,Fair,13.0,0.0,Yes,48665.0
PH101978,Xiaomi,Pixel 7,38.0,119051.0,6.0,512.0,77.0,5.7,200.0,Good,8.0,1.0,No,54472.0
PH101176,Realme,iPhone 13,43.0,98133.0,6.0,512.0,83.0,6.5,50.0,Fair,1.0,3.0,Yes,36502.0
PH100340,OnePlus,Vivo V29,11.0,108462.0,16.0,256.0,60.0,6.1,12.0,Good,2.0,0.0,Yes,82269.0
PH101462,Vivo,Vivo V29,4.0,63137.0,12.0,128.0,89.0,5.8,16.0,Excellent,20.0,2.0,Yes,60666.0
PH100409,OnePlus,Realme 11 Pro,37.0,51350.0,12.0,256.0,87.0,6.4,108.0,Fair,11.0,2.0,Yes,30661.0
PH101287,Apple,Oppo Reno 10,35.0,103321.0,,64.0,70.0,5.9,64.0,Good,2.0,2.0,Yes,60129.0
PH100266,Apple,Vivo V29,23.0,130028.0,12.0,64.0,78.0,6.1,50.0,Good,20.0,0.0,Yes,98021.0
PH100377,OnePlus,Redmi Note 13,53.0,12917.0,4.0,512.0,66.0,6.1,32.0,Excellent,19.0,1.0,No,21978.0
PH100702,Google,Redmi Note 13,36.0,98207.0,16.0,512.0,77.0,5.7,32.0,Excellent,22.0,0.0,No,73799.0
PH100994,OnePlus,iPhone 13,47.0,19135.0,4.0,64.0,93.0,5.9,50.0,Excellent,18.0,3.0,Yes,3000.0
PH100440,Xiaomi,Redmi Note 13,39.0,102221.0,4.0,256.0,82.0,6.0,48.0,Good,7.0,1.0,Yes,49224.0
PH100272,Google,Vivo V29,30.0,22625.0,12.0,256.0,,6.7,16.0,Good,15.0,2.0,No,24328.0
PH100185,Samsung,Vivo V29,20.0,71191.0,16.0,512.0,90.0,6.8,12.0,Good,6.0,1.0,Yes,64023.0
PH101245,Realme,OnePlus 11,27.0,40633.0,12.0,256.0,66.0,5.7,64.0,Good,18.0,3.0,Yes,19669.0
PH100245,Realme,OnePlus 11,22.0,89299.0,16.0,512.0,84.0,6.3,64.0,Good,9.0,1.0,Yes,63096.0
PH100614,Apple,OnePlus 11,53.0,90116.0,16.0,256.0,91.0,6.0,108.0,Good,8.0,1.0,Yes,49268.0
PH101118,Vivo,iPhone 13,15.0,117058.0,12.0,64.0,89.0,6.2,16.0,Good,6.0,3.0,Yes,75079.0
PH100446,Xiaomi,Vivo V29,11.0,28351.0,6.0,256.0,90.0,5.6,32.0,Good,6.0,2.0,Yes,25394.0
PH100608,Google,Galaxy A54,42.0,22234.0,4.0,256.0,94.0,5.8,200.0,Good,13.0,3.0,No,15843.0
PH100875,Apple,Pixel 7,34.0,108758.0,4.0,512.0,79.0,6.8,48.0,Good,24.0,1.0,Yes,85034.0
PH101740,Xiaomi,OnePlus 11,36.0,54818.0,16.0,64.0,87.0,5.8,108.0,Excellent,22.0,2.0,No,32750.0
PH101764,Realme,OnePlus 11,34.0,,8.0,64.0,81.0,6.4,108.0,Excellent,10.0,3.0,No,29039.0
PH101291,Samsung,Realme 11 Pro,54.0,39843.0,6.0,128.0,76.0,6.2,200.0,Fair,20.0,0.0,Yes,24756.0
PH100694,OnePlus,OnePlus 11,34.0,54946.0,16.0,64.0,63.0,7.0,64.0,Good,5.0,1.0,No,36051.0
PH100416,Samsung,iPhone 13,30.0,132318.0,16.0,64.0,94.0,5.6,64.0,Excellent,18.0,0.0,Yes,90638.0
PH100274,Google,iPhone 13,28.0,122986.0,8.0,64.0,67.0,5.8,50.0,Excellent,23.0,3.0,Yes,81181.0
PH100745,Xiaomi,Vivo V29,26.0,54222.0,8.0,64.0,93.0,5.7,48.0,Excellent,1.0,2.0,No,28958.0
PH101972,Vivo,Oppo Reno 10,51.0,64344.0,4.0,256.0,69.0,6.8,50.0,Good,9.0,3.0,Yes,30204.0
PH101476,Google,Redmi Note 13,41.0,51255.0,6.0,128.0,66.0,6.1,50.0,Good,4.0,1.0,Yes,25435.0
PH100251,Oppo,Vivo V29,31.0,98598.0,12.0,128.0,67.0,5.8,64.0,Poor,8.0,3.0,No,27686.0
PH100414,Samsung,Realme 11 Pro,6.0,100151.0,6.0,128.0,74.0,5.7,32.0,Fair,15.0,1.0,Yes,74279.0
PH100629,Realme,iPhone 13,53.0,147639.0,12.0,512.0,63.0,5.6,50.0,Excellent,3.0,2.0,Yes,58111.0
PH101420,Samsung,Realme 11 Pro,35.0,32923.0,4.0,256.0,81.0,6.9,50.0,Good,0.0,2.0,Yes,23808.0
PH101238,Google,Redmi Note 13,4.0,12507.0,16.0,256.0,74.0,6.6,48.0,Excellent,21.0,1.0,No,27474.0
PH100311,Google,Oppo Reno 10,30.0,90278.0,4.0,512.0,94.0,6.3,16.0,Good,3.0,0.0,Yes,61291.0
PH100583,OnePlus,iPhone 13,7.0,25409.0,12.0,64.0,96.0,5.5,50.0,Good,4.0,2.0,Yes,22722.0
PH100382,Oppo,Galaxy A54,30.0,28999.0,4.0,128.0,62.0,6.4,50.0,Excellent,24.0,3.0,Yes,19522.0
PH101842,Oppo,Realme 11 Pro,35.0,122776.0,16.0,512.0,66.0,6.3,50.0,Fair,,3.0,Yes,59779.0
PH100426,Vivo,Realme 11 Pro,31.0,90768.0,8.0,128.0,82.0,5.7,200.0,Fair,24.0,3.0,Yes,40436.0
PH101905,Realme,Redmi Note 13,36.0,131392.0,12.0,64.0,71.0,6.8,48.0,Good,9.0,1.0,Yes,55034.0
PH101838,OnePlus,Oppo Reno 10,29.0,61699.0,6.0,64.0,86.0,6.0,64.0,Good,3.0,2.0,Yes,25812.0
PH101171,Google,Redmi Note 13,50.0,108907.0,6.0,256.0,88.0,6.2,32.0,Good,0.0,2.0,Yes,43832.0
PH101375,Xiaomi,Oppo Reno 10,49.0,94733.0,8.0,64.0,97.0,6.9,200.0,Good,23.0,3.0,Yes,40512.0
PH100708,Google,iPhone 13,39.0,42266.0,6.0,512.0,63.0,5.5,16.0,Fair,17.0,1.0,Yes,32605.0
PH101600,Vivo,Galaxy A54,47.0,88106.0,6.0,256.0,97.0,6.6,50.0,Fair,12.0,1.0,No,41068.0
PH101487,Realme,Oppo Reno 10,12.0,77756.0,12.0,128.0,61.0,5.8,16.0,Good,,2.0,Yes,45507.0
PH100927,Vivo,OnePlus 11,34.0,146164.0,8.0,256.0,75.0,5.5,108.0,Good,13.0,3.0,Yes,63624.0
PH101617,Realme,Redmi Note 13,39.0,64949.0,8.0,128.0,77.0,5.8,108.0,Fair,18.0,0.0,No,29028.0
PH100183,Oppo,Realme 11 Pro,48.0,54056.0,12.0,128.0,78.0,6.5,64.0,Good,12.0,1.0,Yes,18705.0
PH100171,Google,Redmi Note 13,26.0,148198.0,16.0,64.0,64.0,6.0,32.0,Fair,3.0,2.0,Yes,74246.0
PH100573,Samsung,Galaxy A54,55.0,43923.0,8.0,512.0,80.0,5.7,64.0,Excellent,8.0,2.0,Yes,27009.0
PH101252,Oppo,Realme 11 Pro,,128843.0,12.0,64.0,75.0,5.7,48.0,Fair,21.0,1.0,No,47340.0
PH101907,Vivo,Redmi Note 13,37.0,31585.0,16.0,64.0,74.0,5.6,108.0,Fair,23.0,1.0,Yes,22505.0
PH101293,OnePlus,Galaxy A54,14.0,41793.0,6.0,512.0,62.0,6.6,48.0,,0.0,1.0,Yes,36809.0
PH101382,OnePlus,OnePlus 11,52.0,52644.0,12.0,256.0,87.0,6.2,12.0,Good,7.0,2.0,No,25797.0
PH101731,Oppo,Oppo Reno 10,41.0,124652.0,6.0,64.0,95.0,6.7,50.0,Excellent,15.0,2.0,No,62146.0
PH100273,Google,Galaxy A54,32.0,18859.0,16.0,256.0,65.0,6.7,108.0,Poor,12.0,1.0,Yes,15881.0
PH101573,Oppo,Pixel 7,7.0,80968.0,6.0,512.0,73.0,6.0,48.0,Good,13.0,0.0,No,75390.0
PH100705,Vivo,OnePlus 11,39.0,141572.0,16.0,128.0,70.0,6.9,32.0,Good,14.0,1.0,Yes,65185.0
PH101562,OnePlus,Pixel 7,7.0,89506.0,16.0,128.0,79.0,5.9,16.0,Excellent,21.0,2.0,No,86884.0
PH100372,Google,OnePlus 11,24.0,128136.0,12.0,64.0,91.0,6.9,32.0,Excellent,8.0,1.0,Yes,89043.0
PH100223,Oppo,Oppo Reno 10,18.0,39197.0,16.0,128.0,87.0,5.5,64.0,Good,9.0,1.0,Yes,31416.0
PH101809,OnePlus,Galaxy A54,46.0,97382.0,16.0,256.0,93.0,5.7,16.0,Poor,13.0,0.0,Yes,39870.0
PH100945,Vivo,OnePlus 11,59.0,76140.0,12.0,64.0,68.0,7.0,16.0,Excellent,,0.0,Yes,29489.0
PH100793,Vivo,Galaxy A54,24.0,126527.0,4.0,512.0,91.0,6.3,108.0,Good,4.0,0.0,Yes,83228.0
PH100519,Google,Oppo Reno 10,42.0,141631.0,4.0,256.0,64.0,6.9,32.0,Good,16.0,2.0,Yes,68114.0
PH100335,Oppo,Vivo V29,16.0,18644.0,6.0,128.0,91.0,6.0,16.0,Good,9.0,2.0,No,18606.0
PH101310,OnePlus,iPhone 13,27.0,108452.0,6.0,64.0,61.0,6.0,48.0,Fair,10.0,1.0,Yes,59212.0
PH101685,Realme,OnePlus 11,56.0,31065.0,16.0,256.0,79.0,6.8,64.0,Good,9.0,0.0,Yes,27275.0
PH101424,Realme,Vivo V29,15.0,54422.0,16.0,64.0,66.0,7.0,16.0,Excellent,22.0,3.0,Yes,36333.0
PH101404,,OnePlus 11,20.0,56306.0,12.0,128.0,76.0,6.9,12.0,Good,8.0,3.0,Yes,34844.0
PH100016,Vivo,Pixel 7,8.0,74943.0,16.0,256.0,65.0,5.6,64.0,Poor,24.0,3.0,Yes,45620.0
PH101660,Google,Redmi Note 13,24.0,100844.0,8.0,256.0,74.0,6.6,12.0,Good,3.0,0.0,No,66955.0
PH101993,Xiaomi,OnePlus 11,12.0,103647.0,12.0,512.0,98.0,5.5,32.0,Good,14.0,3.0,Yes,80239.0
PH101563,OnePlus,OnePlus 11,60.0,56130.0,4.0,256.0,73.0,6.5,64.0,Good,20.0,0.0,Yes,28579.0
PH101711,Vivo,iPhone 13,6.0,139870.0,16.0,256.0,97.0,6.3,16.0,Good,9.0,0.0,No,118135.0
PH100618,,Realme 11 Pro,4.0,143379.0,12.0,64.0,60.0,6.2,50.0,Good,12.0,1.0,Yes,118987.0
PH100922,,Pixel 7,48.0,138244.0,4.0,512.0,71.0,7.0,200.0,Fair,7.0,1.0,No,46036.0
PH100466,Realme,Redmi Note 13,21.0,133015.0,16.0,128.0,88.0,6.6,50.0,Excellent,2.0,0.0,Yes,87414.0
PH101266,Xiaomi,Pixel 7,49.0,98597.0,4.0,64.0,77.0,6.0,12.0,Good,20.0,2.0,Yes,33164.0
PH100200,Xiaomi,Vivo V29,40.0,81300.0,12.0,128.0,99.0,5.7,32.0,Fair,0.0,2.0,Yes,23013.0
PH101224,Realme,Redmi Note 13,51.0,21121.0,6.0,256.0,66.0,6.6,32.0,Excellent,13.0,1.0,Yes,16116.0
PH101466,Oppo,Oppo Reno 10,15.0,12901.0,8.0,256.0,83.0,6.9,200.0,,22.0,3.0,Yes,15650.0
PH101538,Oppo,Vivo V29,16.0,23772.0,12.0,128.0,82.0,6.7,64.0,,5.0,2.0,Yes,25883.0
PH101319,Apple,Realme 11 Pro,43.0,118438.0,6.0,128.0,74.0,5.9,50.0,Excellent,6.0,2.0,Yes,66827.0
PH101712,,Vivo V29,50.0,12215.0,12.0,512.0,82.0,6.1,200.0,Good,,2.0,Yes,21941.0
PH101987,Apple,OnePlus 11,34.0,17499.0,12.0,512.0,99.0,5.5,50.0,Good,13.0,2.0,No,24128.0
PH101421,Samsung,Redmi Note 13,19.0,20876.0,6.0,512.0,76.0,5.7,16.0,Poor,6.0,1.0,Yes,22216.0
PH101434,OnePlus,Realme 11 Pro,37.0,139039.0,6.0,128.0,97.0,6.4,108.0,Good,7.0,1.0,Yes,68198.0
PH101119,Vivo,Pixel 7,21.0,105715.0,4.0,256.0,98.0,6.4,16.0,Good,8.0,3.0,Yes,64314.0
PH101594,OnePlus,Galaxy A54,25.0,73957.0,6.0,256.0,91.0,6.4,32.0,Good,0.0,1.0,Yes,48600.0
PH100044,Google,Redmi Note 13,9.0,22103.0,8.0,64.0,81.0,6.2,64.0,Fair,5.0,0.0,No,18802.0
PH100275,Samsung,Pixel 7,50.0,33839.0,4.0,128.0,95.0,6.6,200.0,Fair,23.0,3.0,Yes,19047.0
PH101114,Realme,Pixel 7,38.0,61052.0,8.0,128.0,82.0,6.1,50.0,Good,4.0,3.0,Yes,21807.0
PH100102,Apple,Vivo V29,50.0,103683.0,6.0,256.0,90.0,5.7,48.0,Fair,10.0,3.0,Yes,45202.0
PH100887,Samsung,Pixel 7,13.0,85914.0,6.0,128.0,69.0,6.6,200.0,Good,1.0,2.0,Yes,55942.0
PH101839,Google,Vivo V29,14.0,88396.0,6.0,64.0,93.0,6.9,16.0,Fair,16.0,0.0,Yes,64658.0
PH101589,Realme,Vivo V29,42.0,13577.0,8.0,128.0,82.0,6.8,200.0,Poor,18.0,0.0,Yes,12436.0
PH100108,OnePlus,Redmi Note 13,50.0,136116.0,6.0,64.0,64.0,5.6,16.0,Good,13.0,1.0,Yes,58466.0
PH101076,Vivo,OnePlus 11,,90533.0,4.0,512.0,60.0,6.2,50.0,Excellent,20.0,0.0,Yes,57210.0
PH100498,OnePlus,iPhone 13,10.0,83045.0,4.0,128.0,83.0,6.3,108.0,Good,22.0,0.0,Yes,70253.0
PH100057,Google,iPhone 13,5.0,75610.0,16.0,512.0,100.0,5.5,108.0,Good,6.0,3.0,No,73936.0
PH101129,Oppo,Redmi Note 13,25.0,81639.0,12.0,256.0,88.0,6.1,32.0,Fair,2.0,1.0,Yes,44311.0
PH101180,Xiaomi,Galaxy A54,20.0,133136.0,8.0,512.0,66.0,6.1,108.0,Good,5.0,3.0,No,69626.0
PH100655,Oppo,Realme 11 Pro,47.0,44299.0,6.0,128.0,68.0,5.9,32.0,Good,14.0,0.0,Yes,18893.0
PH101448,Google,Realme 11 Pro,56.0,15159.0,8.0,512.0,78.0,5.8,48.0,Excellent,4.0,2.0,Yes,20936.0
PH101316,OnePlus,Redmi Note 13,42.0,89606.0,12.0,256.0,85.0,5.7,50.0,Good,10.0,2.0,Yes,40114.0
PH101673,Google,Redmi Note 13,60.0,33029.0,4.0,512.0,98.0,5.8,200.0,Good,24.0,0.0,No,31262.0
PH100965,Realme,Oppo Reno 10,,56331.0,6.0,256.0,86.0,6.8,200.0,Excellent,21.0,0.0,Yes,35288.0
PH100073,Samsung,Pixel 7,6.0,41493.0,12.0,128.0,73.0,6.2,12.0,Good,14.0,1.0,Yes,48585.0
PH100768,Google,Redmi Note 13,39.0,41227.0,6.0,256.0,83.0,5.6,108.0,Good,13.0,3.0,No,18732.0
PH101232,Google,iPhone 13,12.0,81922.0,4.0,256.0,74.0,6.8,32.0,Excellent,13.0,2.0,Yes,75305.0
PH101587,Samsung,Vivo V29,9.0,32039.0,12.0,512.0,83.0,6.2,50.0,Excellent,9.0,1.0,Yes,41468.0
PH101915,Google,Galaxy A54,45.0,103229.0,16.0,64.0,64.0,6.1,50.0,Good,24.0,3.0,Yes,50617.0
PH100482,Oppo,Vivo V29,30.0,26031.0,8.0,64.0,78.0,5.5,50.0,Fair,19.0,2.0,No,18230.0
PH101084,OnePlus,Galaxy A54,51.0,35382.0,4.0,256.0,87.0,5.8,50.0,Excellent,1.0,3.0,Yes,14873.0
PH100507,Google,Galaxy A54,8.0,121388.0,12.0,256.0,78.0,6.0,48.0,Good,23.0,3.0,No,105311.0
PH100756,Oppo,Realme 11 Pro,44.0,84920.0,6.0,512.0,60.0,6.4,16.0,Excellent,22.0,2.0,No,47234.0
PH100786,Samsung,Pixel 7,7.0,21343.0,6.0,128.0,83.0,6.5,108.0,Fair,14.0,2.0,Yes,15141.0
PH101853,Oppo,Realme 11 Pro,43.0,15225.0,8.0,128.0,71.0,6.3,16.0,Fair,3.0,0.0,Yes,11434.0
PH101940,Realme,Redmi Note 13,29.0,25016.0,4.0,128.0,61.0,6.7,32.0,Poor,20.0,3.0,No,11068.0
PH100675,OnePlus,Redmi Note 13,57.0,116188.0,4.0,512.0,62.0,5.7,48.0,Good,7.0,3.0,No,42555.0
PH101623,Oppo,Pixel 7,42.0,12463.0,12.0,256.0,72.0,6.9,16.0,Poor,6.0,3.0,No,7061.0
PH100312,Realme,OnePlus 11,49.0,24391.0,8.0,512.0,85.0,6.0,32.0,Good,15.0,2.0,No,23667.0
PH101756,Google,Redmi Note 13,47.0,19465.0,16.0,512.0,74.0,6.8,32.0,Fair,4.0,1.0,Yes,24480.0
PH100406,OnePlus,Galaxy A54,16.0,101049.0,16.0,256.0,86.0,6.3,16.0,Fair,6.0,1.0,Yes,67685.0
PH101117,Realme,Vivo V29,53.0,80111.0,16.0,64.0,73.0,6.9,108.0,Fair,13.0,1.0,No,31267.0
PH101161,Google,iPhone 13,44.0,112211.0,6.0,64.0,80.0,6.6,200.0,Fair,14.0,1.0,Yes,41259.0
PH100310,Oppo,Redmi Note 13,58.0,102012.0,6.0,512.0,86.0,6.9,200.0,Excellent,14.0,2.0,Yes,45906.0
PH100227,Vivo,Realme 11 Pro,55.0,145962.0,16.0,512.0,96.0,6.3,16.0,Good,16.0,3.0,Yes,64618.0
PH101724,Apple,Pixel 7,19.0,40229.0,8.0,128.0,99.0,5.6,64.0,Good,14.0,2.0,No,38717.0
PH101006,Vivo,Vivo V29,4.0,96149.0,4.0,512.0,89.0,6.1,108.0,Excellent,9.0,3.0,Yes,87005.0
PH101552,Vivo,Galaxy A54,60.0,37363.0,8.0,128.0,77.0,5.7,50.0,Fair,0.0,1.0,Yes,15057.0
PH101850,Apple,Vivo V29,35.0,97711.0,4.0,64.0,76.0,6.8,64.0,Good,3.0,1.0,Yes,59448.0
PH100846,Vivo,OnePlus 11,36.0,102710.0,16.0,256.0,61.0,6.4,16.0,Good,21.0,2.0,No,52423.0
PH100149,Samsung,Oppo Reno 10,5.0,20328.0,6.0,64.0,77.0,5.9,108.0,Good,24.0,0.0,Yes,27345.0
PH100638,Realme,iPhone 13,29.0,17698.0,4.0,128.0,82.0,6.4,12.0,Poor,12.0,1.0,Yes,10392.0
PH100728,Xiaomi,Vivo V29,7.0,98567.0,6.0,64.0,69.0,6.5,200.0,Excellent,9.0,2.0,No,61614.0
PH101133,Oppo,iPhone 13,29.0,140674.0,6.0,64.0,92.0,6.3,16.0,Good,16.0,1.0,Yes,69324.0
PH100833,Xiaomi,Vivo V29,,55856.0,4.0,512.0,83.0,6.2,32.0,Fair,6.0,2.0,Yes,31376.0
PH101199,Xiaomi,Galaxy A54,47.0,30157.0,16.0,128.0,63.0,6.7,108.0,Excellent,6.0,1.0,Yes,25389.0
PH100576,Oppo,Oppo Reno 10,50.0,133757.0,16.0,64.0,62.0,6.7,32.0,Excellent,1.0,0.0,Yes,55057.0
PH100558,Oppo,Realme 11 Pro,15.0,103911.0,8.0,128.0,61.0,6.2,108.0,Excellent,24.0,0.0,Yes,83031.0
PH100711,Realme,iPhone 13,3.0,17898.0,16.0,512.0,89.0,6.9,32.0,Good,23.0,1.0,Yes,32106.0
PH101279,Vivo,Pixel 7,36.0,13184.0,16.0,64.0,62.0,5.9,16.0,Good,14.0,1.0,Yes,11469.0
PH101376,Vivo,Galaxy A54,33.0,74712.0,8.0,256.0,88.0,5.6,32.0,Good,0.0,2.0,Yes,42248.0
PH101179,Realme,Realme 11 Pro,15.0,21290.0,6.0,128.0,70.0,5.9,16.0,Fair,23.0,2.0,Yes,22464.0
PH101507,Google,iPhone 13,31.0,98971.0,16.0,256.0,89.0,6.4,50.0,Good,6.0,0.0,Yes,68486.0
PH101390,Samsung,iPhone 13,35.0,107345.0,16.0,256.0,90.0,6.8,50.0,Good,8.0,1.0,No,66375.0
PH100287,Samsung,Redmi Note 13,49.0,49019.0,16.0,256.0,63.0,6.2,200.0,Excellent,13.0,3.0,Yes,25391.0
PH101628,Samsung,Realme 11 Pro,26.0,50185.0,8.0,128.0,67.0,5.6,108.0,Good,14.0,1.0,Yes,31330.0
PH100753,Apple,Realme 11 Pro,56.0,111319.0,6.0,512.0,78.0,6.0,200.0,Good,8.0,1.0,No,49345.0
PH100599,OnePlus,Redmi Note 13,6.0,82453.0,8.0,128.0,71.0,5.9,64.0,Good,21.0,0.0,No,69395.0
PH100951,Xiaomi,Oppo Reno 10,10.0,107598.0,12.0,64.0,80.0,6.0,32.0,Poor,11.0,2.0,No,55535.0
PH101008,Vivo,Galaxy A54,28.0,,8.0,256.0,77.0,5.7,48.0,Excellent,10.0,1.0,Yes,58051.0
PH101661,Xiaomi,Pixel 7,49.0,53984.0,12.0,64.0,75.0,5.8,108.0,Good,17.0,0.0,No,33286.0
PH101611,Vivo,Realme 11 Pro,59.0,124660.0,12.0,128.0,84.0,6.2,48.0,Fair,18.0,3.0,Yes,36634.0
PH101055,Samsung,Redmi Note 13,52.0,148645.0,6.0,256.0,,5.7,12.0,Excellent,17.0,2.0,Yes,75821.0
PH101248,Oppo,Vivo V29,40.0,48483.0,16.0,128.0,64.0,5.7,12.0,Good,0.0,1.0,No,25040.0
PH101290,Samsung,Pixel 7,9.0,53850.0,4.0,64.0,68.0,6.5,64.0,Good,10.0,3.0,Yes,45935.0
PH100923,Samsung,Vivo V29,33.0,81518.0,6.0,64.0,60.0,6.4,108.0,Good,22.0,2.0,Yes,45314.0
PH101303,Realme,Galaxy A54,53.0,24720.0,12.0,256.0,74.0,6.3,48.0,Poor,5.0,1.0,Yes,22192.0
PH101222,Apple,Pixel 7,15.0,92820.0,4.0,128.0,83.0,6.7,48.0,Fair,3.0,3.0,Yes,64199.0
PH100783,Google,Redmi Note 13,50.0,112706.0,16.0,256.0,85.0,6.9,12.0,Good,15.0,1.0,Yes,55082.0
PH100610,Google,OnePlus 11,51.0,21221.0,4.0,256.0,67.0,6.6,200.0,Fair,10.0,0.0,Yes,20193.0
PH101059,Oppo,Redmi Note 13,55.0,143004.0,12.0,128.0,67.0,6.4,12.0,Good,11.0,3.0,No,45857.0
PH100813,Samsung,Galaxy A54,53.0,13657.0,12.0,64.0,88.0,5.6,48.0,Good,0.0,2.0,No,3000.0
PH101443,OnePlus,Galaxy A54,20.0,95860.0,8.0,64.0,99.0,5.8,12.0,Excellent,0.0,0.0,Yes,67559.0
PH101121,Apple,Pixel 7,8.0,46754.0,8.0,64.0,75.0,6.0,50.0,Good,2.0,3.0,Yes,46152.0
PH100494,Oppo,OnePlus 11,29.0,121373.0,12.0,128.0,89.0,5.7,108.0,Excellent,17.0,0.0,No,70585.0
PH101339,Oppo,iPhone 13,13.0,41831.0,16.0,256.0,69.0,6.3,108.0,Fair,23.0,1.0,No,45664.0
PH100278,Oppo,Oppo Reno 10,58.0,61522.0,6.0,128.0,66.0,5.9,12.0,Poor,17.0,2.0,Yes,19068.0
PH101876,Google,Redmi Note 13,31.0,35760.0,16.0,512.0,74.0,6.6,50.0,Good,15.0,0.0,No,45014.0
PH100359,Samsung,iPhone 13,37.0,122130.0,8.0,128.0,66.0,6.2,32.0,Good,22.0,2.0,No,63190.0
PH101570,Oppo,Pixel 7,43.0,16239.0,12.0,64.0,75.0,6.2,50.0,Fair,11.0,0.0,Yes,12818.0
PH100237,Oppo,Redmi Note 13,57.0,26683.0,12.0,64.0,71.0,6.1,108.0,Fair,14.0,2.0,Yes,14967.0
PH100552,OnePlus,Galaxy A54,23.0,,6.0,64.0,70.0,6.3,12.0,Good,6.0,3.0,Yes,59968.0
PH101897,Oppo,Realme 11 Pro,43.0,98442.0,4.0,128.0,76.0,7.0,48.0,Good,18.0,2.0,Yes,38637.0
PH100916,Oppo,Galaxy A54,21.0,34927.0,16.0,128.0,61.0,6.0,108.0,Good,1.0,2.0,Yes,26399.0
PH100209,Oppo,iPhone 13,45.0,63717.0,16.0,256.0,67.0,6.3,48.0,Fair,12.0,3.0,Yes,31203.0
PH101407,Apple,Oppo Reno 10,48.0,132667.0,4.0,64.0,63.0,5.6,12.0,Good,1.0,0.0,No,61177.0
PH101584,Google,OnePlus 11,9.0,99029.0,6.0,128.0,83.0,6.7,64.0,Excellent,5.0,3.0,Yes,82365.0
PH100059,Xiaomi,iPhone 13,28.0,119237.0,6.0,512.0,94.0,6.3,64.0,Good,3.0,1.0,Yes,67352.0
PH100632,OnePlus,Realme 11 Pro,59.0,135802.0,4.0,128.0,100.0,5.5,48.0,Good,7.0,2.0,Yes,49959.0
PH101608,Samsung,OnePlus 11,48.0,66460.0,12.0,128.0,93.0,6.4,32.0,Good,12.0,2.0,Yes,30555.0
PH101889,Realme,Realme 11 Pro,60.0,67739.0,12.0,512.0,75.0,5.6,12.0,Excellent,20.0,3.0,Yes,37824.0
PH101601,Google,Vivo V29,31.0,60665.0,4.0,256.0,77.0,6.0,200.0,Excellent,7.0,3.0,No,36884.0
PH100364,Apple,OnePlus 11,51.0,64691.0,6.0,64.0,61.0,6.4,200.0,Fair,9.0,0.0,Yes,22103.0
PH100506,Samsung,Realme 11 Pro,14.0,,8.0,64.0,85.0,5.6,16.0,Good,2.0,3.0,Yes,39448.0
PH101981,Vivo,Oppo Reno 10,12.0,47709.0,16.0,512.0,64.0,6.5,12.0,Good,21.0,0.0,Yes,54337.0
PH101139,OnePlus,Galaxy A54,25.0,98005.0,4.0,128.0,83.0,6.8,108.0,Poor,16.0,0.0,Yes,43927.0
PH101627,Samsung,Oppo Reno 10,26.0,82474.0,,512.0,73.0,6.6,16.0,Good,4.0,0.0,No,66997.0
PH101234,Samsung,OnePlus 11,15.0,105948.0,8.0,256.0,80.0,6.3,108.0,Good,21.0,3.0,No,80098.0
PH101646,Xiaomi,OnePlus 11,,50737.0,12.0,256.0,94.0,6.9,108.0,Good,20.0,0.0,Yes,28881.0
PH101890,Vivo,OnePlus 11,7.0,93685.0,16.0,512.0,99.0,6.1,64.0,Excellent,23.0,1.0,Yes,91383.0
PH100944,Vivo,Redmi Note 13,32.0,98486.0,16.0,512.0,67.0,6.4,200.0,Good,7.0,3.0,Yes,57493.0
PH100119,Google,Galaxy A54,53.0,18968.0,6.0,64.0,75.0,5.9,50.0,Fair,20.0,1.0,No,13463.0
PH101822,Realme,Oppo Reno 10,5.0,36700.0,16.0,512.0,60.0,6.4,108.0,Excellent,19.0,3.0,Yes,44179.0
PH100782,Xiaomi,iPhone 13,34.0,125002.0,12.0,256.0,77.0,6.6,16.0,Good,12.0,1.0,Yes,65190.0
PH100523,Oppo,Pixel 7,47.0,23874.0,8.0,512.0,86.0,6.3,50.0,Fair,19.0,0.0,Yes,22434.0
PH100514,Oppo,Pixel 7,59.0,66722.0,6.0,128.0,66.0,6.5,50.0,Excellent,1.0,2.0,No,21470.0
PH100082,OnePlus,OnePlus 11,36.0,25652.0,12.0,256.0,72.0,6.5,200.0,Poor,13.0,1.0,Yes,26371.0
PH101891,Apple,Pixel 7,30.0,60639.0,16.0,128.0,98.0,6.1,200.0,Fair,14.0,2.0,Yes,43045.0
PH101034,Oppo,Vivo V29,21.0,63033.0,6.0,256.0,78.0,6.0,16.0,Good,0.0,0.0,Yes,42752.0
PH100381,Google,Oppo Reno 10,11.0,51104.0,4.0,512.0,99.0,5.6,50.0,Good,19.0,1.0,No,51260.0
PH101044,,Vivo V29,34.0,53486.0,4.0,512.0,73.0,5.8,50.0,Good,13.0,0.0,Yes,41899.0
PH101714,Vivo,Oppo Reno 10,49.0,23523.0,16.0,256.0,65.0,6.4,12.0,Good,5.0,0.0,Yes,24888.0
PH100085,Realme,Galaxy A54,45.0,112336.0,16.0,128.0,93.0,6.5,48.0,Fair,24.0,1.0,Yes,45274.0
PH101703,Realme,Pixel 7,11.0,43551.0,4.0,256.0,71.0,6.9,32.0,Good,22.0,0.0,Yes,38195.0
PH100988,OnePlus,Redmi Note 13,5.0,115306.0,4.0,512.0,75.0,6.7,50.0,Fair,16.0,0.0,No,102476.0
PH100330,Google,iPhone 13,59.0,73114.0,4.0,64.0,71.0,5.8,200.0,Excellent,8.0,2.0,No,26740.0
PH100007,Vivo,Pixel 7,58.0,103176.0,16.0,128.0,68.0,6.9,108.0,Good,1.0,2.0,No,31739.0
PH100760,Realme,Realme 11 Pro,17.0,119205.0,6.0,256.0,85.0,5.8,108.0,Good,21.0,0.0,Yes,79485.0
PH100773,Samsung,Pixel 7,20.0,101424.0,16.0,512.0,71.0,6.7,12.0,Good,18.0,2.0,Yes,83376.0
PH100933,Samsung,Galaxy A54,56.0,92152.0,12.0,256.0,,5.8,108.0,Excellent,20.0,0.0,Yes,47588.0
PH101844,Xiaomi,iPhone 13,59.0,118300.0,8.0,512.0,85.0,5.7,64.0,Excellent,13.0,0.0,Yes,54913.0
PH100452,Oppo,OnePlus 11,34.0,24453.0,8.0,256.0,60.0,6.6,16.0,Fair,15.0,2.0,Yes,17896.0
PH100491,Google,Redmi Note 13,4.0,23151.0,8.0,128.0,90.0,6.4,64.0,Good,1.0,3.0,Yes,17539.0
PH101504,Xiaomi,Vivo V29,39.0,127721.0,4.0,512.0,84.0,5.6,64.0,Good,6.0,1.0,Yes,60787.0
PH100288,Vivo,Vivo V29,20.0,77133.0,6.0,256.0,62.0,5.6,48.0,Excellent,22.0,2.0,Yes,53431.0
PH101854,Samsung,Realme 11 Pro,21.0,122114.0,12.0,128.0,69.0,6.5,32.0,Fair,18.0,3.0,No,71203.0
PH100276,OnePlus,Vivo V29,23.0,39216.0,16.0,256.0,84.0,5.9,108.0,Good,21.0,1.0,Yes,41133.0
PH101388,OnePlus,Vivo V29,58.0,54814.0,6.0,128.0,66.0,6.1,108.0,Good,10.0,1.0,No,26344.0
PH100808,Samsung,Realme 11 Pro,23.0,93780.0,12.0,512.0,69.0,6.3,50.0,Good,22.0,2.0,Yes,71169.0
PH101360,Realme,Redmi Note 13,42.0,125604.0,8.0,512.0,93.0,6.3,64.0,Fair,18.0,1.0,No,55450.0
PH100963,Oppo,Pixel 7,3.0,128547.0,8.0,64.0,80.0,5.5,12.0,Good,21.0,0.0,Yes,106636.0
PH101727,OnePlus,Oppo Reno 10,4.0,83537.0,6.0,64.0,99.0,6.3,16.0,Good,6.0,1.0,Yes,75351.0
PH100814,OnePlus,Pixel 7,3.0,110300.0,16.0,256.0,71.0,7.0,32.0,Fair,15.0,1.0,Yes,91395.0
PH101484,Samsung,Vivo V29,46.0,139466.0,12.0,128.0,94.0,6.8,32.0,Good,17.0,3.0,Yes,58423.0
PH100939,Oppo,Galaxy A54,4.0,142193.0,6.0,128.0,86.0,6.4,200.0,Excellent,14.0,0.0,No,117633.0
PH101104,Samsung,Oppo Reno 10,13.0,27960.0,8.0,256.0,83.0,6.5,16.0,Good,10.0,0.0,No,32609.0
PH101675,Samsung,Realme 11 Pro,32.0,65639.0,16.0,256.0,100.0,6.0,200.0,Good,10.0,2.0,Yes,46885.0
PH100328,Realme,Realme 11 Pro,23.0,75344.0,6.0,512.0,94.0,6.4,108.0,Excellent,20.0,3.0,Yes,54066.0
PH100443,Samsung,OnePlus 11,35.0,111165.0,6.0,128.0,92.0,5.5,48.0,Good,21.0,0.0,Yes,69143.0
PH101478,Google,Redmi Note 13,22.0,62210.0,6.0,128.0,87.0,6.9,48.0,Fair,24.0,1.0,No,39863.0
PH101095,Apple,Galaxy A54,52.0,78471.0,16.0,64.0,92.0,5.6,16.0,Good,1.0,3.0,Yes,34856.0
PH100943,Google,Galaxy A54,58.0,46578.0,6.0,256.0,83.0,7.0,200.0,Excellent,14.0,2.0,Yes,21643.0
PH101433,Oppo,Vivo V29,6.0,147830.0,12.0,128.0,81.0,6.7,12.0,Good,3.0,0.0,No,103581.0
PH100178,Xiaomi,OnePlus 11,57.0,135130.0,6.0,128.0,63.0,5.8,50.0,Excellent,12.0,2.0,Yes,51166.0
PH101341,Realme,Redmi Note 13,34.0,23279.0,6.0,64.0,74.0,5.9,108.0,Good,12.0,1.0,Yes,18103.0
PH101365,Google,Pixel 7,13.0,125978.0,8.0,256.0,69.0,6.8,200.0,Excellent,0.0,3.0,No,97778.0
PH100087,Oppo,iPhone 13,41.0,61393.0,12.0,128.0,81.0,6.2,50.0,Excellent,17.0,2.0,Yes,36218.0
PH101429,Oppo,iPhone 13,46.0,83576.0,16.0,64.0,76.0,5.6,50.0,Fair,20.0,3.0,No,34988.0
PH101930,Xiaomi,iPhone 13,37.0,85591.0,12.0,128.0,63.0,6.3,12.0,Good,4.0,2.0,Yes,36610.0
PH100458,Google,Redmi Note 13,42.0,146445.0,6.0,128.0,95.0,6.8,12.0,Good,3.0,3.0,Yes,62456.0
PH101857,Vivo,Oppo Reno 10,4.0,119041.0,12.0,256.0,89.0,6.8,32.0,Good,5.0,1.0,Yes,100028.0
PH100055,Realme,Realme 11 Pro,20.0,32025.0,12.0,128.0,64.0,5.6,200.0,Poor,19.0,0.0,Yes,24846.0
PH101525,Vivo,Realme 11 Pro,9.0,21873.0,4.0,512.0,71.0,5.9,50.0,Fair,11.0,0.0,Yes,24578.0
PH100644,Samsung,Galaxy A54,18.0,142407.0,6.0,256.0,61.0,5.8,12.0,Excellent,11.0,1.0,Yes,97229.0
PH100678,Google,Oppo Reno 10,40.0,77785.0,6.0,256.0,85.0,5.5,32.0,Good,17.0,3.0,No,42118.0
PH100222,Xiaomi,Redmi Note 13,57.0,141974.0,8.0,512.0,78.0,5.9,200.0,Fair,15.0,0.0,Yes,49555.0
PH100114,Oppo,Galaxy A54,49.0,68358.0,8.0,512.0,78.0,6.3,50.0,Excellent,16.0,3.0,Yes,43033.0
PH101974,Google,Realme 11 Pro,6.0,122489.0,4.0,512.0,92.0,5.9,32.0,Good,14.0,2.0,No,124517.0
PH101246,Google,iPhone 13,5.0,36495.0,12.0,128.0,63.0,5.8,50.0,Good,22.0,3.0,No,39484.0
PH101895,Samsung,OnePlus 11,28.0,39160.0,4.0,128.0,68.0,6.5,48.0,Good,9.0,1.0,Yes,26668.0
PH100175,Google,Galaxy A54,39.0,48413.0,6.0,512.0,82.0,6.2,50.0,Fair,22.0,2.0,Yes,37726.0
PH101147,Realme,iPhone 13,46.0,29241.0,6.0,512.0,96.0,5.9,48.0,Good,19.0,2.0,Yes,24978.0
PH100590,Vivo,Realme 11 Pro,47.0,28061.0,,128.0,88.0,6.0,12.0,Fair,11.0,1.0,Yes,18479.0
PH101583,Vivo,Pixel 7,47.0,134990.0,6.0,256.0,88.0,5.7,50.0,Good,4.0,1.0,No,53305.0
PH100019,Google,Galaxy A54,47.0,115423.0,6.0,64.0,75.0,5.8,50.0,Excellent,15.0,2.0,Yes,50678.0
PH100424,Xiaomi,Galaxy A54,57.0,17750.0,8.0,64.0,75.0,6.3,200.0,Fair,6.0,2.0,Yes,6181.0
PH101362,Oppo,Oppo Reno 10,49.0,64413.0,6.0,64.0,63.0,6.6,50.0,Good,14.0,1.0,Yes,24858.0
PH100286,Xiaomi,Pixel 7,53.0,34588.0,4.0,64.0,92.0,6.1,64.0,Good,5.0,3.0,Yes,11024.0
PH101607,Apple,Oppo Reno 10,41.0,136069.0,6.0,128.0,72.0,6.7,50.0,Fair,2.0,2.0,Yes,64598.0
PH100429,Samsung,Vivo V29,32.0,99954.0,16.0,64.0,97.0,5.8,16.0,Excellent,12.0,2.0,No,61722.0
PH101533,Apple,OnePlus 11,37.0,19533.0,6.0,256.0,89.0,6.6,64.0,Good,20.0,1.0,Yes,22280.0
PH100765,Vivo,Galaxy A54,60.0,70829.0,4.0,128.0,67.0,6.4,16.0,Good,17.0,3.0,Yes,26428.0
PH100670,Realme,Redmi Note 13,45.0,83088.0,4.0,256.0,65.0,6.3,50.0,Excellent,15.0,0.0,Yes,37902.0
PH100032,Samsung,Galaxy A54,29.0,46397.0,6.0,128.0,92.0,6.7,64.0,Good,15.0,3.0,Yes,24963.0
PH101861,Oppo,Pixel 7,6.0,68633.0,4.0,64.0,77.0,6.1,16.0,Poor,11.0,3.0,Yes,33688.0
PH100723,OnePlus,OnePlus 11,29.0,95639.0,8.0,64.0,63.0,6.1,12.0,Fair,22.0,2.0,No,46603.0
PH101684,Samsung,Oppo Reno 10,49.0,149521.0,16.0,512.0,63.0,6.2,48.0,Good,3.0,1.0,Yes,68138.0
PH100215,Xiaomi,iPhone 13,56.0,88848.0,16.0,128.0,85.0,5.6,108.0,Good,21.0,1.0,Yes,30443.0
PH100830,Google,Vivo V29,26.0,107632.0,,128.0,81.0,5.9,32.0,Excellent,19.0,3.0,Yes,76687.0
PH101264,Realme,Pixel 7,30.0,138700.0,4.0,512.0,,6.2,12.0,Good,22.0,0.0,Yes,83927.0
PH100327,Xiaomi,Oppo Reno 10,17.0,72815.0,4.0,64.0,66.0,6.8,16.0,Fair,11.0,0.0,No,41210.0
PH100561,OnePlus,Oppo Reno 10,21.0,83128.0,16.0,256.0,86.0,5.8,48.0,Fair,0.0,3.0,Yes,53212.0
PH101305,Apple,iPhone 13,34.0,119449.0,4.0,64.0,69.0,7.0,32.0,Good,14.0,0.0,Yes,68625.0
PH100701,Apple,Galaxy A54,41.0,82204.0,12.0,512.0,84.0,6.0,12.0,Good,9.0,3.0,Yes,55864.0
PH101164,Oppo,Vivo V29,56.0,42771.0,8.0,128.0,60.0,5.9,108.0,Good,2.0,3.0,No,15052.0
PH101207,Vivo,Galaxy A54,5.0,107790.0,4.0,64.0,94.0,5.5,64.0,Good,20.0,3.0,No,79426.0
PH100342,OnePlus,Redmi Note 13,15.0,98724.0,6.0,64.0,96.0,5.8,64.0,Fair,22.0,1.0,Yes,64342.0
PH100630,Realme,Realme 11 Pro,56.0,60847.0,16.0,256.0,80.0,5.8,12.0,Poor,13.0,3.0,Yes,23948.0
PH100148,Xiaomi,Vivo V29,58.0,134439.0,6.0,512.0,98.0,5.7,12.0,Good,9.0,2.0,Yes,43647.0
PH101290,Samsung,Pixel 7,9.0,53850.0,4.0,64.0,68.0,6.5,64.0,Good,10.0,3.0,Yes,45935.0
PH100361,OnePlus,Pixel 7,32.0,42257.0,6.0,64.0,99.0,6.3,108.0,Good,6.0,0.0,Yes,31642.0
PH100084,Google,Oppo Reno 10,60.0,37500.0,6.0,512.0,100.0,6.5,16.0,Excellent,12.0,0.0,Yes,27701.0
PH100049,Oppo,Realme 11 Pro,58.0,97947.0,6.0,512.0,76.0,6.3,50.0,Fair,3.0,3.0,Yes,33918.0
PH100469,Vivo,Galaxy A54,31.0,45455.0,16.0,256.0,75.0,6.4,108.0,Good,23.0,2.0,Yes,32659.0
PH100156,Apple,OnePlus 11,8.0,20640.0,8.0,128.0,87.0,6.1,50.0,Good,14.0,2.0,Yes,28356.0
PH100788,Google,Vivo V29,43.0,112260.0,6.0,128.0,88.0,5.9,12.0,Good,21.0,2.0,No,50970.0
PH101636,Realme,Pixel 7,55.0,132494.0,,256.0,99.0,5.7,16.0,Fair,11.0,3.0,Yes,37914.0
PH101786,Google,iPhone 13,35.0,30300.0,4.0,128.0,90.0,6.0,200.0,Excellent,10.0,0.0,No,25225.0
PH101423,Xiaomi,Redmi Note 13,13.0,145959.0,8.0,512.0,62.0,6.1,64.0,Excellent,10.0,3.0,Yes,110610.0
PH101405,Apple,Vivo V29,16.0,120369.0,4.0,64.0,87.0,5.6,50.0,Good,10.0,0.0,Yes,98777.0
PH101654,Realme,Realme 11 Pro,41.0,133635.0,8.0,512.0,90.0,6.6,50.0,Excellent,12.0,3.0,No,66673.0
PH100501,Realme,Oppo Reno 10,8.0,13881.0,,64.0,88.0,6.5,108.0,Good,10.0,3.0,No,13644.0
PH101791,Vivo,Pixel 7,3.0,47525.0,12.0,512.0,76.0,5.8,16.0,Good,0.0,3.0,No,45548.0
PH100180,Xiaomi,Pixel 7,49.0,52142.0,6.0,128.0,78.0,7.0,32.0,Good,16.0,1.0,No,25175.0
PH101062,Vivo,iPhone 13,24.0,119615.0,16.0,256.0,62.0,5.6,64.0,Good,21.0,2.0,Yes,67323.0
PH101782,Google,Redmi Note 13,31.0,36466.0,8.0,64.0,84.0,5.5,16.0,Fair,8.0,2.0,Yes,25256.0
PH100915,OnePlus,Galaxy A54,10.0,105846.0,12.0,128.0,99.0,6.5,200.0,Excellent,8.0,1.0,Yes,99046.0
PH100747,Xiaomi,Vivo V29,13.0,77333.0,8.0,256.0,90.0,6.9,48.0,Fair,7.0,3.0,Yes,38872.0
PH101174,Realme,iPhone 13,37.0,103404.0,4.0,256.0,76.0,6.4,200.0,Good,11.0,2.0,Yes,46295.0
PH101643,Vivo,Galaxy A54,55.0,42480.0,8.0,64.0,88.0,6.0,12.0,Fair,6.0,2.0,Yes,15314.0
PH100529,Apple,Pixel 7,51.0,132062.0,4.0,128.0,88.0,5.9,64.0,Good,4.0,2.0,No,52626.0
PH100347,Xiaomi,Realme 11 Pro,8.0,83196.0,6.0,512.0,94.0,6.1,64.0,Good,6.0,3.0,Yes,63895.0
PH101408,Vivo,OnePlus 11,15.0,146034.0,12.0,256.0,81.0,6.6,16.0,Good,22.0,1.0,Yes,101800.0
PH101991,OnePlus,Pixel 7,40.0,132506.0,4.0,512.0,61.0,6.8,108.0,Excellent,0.0,1.0,No,63170.0
PH100937,Oppo,Pixel 7,18.0,81855.0,12.0,512.0,62.0,6.7,108.0,Fair,11.0,0.0,Yes,59641.0
PH101334,Google,OnePlus 11,7.0,20531.0,12.0,128.0,92.0,5.5,50.0,Excellent,9.0,0.0,Yes,27531.0
PH101030,Vivo,Redmi Note 13,32.0,122168.0,16.0,64.0,66.0,6.8,12.0,Fair,15.0,0.0,Yes,56630.0
PH100602,Google,Galaxy A54,38.0,25682.0,16.0,512.0,60.0,6.4,50.0,Good,20.0,3.0,Yes,29191.0
PH101064,Vivo,Oppo Reno 10,6.0,39564.0,6.0,128.0,64.0,6.6,16.0,Poor,3.0,1.0,Yes,22467.0
PH100244,Samsung,iPhone 13,27.0,23577.0,6.0,128.0,81.0,5.9,16.0,Good,21.0,2.0,Yes,19715.0
PH101453,Google,OnePlus 11,46.0,41320.0,8.0,512.0,96.0,6.3,32.0,,0.0,3.0,No,30968.0
PH101990,Vivo,OnePlus 11,50.0,144371.0,16.0,128.0,96.0,6.0,108.0,Good,22.0,0.0,Yes,65201.0
PH101499,Xiaomi,iPhone 13,57.0,26175.0,16.0,256.0,86.0,6.1,64.0,Good,20.0,3.0,Yes,17028.0
PH100313,OnePlus,Realme 11 Pro,41.0,114476.0,8.0,64.0,98.0,6.2,200.0,Fair,14.0,2.0,No,45528.0
PH100436,Google,OnePlus 11,23.0,69124.0,8.0,256.0,91.0,6.1,64.0,Good,5.0,0.0,Yes,63341.0
PH101929,Google,Galaxy A54,22.0,66675.0,16.0,512.0,81.0,6.9,64.0,Fair,5.0,0.0,Yes,64744.0
PH100953,Vivo,Oppo Reno 10,51.0,100302.0,4.0,128.0,99.0,5.9,12.0,Good,3.0,1.0,No,35289.0
PH100309,Google,Realme 11 Pro,42.0,110046.0,12.0,128.0,77.0,6.9,200.0,Excellent,3.0,3.0,Yes,54501.0
PH100431,Samsung,OnePlus 11,37.0,129305.0,12.0,64.0,62.0,6.0,16.0,Fair,13.0,0.0,No,54216.0
PH100661,Google,iPhone 13,33.0,89963.0,4.0,64.0,90.0,6.0,50.0,Good,2.0,3.0,Yes,53718.0
PH100371,OnePlus,OnePlus 11,25.0,48182.0,8.0,128.0,87.0,7.0,48.0,Good,16.0,0.0,Yes,37340.0
PH100567,Apple,Pixel 7,42.0,42676.0,16.0,64.0,94.0,5.7,32.0,Good,10.0,2.0,Yes,26107.0
PH101000,Xiaomi,Pixel 7,19.0,58250.0,16.0,64.0,73.0,5.8,32.0,Excellent,2.0,0.0,Yes,42451.0
PH100182,Realme,Vivo V29,50.0,141048.0,12.0,128.0,89.0,6.2,64.0,Excellent,21.0,2.0,Yes,57434.0
PH101622,Apple,Oppo Reno 10,29.0,62906.0,6.0,512.0,81.0,5.8,50.0,Good,6.0,0.0,Yes,53986.0
PH100622,Apple,Redmi Note 13,4.0,50134.0,8.0,128.0,64.0,6.4,64.0,Good,13.0,2.0,No,46441.0
PH100835,Samsung,Realme 11 Pro,23.0,71807.0,6.0,256.0,66.0,6.2,32.0,Excellent,10.0,0.0,Yes,49618.0
PH101348,Realme,Redmi Note 13,,56439.0,12.0,128.0,63.0,6.1,64.0,Fair,13.0,0.0,Yes,37593.0
PH101795,Google,Redmi Note 13,8.0,67514.0,12.0,512.0,63.0,5.8,108.0,Poor,8.0,0.0,Yes,53174.0
PH101442,Apple,Vivo V29,27.0,97216.0,6.0,128.0,89.0,6.2,16.0,Fair,0.0,0.0,Yes,60597.0
PH101869,Vivo,iPhone 13,16.0,120255.0,16.0,512.0,95.0,5.7,50.0,Good,22.0,1.0,No,87541.0
PH100941,OnePlus,Vivo V29,26.0,32323.0,4.0,64.0,98.0,5.9,48.0,Good,22.0,3.0,Yes,22559.0
PH101223,Samsung,iPhone 13,59.0,111515.0,8.0,512.0,99.0,6.7,12.0,Excellent,20.0,3.0,Yes,50827.0
PH100297,Oppo,Galaxy A54,46.0,41063.0,6.0,512.0,75.0,6.8,16.0,Good,19.0,0.0,Yes,34426.0
PH101262,Xiaomi,OnePlus 11,22.0,87609.0,8.0,128.0,68.0,6.3,64.0,Fair,24.0,3.0,Yes,43909.0
PH100462,Vivo,Oppo Reno 10,48.0,132747.0,12.0,256.0,65.0,5.8,108.0,Good,3.0,3.0,No,45887.0
PH101321,Google,OnePlus 11,36.0,63322.0,12.0,64.0,87.0,6.2,48.0,Good,0.0,1.0,Yes,35705.0
PH101194,Google,Vivo V29,35.0,48386.0,16.0,128.0,66.0,6.5,12.0,Good,20.0,1.0,Yes,36235.0
PH100378,Samsung,Pixel 7,5.0,87602.0,16.0,512.0,67.0,6.2,48.0,Good,15.0,2.0,No,86589.0
PH100799,Samsung,Galaxy A54,36.0,62113.0,6.0,512.0,72.0,6.6,50.0,Poor,14.0,1.0,No,35462.0
PH101489,Samsung,iPhone 13,39.0,83154.0,4.0,512.0,95.0,6.8,50.0,Fair,2.0,2.0,Yes,45538.0
PH100106,Apple,Pixel 7,36.0,96774.0,4.0,512.0,83.0,6.4,48.0,Excellent,22.0,0.0,No,74304.0
PH100127,Apple,Galaxy A54,48.0,17520.0,4.0,256.0,95.0,6.8,16.0,Good,9.0,1.0,Yes,15256.0
PH100995,OnePlus,Oppo Reno 10,21.0,12320.0,16.0,512.0,87.0,5.9,16.0,Excellent,4.0,0.0,Yes,29514.0
PH101084,OnePlus,Galaxy A54,51.0,35382.0,4.0,256.0,87.0,5.8,50.0,Excellent,1.0,3.0,Yes,14873.0
PH100856,Vivo,Galaxy A54,41.0,58806.0,12.0,256.0,82.0,6.0,108.0,Excellent,2.0,2.0,Yes,38793.0
PH100356,Realme,Redmi Note 13,38.0,134564.0,12.0,64.0,100.0,6.5,16.0,Good,5.0,3.0,Yes,52106.0
PH101640,Apple,Realme 11 Pro,47.0,62492.0,12.0,128.0,67.0,6.0,48.0,Good,15.0,3.0,No,34528.0
PH100683,Realme,OnePlus 11,34.0,28260.0,8.0,128.0,63.0,6.8,200.0,Fair,10.0,2.0,No,14696.0
PH101380,Apple,Oppo Reno 10,28.0,44230.0,12.0,128.0,77.0,5.6,64.0,Fair,5.0,1.0,Yes,32302.0
PH100890,Samsung,Realme 11 Pro,52.0,91211.0,8.0,64.0,76.0,5.5,32.0,Good,15.0,0.0,Yes,46170.0
PH100210,Vivo,Galaxy A54,39.0,14763.0,4.0,256.0,81.0,6.7,32.0,Good,6.0,1.0,No,10574.0
PH100987,OnePlus,iPhone 13,10.0,145248.0,4.0,256.0,84.0,6.4,64.0,Excellent,1.0,3.0,Yes,118288.0
PH100141,Google,OnePlus 11,42.0,81166.0,12.0,64.0,95.0,6.9,50.0,Excellent,2.0,0.0,Yes,51227.0
PH101458,OnePlus,Vivo V29,45.0,91436.0,8.0,64.0,80.0,6.3,48.0,Fair,0.0,1.0,Yes,39906.0
PH101358,Xiaomi,Redmi Note 13,55.0,114166.0,4.0,256.0,73.0,6.2,50.0,Good,18.0,2.0,No,36892.0
PH101122,Xiaomi,Galaxy A54,50.0,97886.0,16.0,64.0,65.0,6.1,50.0,Fair,7.0,1.0,No,38456.0
PH101816,Xiaomi,OnePlus 11,39.0,99245.0,4.0,64.0,92.0,6.5,32.0,Fair,3.0,3.0,No,22609.0
PH101113,Google,iPhone 13,6.0,16042.0,8.0,128.0,88.0,6.1,12.0,Excellent,21.0,2.0,Yes,26127.0
PH100866,Samsung,Realme 11 Pro,8.0,149854.0,12.0,128.0,66.0,5.5,50.0,Good,7.0,0.0,No,120027.0
PH100910,Oppo,Redmi Note 13,19.0,115119.0,12.0,64.0,83.0,6.6,64.0,Good,2.0,1.0,Yes,67838.0
PH100712,Apple,Realme 11 Pro,49.0,30395.0,12.0,256.0,85.0,5.8,50.0,Good,7.0,0.0,No,21489.0
PH101285,Realme,Vivo V29,55.0,70502.0,16.0,256.0,83.0,6.8,12.0,Fair,5.0,0.0,Yes,29842.0
PH101103,OnePlus,Realme 11 Pro,30.0,96698.0,4.0,128.0,74.0,6.5,16.0,Fair,15.0,1.0,Yes,48139.0
PH101659,Samsung,OnePlus 11,53.0,41424.0,4.0,512.0,92.0,6.8,50.0,Good,21.0,2.0,No,35547.0
PH100011,Xiaomi,Realme 11 Pro,56.0,105863.0,8.0,128.0,75.0,5.9,200.0,Good,16.0,3.0,Yes,30091.0
PH101720,Samsung,Oppo Reno 10,3.0,137211.0,8.0,64.0,98.0,6.3,50.0,Good,18.0,3.0,Yes,126911.0
PH101286,Oppo,OnePlus 11,27.0,115844.0,12.0,128.0,90.0,7.0,48.0,Fair,22.0,0.0,No,58203.0
PH100283,Oppo,Pixel 7,54.0,114638.0,4.0,512.0,80.0,5.8,12.0,Fair,0.0,0.0,No,45419.0
PH100811,Xiaomi,Vivo V29,41.0,22589.0,4.0,64.0,75.0,6.6,64.0,Good,9.0,3.0,No,5394.0
PH101108,Oppo,OnePlus 11,21.0,124470.0,16.0,128.0,94.0,5.6,48.0,Poor,20.0,3.0,Yes,56528.0
PH100292,Xiaomi,Pixel 7,25.0,55395.0,12.0,64.0,87.0,6.0,32.0,Good,5.0,0.0,Yes,37521.0
PH100755,Apple,Pixel 7,29.0,134672.0,4.0,128.0,88.0,5.6,64.0,Poor,,0.0,Yes,68954.0
PH100627,Vivo,iPhone 13,,24497.0,12.0,64.0,82.0,6.3,32.0,Good,18.0,0.0,No,33104.0
PH100964,Realme,Oppo Reno 10,17.0,72380.0,12.0,512.0,85.0,5.9,12.0,Excellent,19.0,0.0,No,70917.0
PH100880,Vivo,Pixel 7,40.0,57865.0,8.0,256.0,70.0,5.9,64.0,Good,2.0,1.0,No,29279.0
PH100130,OnePlus,OnePlus 11,17.0,26955.0,6.0,256.0,90.0,6.7,108.0,Good,7.0,1.0,Yes,23672.0
PH101193,Vivo,Realme 11 Pro,24.0,60291.0,12.0,512.0,65.0,6.4,108.0,Fair,5.0,1.0,Yes,37285.0
PH100844,Realme,Redmi Note 13,29.0,68635.0,12.0,256.0,76.0,6.0,32.0,Excellent,22.0,2.0,No,47348.0
PH100324,Apple,Pixel 7,27.0,,8.0,64.0,76.0,5.9,200.0,Fair,4.0,0.0,No,36314.0
PH101106,OnePlus,Vivo V29,3.0,37216.0,4.0,128.0,68.0,6.9,32.0,Fair,18.0,3.0,Yes,30753.0
PH101477,Realme,Realme 11 Pro,19.0,75212.0,6.0,512.0,73.0,6.0,32.0,Good,8.0,0.0,No,51412.0
PH101488,Samsung,Realme 11 Pro,38.0,68344.0,8.0,64.0,71.0,5.6,50.0,Good,5.0,2.0,Yes,36140.0
PH101894,Xiaomi,Vivo V29,20.0,79657.0,6.0,256.0,72.0,5.7,108.0,Good,7.0,2.0,Yes,51928.0
PH101274,Xiaomi,Redmi Note 13,55.0,149161.0,4.0,512.0,93.0,5.6,12.0,Fair,13.0,2.0,No,53534.0
PH101808,Vivo,OnePlus 11,6.0,45302.0,4.0,512.0,74.0,5.7,32.0,Fair,19.0,3.0,Yes,39858.0
PH100696,OnePlus,Oppo Reno 10,59.0,65592.0,8.0,64.0,61.0,6.4,16.0,Good,24.0,2.0,No,28202.0
PH100216,Vivo,iPhone 13,21.0,49548.0,16.0,256.0,61.0,6.8,48.0,Good,14.0,2.0,No,36062.0
PH101642,Samsung,Redmi Note 13,33.0,125758.0,8.0,64.0,87.0,5.6,50.0,Fair,17.0,1.0,Yes,63670.0
PH101945,Vivo,Vivo V29,50.0,138082.0,6.0,128.0,64.0,6.6,16.0,Good,9.0,1.0,Yes,43296.0
PH100159,Samsung,iPhone 13,25.0,55937.0,8.0,128.0,62.0,6.7,32.0,Good,19.0,0.0,Yes,43020.0
PH101074,Xiaomi,Realme 11 Pro,20.0,83117.0,8.0,512.0,91.0,6.0,108.0,Good,1.0,0.0,Yes,57915.0
PH101779,Google,Galaxy A54,57.0,95053.0,6.0,256.0,67.0,6.9,200.0,Good,17.0,1.0,Yes,44002.0
PH100969,Oppo,Realme 11 Pro,7.0,87910.0,8.0,512.0,90.0,6.2,200.0,Excellent,2.0,1.0,No,80684.0
PH100842,Google,Galaxy A54,56.0,66786.0,6.0,256.0,77.0,5.8,64.0,Excellent,13.0,0.0,Yes,39204.0
PH100635,Apple,iPhone 13,5.0,15358.0,12.0,256.0,75.0,5.5,48.0,,3.0,3.0,Yes,18302.0
PH100517,Google,Realme 11 Pro,51.0,129473.0,12.0,128.0,72.0,6.1,108.0,Good,14.0,2.0,Yes,54665.0
PH101449,Oppo,Pixel 7,20.0,110162.0,4.0,64.0,67.0,6.5,50.0,Good,20.0,1.0,No,67250.0
PH101544,Vivo,iPhone 13,22.0,44966.0,,64.0,75.0,6.2,16.0,Fair,1.0,3.0,No,21388.0
PH100598,Realme,Vivo V29,4.0,102610.0,16.0,512.0,86.0,5.9,48.0,Fair,12.0,3.0,Yes,73102.0
PH100196,Apple,iPhone 13,29.0,130696.0,16.0,512.0,61.0,5.8,50.0,Good,3.0,1.0,No,98006.0
PH101667,Google,Realme 11 Pro,38.0,148668.0,16.0,64.0,63.0,6.5,50.0,Good,8.0,1.0,Yes,69370.0
PH100888,Oppo,Oppo Reno 10,59.0,13881.0,8.0,256.0,,6.4,12.0,Good,23.0,1.0,No,15264.0
PH100411,Xiaomi,Redmi Note 13,16.0,101132.0,12.0,512.0,97.0,6.2,64.0,Good,19.0,0.0,Yes,78965.0
PH100097,Apple,iPhone 13,12.0,69620.0,6.0,128.0,60.0,6.7,32.0,Fair,13.0,3.0,Yes,52131.0
PH101781,Oppo,Pixel 7,26.0,93463.0,4.0,256.0,,5.5,12.0,Good,22.0,3.0,Yes,50450.0
PH100967,Vivo,Galaxy A54,42.0,51560.0,4.0,256.0,85.0,5.6,64.0,Excellent,18.0,3.0,No,29059.0
PH100157,Realme,OnePlus 11,41.0,148690.0,6.0,256.0,90.0,6.3,108.0,Good,7.0,0.0,No,56684.0
PH100420,Oppo,OnePlus 11,48.0,81341.0,16.0,512.0,72.0,6.6,12.0,Good,4.0,1.0,Yes,54182.0
PH101831,Apple,OnePlus 11,10.0,67830.0,6.0,512.0,69.0,6.8,32.0,Excellent,0.0,3.0,Yes,69428.0
PH100478,Google,OnePlus 11,53.0,113407.0,12.0,128.0,78.0,5.8,16.0,Excellent,22.0,0.0,Yes,53076.0
PH101885,Samsung,Oppo Reno 10,12.0,100177.0,16.0,128.0,74.0,6.9,50.0,Good,22.0,3.0,Yes,77804.0
PH100669,Vivo,Galaxy A54,56.0,123576.0,12.0,512.0,88.0,6.2,16.0,Fair,15.0,0.0,Yes,48882.0
PH101054,Realme,Oppo Reno 10,16.0,149207.0,4.0,256.0,63.0,6.0,32.0,Excellent,15.0,1.0,Yes,90686.0
PH101902,Vivo,Realme 11 Pro,9.0,44167.0,8.0,256.0,83.0,6.6,16.0,Poor,5.0,0.0,Yes,34679.0
PH101318,Google,Oppo Reno 10,31.0,130542.0,4.0,256.0,88.0,6.2,12.0,Excellent,23.0,2.0,Yes,84192.0
PH100448,Oppo,Realme 11 Pro,37.0,56825.0,8.0,128.0,79.0,6.7,16.0,Good,13.0,3.0,Yes,23623.0
PH100554,OnePlus,OnePlus 11,41.0,98124.0,12.0,256.0,76.0,6.8,12.0,Excellent,23.0,3.0,Yes,51274.0
PH100179,Samsung,Redmi Note 13,11.0,62940.0,12.0,512.0,98.0,6.4,50.0,,18.0,0.0,Yes,76413.0
PH100391,Xiaomi,iPhone 13,49.0,98795.0,6.0,512.0,85.0,6.2,32.0,Good,6.0,2.0,No,41249.0
PH100579,Apple,OnePlus 11,28.0,43027.0,6.0,128.0,69.0,6.5,12.0,Good,0.0,1.0,Yes,32009.0
PH101028,Xiaomi,Vivo V29,19.0,55169.0,6.0,512.0,72.0,6.2,32.0,Fair,18.0,0.0,No,46456.0
PH101732,Xiaomi,OnePlus 11,8.0,83792.0,16.0,128.0,94.0,5.6,48.0,Good,16.0,2.0,Yes,70531.0
PH101306,Realme,Vivo V29,13.0,114828.0,8.0,64.0,79.0,6.9,108.0,Fair,22.0,0.0,Yes,62256.0
PH101668,Samsung,Pixel 7,49.0,,8.0,512.0,89.0,6.3,108.0,Good,22.0,1.0,Yes,35051.0
PH100917,Apple,Redmi Note 13,40.0,132589.0,4.0,128.0,100.0,7.0,200.0,Poor,24.0,1.0,No,58500.0
PH100821,Realme,OnePlus 11,13.0,62599.0,6.0,128.0,93.0,6.9,108.0,Excellent,3.0,1.0,No,43933.0
PH101853,Oppo,Realme 11 Pro,43.0,15225.0,8.0,128.0,71.0,6.3,16.0,Fair,3.0,0.0,Yes,11434.0
PH101005,Samsung,Vivo V29,40.0,27216.0,4.0,512.0,90.0,6.2,48.0,Good,12.0,1.0,Yes,17660.0
PH101068,Realme,Vivo V29,20.0,69823.0,8.0,128.0,85.0,6.3,50.0,Good,21.0,1.0,Yes,47122.0
PH100665,Samsung,Oppo Reno 10,59.0,18511.0,8.0,512.0,63.0,6.5,50.0,Excellent,24.0,1.0,Yes,29292.0
PH100143,OnePlus,Oppo Reno 10,30.0,61298.0,6.0,128.0,74.0,5.9,108.0,Fair,6.0,0.0,No,34425.0
PH101616,Xiaomi,Redmi Note 13,37.0,64335.0,8.0,64.0,78.0,5.8,48.0,Fair,5.0,0.0,No,30082.0
PH101450,OnePlus,Pixel 7,28.0,114834.0,12.0,64.0,98.0,6.8,48.0,Good,17.0,2.0,Yes,68783.0
PH100865,OnePlus,iPhone 13,14.0,122966.0,16.0,64.0,99.0,6.9,50.0,Poor,13.0,2.0,Yes,66040.0
PH100422,Apple,Redmi Note 13,43.0,67571.0,6.0,128.0,88.0,5.8,12.0,Excellent,18.0,2.0,No,45935.0
PH100637,Samsung,Redmi Note 13,8.0,117982.0,6.0,512.0,79.0,6.3,50.0,Good,1.0,1.0,Yes,101824.0
PH101753,Apple,Vivo V29,14.0,64116.0,16.0,64.0,81.0,5.5,32.0,Fair,4.0,3.0,Yes,48970.0
PH100800,Xiaomi,Galaxy A54,34.0,64999.0,6.0,128.0,69.0,6.6,48.0,Fair,23.0,0.0,Yes,36695.0
PH101300,Apple,Vivo V29,9.0,,16.0,128.0,67.0,6.1,200.0,Excellent,11.0,3.0,No,92573.0
PH100616,Xiaomi,OnePlus 11,43.0,56757.0,6.0,128.0,72.0,6.1,50.0,Good,4.0,2.0,No,29463.0
PH100295,Apple,Pixel 7,19.0,37939.0,6.0,128.0,82.0,5.7,48.0,Excellent,13.0,3.0,No,39991.0
PH100942,Vivo,Realme 11 Pro,,28428.0,6.0,64.0,84.0,5.8,48.0,Good,18.0,0.0,Yes,20296.0
PH101356,OnePlus,Redmi Note 13,13.0,42063.0,4.0,512.0,80.0,6.2,108.0,Fair,0.0,3.0,No,36215.0
PH101933,Samsung,Galaxy A54,32.0,52718.0,16.0,64.0,87.0,6.9,200.0,Poor,8.0,0.0,Yes,23759.0
PH100089,OnePlus,Pixel 7,51.0,75059.0,12.0,256.0,82.0,6.2,64.0,Excellent,5.0,0.0,Yes,43871.0
PH100042,Realme,Realme 11 Pro,17.0,109088.0,4.0,64.0,91.0,6.4,12.0,Good,10.0,0.0,No,64428.0
PH101830,Samsung,OnePlus 11,18.0,82934.0,16.0,128.0,,5.6,108.0,Good,15.0,2.0,Yes,62447.0
PH101964,Apple,Vivo V29,24.0,23397.0,4.0,512.0,69.0,5.8,12.0,Good,15.0,0.0,No,29386.0
PH100132,Vivo,Galaxy A54,42.0,119216.0,16.0,256.0,88.0,5.8,48.0,Excellent,12.0,3.0,Yes,55303.0
PH101800,Samsung,Galaxy A54,21.0,,4.0,256.0,80.0,6.6,48.0,Good,21.0,3.0,Yes,16489.0
PH101010,Google,Vivo V29,58.0,114171.0,8.0,512.0,89.0,6.0,16.0,Excellent,24.0,2.0,Yes,63887.0
PH101085,Oppo,iPhone 13,60.0,79789.0,,64.0,73.0,6.2,48.0,Excellent,15.0,0.0,Yes,24452.0
PH101884,Vivo,OnePlus 11,31.0,94203.0,12.0,256.0,98.0,6.5,200.0,Excellent,2.0,3.0,Yes,59279.0
PH101363,Samsung,OnePlus 11,33.0,77066.0,16.0,64.0,85.0,6.3,12.0,Good,3.0,2.0,No,40159.0
PH101522,Samsung,Vivo V29,34.0,108502.0,6.0,256.0,90.0,5.9,108.0,Good,1.0,1.0,Yes,62258.0
PH100165,Apple,Oppo Reno 10,53.0,83696.0,16.0,512.0,75.0,6.4,32.0,Excellent,24.0,2.0,No,64837.0
PH100725,Samsung,Vivo V29,51.0,144659.0,12.0,64.0,88.0,6.0,48.0,Good,23.0,3.0,Yes,59152.0
PH100291,Samsung,Oppo Reno 10,59.0,140585.0,12.0,64.0,94.0,6.0,16.0,Good,19.0,3.0,Yes,51405.0
PH101160,OnePlus,Redmi Note 13,39.0,106634.0,16.0,512.0,83.0,5.8,12.0,Good,23.0,0.0,No,69002.0
PH101559,Realme,iPhone 13,13.0,12731.0,12.0,128.0,98.0,5.9,16.0,Good,9.0,0.0,Yes,18480.0
PH101927,Vivo,Redmi Note 13,46.0,63272.0,16.0,256.0,84.0,6.6,64.0,Excellent,1.0,1.0,Yes,32028.0
PH101035,Samsung,OnePlus 11,55.0,57256.0,4.0,64.0,95.0,5.5,64.0,Excellent,9.0,2.0,Yes,23866.0
PH101381,Oppo,Vivo V29,51.0,96573.0,4.0,512.0,78.0,6.3,64.0,Fair,19.0,3.0,Yes,38722.0
PH100779,Google,Realme 11 Pro,54.0,74780.0,4.0,64.0,65.0,6.2,32.0,Good,20.0,1.0,Yes,29621.0
PH100840,Vivo,Redmi Note 13,39.0,32435.0,,64.0,63.0,6.9,64.0,Fair,9.0,3.0,Yes,14846.0
PH100349,Google,OnePlus 11,25.0,45340.0,12.0,256.0,94.0,5.6,50.0,Good,12.0,0.0,Yes,44237.0
PH101975,Apple,iPhone 13,9.0,23549.0,16.0,256.0,85.0,6.0,50.0,Good,19.0,1.0,Yes,38947.0
PH100572,Xiaomi,Galaxy A54,10.0,107432.0,8.0,64.0,69.0,5.7,12.0,Good,5.0,1.0,No,76068.0
PH100918,OnePlus,Realme 11 Pro,5.0,127657.0,12.0,512.0,98.0,5.9,64.0,Good,6.0,1.0,Yes,127743.0
PH101203,OnePlus,Pixel 7,10.0,144018.0,16.0,64.0,99.0,6.8,12.0,Good,1.0,0.0,Yes,120810.0
PH101917,OnePlus,OnePlus 11,41.0,94844.0,6.0,512.0,64.0,6.0,200.0,Excellent,14.0,0.0,Yes,57427.0
PH101491,Samsung,Redmi Note 13,30.0,133897.0,6.0,256.0,64.0,7.0,48.0,Good,14.0,1.0,No,73523.0
PH101615,Oppo,OnePlus 11,17.0,54771.0,6.0,256.0,64.0,6.2,200.0,Fair,24.0,2.0,Yes,31502.0
PH101336,Oppo,Galaxy A54,34.0,99939.0,6.0,256.0,94.0,5.7,108.0,Good,9.0,3.0,Yes,52530.0
PH101873,Xiaomi,Realme 11 Pro,31.0,147393.0,8.0,128.0,69.0,5.9,16.0,Good,5.0,0.0,No,68407.0
PH100137,Samsung,Oppo Reno 10,30.0,55939.0,6.0,512.0,99.0,6.9,50.0,Good,11.0,1.0,Yes,43685.0
PH100459,Xiaomi,Galaxy A54,,22692.0,16.0,512.0,64.0,6.5,48.0,Excellent,17.0,3.0,Yes,36981.0
PH100376,OnePlus,OnePlus 11,48.0,96425.0,12.0,128.0,68.0,6.8,32.0,Good,18.0,1.0,Yes,47824.0
PH101361,Oppo,iPhone 13,6.0,38026.0,4.0,64.0,84.0,6.6,16.0,Good,5.0,3.0,Yes,29654.0
PH100334,Xiaomi,Vivo V29,54.0,106715.0,12.0,64.0,84.0,5.6,16.0,Excellent,3.0,3.0,Yes,39170.0
PH101325,Vivo,Redmi Note 13,17.0,102140.0,16.0,128.0,91.0,6.7,200.0,Good,7.0,3.0,Yes,63441.0
PH101177,Realme,Oppo Reno 10,9.0,27989.0,4.0,256.0,76.0,5.7,64.0,Good,17.0,0.0,Yes,29512.0
PH101953,Xiaomi,iPhone 13,21.0,117315.0,12.0,64.0,78.0,6.5,32.0,Fair,8.0,0.0,Yes,56792.0
PH101787,OnePlus,Redmi Note 13,51.0,76384.0,8.0,256.0,71.0,6.0,16.0,Good,10.0,2.0,Yes,36804.0
PH101952,Xiaomi,Redmi Note 13,3.0,106774.0,16.0,256.0,83.0,6.5,12.0,Excellent,10.0,2.0,Yes,99389.0
PH100817,Samsung,OnePlus 11,37.0,64227.0,4.0,64.0,85.0,6.2,32.0,Poor,18.0,1.0,Yes,21119.0
PH101132,Apple,Realme 11 Pro,35.0,59234.0,4.0,512.0,81.0,5.7,48.0,Good,17.0,1.0,No,50005.0
PH100606,Xiaomi,Realme 11 Pro,49.0,103198.0,4.0,64.0,96.0,6.9,108.0,Good,16.0,3.0,Yes,37306.0
PH101886,Oppo,iPhone 13,19.0,84902.0,6.0,64.0,83.0,6.6,16.0,Excellent,3.0,1.0,No,56847.0
PH101928,Xiaomi,Realme 11 Pro,21.0,86462.0,4.0,128.0,82.0,6.1,50.0,Good,14.0,2.0,Yes,48115.0
PH101335,OnePlus,Realme 11 Pro,58.0,49038.0,8.0,128.0,97.0,5.9,50.0,Good,11.0,1.0,No,20686.0
PH100911,Xiaomi,Pixel 7,19.0,64003.0,12.0,64.0,64.0,6.3,12.0,Fair,17.0,2.0,Yes,32898.0
PH101960,Xiaomi,Pixel 7,53.0,41813.0,6.0,128.0,,6.3,50.0,Excellent,16.0,1.0,Yes,20639.0
PH101226,Oppo,OnePlus 11,56.0,139402.0,8.0,64.0,97.0,6.8,200.0,Good,21.0,2.0,Yes,49346.0
PH100329,Google,Realme 11 Pro,37.0,123603.0,12.0,256.0,89.0,5.5,50.0,Good,18.0,3.0,Yes,72395.0
PH101690,OnePlus,OnePlus 11,24.0,149126.0,4.0,64.0,71.0,6.8,12.0,Good,8.0,0.0,Yes,90212.0
PH100319,Realme,Redmi Note 13,57.0,87403.0,16.0,64.0,61.0,7.0,108.0,Excellent,18.0,2.0,Yes,36468.0
PH101553,Realme,Galaxy A54,28.0,14795.0,6.0,64.0,60.0,6.3,64.0,Good,7.0,2.0,Yes,7257.0
PH101545,Google,Vivo V29,55.0,54598.0,8.0,128.0,76.0,5.7,32.0,Fair,9.0,0.0,Yes,22319.0
PH101759,Realme,Redmi Note 13,19.0,121765.0,16.0,512.0,84.0,5.7,32.0,Fair,24.0,1.0,Yes,74966.0
PH100168,Realme,Realme 11 Pro,14.0,70692.0,4.0,128.0,79.0,6.9,12.0,Fair,22.0,2.0,Yes,30334.0
PH100013,Xiaomi,Oppo Reno 10,44.0,55764.0,8.0,128.0,92.0,5.9,200.0,Good,18.0,0.0,Yes,35083.0
PH101957,Oppo,Redmi Note 13,55.0,68117.0,4.0,256.0,89.0,6.4,64.0,Good,8.0,2.0,Yes,28179.0
PH100172,Vivo,Oppo Reno 10,30.0,123718.0,8.0,256.0,96.0,6.7,48.0,Excellent,16.0,0.0,No,78660.0
PH100650,Vivo,Oppo Reno 10,14.0,136857.0,6.0,256.0,69.0,6.4,50.0,Good,24.0,0.0,Yes,92525.0
PH101524,Vivo,Pixel 7,31.0,78323.0,16.0,512.0,81.0,6.9,64.0,Fair,2.0,0.0,No,44950.0
PH100261,Samsung,Vivo V29,4.0,56516.0,16.0,512.0,60.0,6.3,108.0,Fair,9.0,1.0,No,55553.0
PH101231,Realme,Oppo Reno 10,55.0,108444.0,4.0,512.0,88.0,6.8,200.0,Good,13.0,1.0,Yes,41483.0
PH101430,Realme,Oppo Reno 10,8.0,,8.0,64.0,87.0,6.8,16.0,Excellent,18.0,0.0,Yes,99318.0
PH100902,OnePlus,iPhone 13,9.0,128590.0,,512.0,71.0,6.0,64.0,Good,4.0,3.0,Yes,107119.0
PH100673,Oppo,iPhone 13,37.0,18589.0,16.0,128.0,83.0,6.1,16.0,Good,14.0,1.0,Yes,20053.0
PH100259,Google,Pixel 7,59.0,57913.0,4.0,256.0,88.0,6.4,16.0,Excellent,3.0,0.0,Yes,29606.0
PH100845,Vivo,Oppo Reno 10,55.0,145195.0,4.0,64.0,83.0,5.8,48.0,Fair,10.0,0.0,Yes,44312.0
PH100868,Oppo,Oppo Reno 10,53.0,89154.0,4.0,256.0,90.0,5.7,64.0,Excellent,9.0,2.0,Yes,40908.0
PH101212,OnePlus,OnePlus 11,23.0,109557.0,12.0,128.0,63.0,6.4,200.0,Good,11.0,1.0,No,71824.0
PH100139,Realme,Oppo Reno 10,29.0,122107.0,6.0,128.0,62.0,6.8,32.0,Good,5.0,0.0,Yes,53907.0
PH100894,Vivo,Galaxy A54,16.0,51553.0,6.0,64.0,83.0,6.2,48.0,Good,23.0,1.0,Yes,36207.0
PH101866,Apple,Pixel 7,9.0,61768.0,4.0,64.0,80.0,6.2,64.0,,16.0,1.0,Yes,60325.0
PH100550,Realme,Redmi Note 13,19.0,28279.0,6.0,64.0,89.0,6.2,50.0,Fair,15.0,2.0,No,19585.0
PH100320,Oppo,Realme 11 Pro,25.0,76286.0,8.0,256.0,92.0,6.8,108.0,Good,7.0,3.0,Yes,49916.0
PH101550,Google,Pixel 7,52.0,143870.0,6.0,512.0,61.0,6.3,200.0,Good,7.0,1.0,Yes,72242.0
PH101329,Oppo,Oppo Reno 10,6.0,48133.0,12.0,512.0,98.0,5.5,48.0,Good,0.0,2.0,Yes,48050.0
PH101828,Google,Realme 11 Pro,20.0,47897.0,12.0,64.0,89.0,5.8,64.0,Good,17.0,1.0,Yes,39390.0
PH100559,Google,Pixel 7,13.0,110618.0,6.0,64.0,83.0,5.8,16.0,Excellent,20.0,2.0,Yes,92964.0
PH100140,Samsung,iPhone 13,43.0,133866.0,16.0,256.0,66.0,6.7,64.0,Good,8.0,1.0,Yes,63535.0
PH101761,Google,Vivo V29,28.0,50871.0,12.0,128.0,80.0,6.4,200.0,Fair,24.0,0.0,Yes,48061.0
PH100532,Google,Oppo Reno 10,10.0,140126.0,6.0,64.0,88.0,6.8,64.0,Good,24.0,1.0,Yes,114595.0
PH100225,Apple,Pixel 7,47.0,34010.0,16.0,128.0,73.0,6.4,108.0,Good,4.0,2.0,No,25808.0
PH100724,Samsung,Redmi Note 13,13.0,106881.0,16.0,128.0,68.0,6.3,16.0,Fair,6.0,1.0,No,72131.0
PH100787,Realme,iPhone 13,39.0,88173.0,8.0,512.0,72.0,5.9,108.0,Good,8.0,1.0,Yes,39354.0
PH101743,Apple,Realme 11 Pro,11.0,91465.0,12.0,256.0,75.0,6.3,32.0,Good,20.0,0.0,Yes,91635.0
PH101178,Google,Vivo V29,43.0,40931.0,16.0,128.0,80.0,6.7,108.0,Fair,12.0,2.0,Yes,21514.0
PH100410,Oppo,Pixel 7,43.0,37517.0,4.0,512.0,98.0,6.8,32.0,Excellent,8.0,2.0,Yes,26565.0
PH100326,Oppo,Vivo V29,40.0,40302.0,6.0,256.0,,6.7,12.0,Excellent,11.0,3.0,Yes,27268.0
PH101546,OnePlus,Galaxy A54,29.0,73084.0,6.0,64.0,91.0,7.0,12.0,Good,2.0,3.0,No,43394.0
PH100300,Google,Pixel 7,17.0,129269.0,8.0,64.0,100.0,6.8,48.0,Good,18.0,1.0,Yes,99012.0
PH101281,Apple,OnePlus 11,8.0,17606.0,16.0,256.0,87.0,6.2,16.0,Fair,7.0,3.0,No,30723.0
PH101158,Samsung,Realme 11 Pro,21.0,72197.0,6.0,256.0,93.0,6.3,48.0,Excellent,8.0,0.0,No,65547.0
PH100026,Oppo,iPhone 13,45.0,85788.0,4.0,512.0,84.0,6.5,12.0,Good,22.0,3.0,Yes,39891.0
PH101888,OnePlus,Vivo V29,8.0,32056.0,4.0,256.0,75.0,6.6,16.0,Good,13.0,1.0,No,33701.0
PH100715,Google,Oppo Reno 10,31.0,149150.0,6.0,64.0,68.0,5.9,48.0,Good,19.0,3.0,Yes,82120.0
PH100847,Apple,iPhone 13,13.0,74993.0,8.0,256.0,72.0,6.2,64.0,Excellent,3.0,2.0,No,74547.0
PH100194,Realme,Galaxy A54,47.0,23676.0,4.0,64.0,65.0,6.0,108.0,Fair,8.0,2.0,Yes,12135.0
PH100441,Samsung,Galaxy A54,5.0,126879.0,4.0,64.0,88.0,5.9,48.0,Good,15.0,0.0,Yes,113386.0
PH100574,Apple,Galaxy A54,47.0,,16.0,256.0,69.0,6.6,200.0,Good,17.0,3.0,Yes,69230.0
PH100947,Vivo,Vivo V29,49.0,95829.0,16.0,64.0,89.0,6.6,16.0,Fair,8.0,0.0,No,33534.0
PH100998,OnePlus,Vivo V29,4.0,121863.0,4.0,512.0,87.0,6.1,12.0,Excellent,23.0,2.0,Yes,125220.0
PH100504,Google,Oppo Reno 10,20.0,138083.0,12.0,512.0,89.0,5.9,16.0,Good,24.0,0.0,Yes,115983.0
PH101190,Google,Oppo Reno 10,13.0,119573.0,6.0,256.0,71.0,6.9,50.0,Excellent,15.0,2.0,Yes,102500.0
PH101903,Samsung,OnePlus 11,5.0,122957.0,12.0,512.0,66.0,6.6,12.0,Fair,21.0,2.0,No,104323.0
PH101814,Vivo,Vivo V29,53.0,21196.0,8.0,64.0,64.0,6.9,12.0,Good,15.0,2.0,Yes,9222.0
PH100004,Realme,Pixel 7,57.0,102009.0,12.0,64.0,81.0,6.5,48.0,Good,19.0,1.0,Yes,36144.0
PH101269,Vivo,Pixel 7,30.0,129333.0,12.0,64.0,68.0,6.0,64.0,Good,,2.0,Yes,68680.0
PH100468,Samsung,Galaxy A54,54.0,,12.0,64.0,74.0,6.0,16.0,Good,7.0,2.0,Yes,35331.0
PH100006,Google,Redmi Note 13,16.0,16138.0,8.0,64.0,68.0,6.1,108.0,Good,20.0,3.0,Yes,18333.0
PH101394,Oppo,OnePlus 11,36.0,106242.0,12.0,128.0,76.0,6.1,16.0,Good,3.0,2.0,Yes,51335.0
PH100548,OnePlus,Redmi Note 13,51.0,111214.0,6.0,64.0,79.0,5.8,12.0,Fair,3.0,0.0,No,42005.0
PH100229,Samsung,Galaxy A54,32.0,121162.0,4.0,128.0,90.0,6.9,48.0,Fair,20.0,3.0,Yes,61675.0
PH100543,Xiaomi,Galaxy A54,56.0,104876.0,12.0,512.0,93.0,6.7,50.0,Good,8.0,1.0,No,44656.0
PH100243,OnePlus,Galaxy A54,6.0,113158.0,6.0,64.0,92.0,6.5,64.0,Fair,7.0,0.0,No,84567.0
PH100899,Realme,iPhone 13,49.0,44766.0,6.0,512.0,98.0,6.2,64.0,Good,1.0,1.0,Yes,26533.0
PH101778,Xiaomi,Redmi Note 13,36.0,78766.0,12.0,256.0,66.0,5.8,12.0,Excellent,16.0,1.0,No,49123.0
PH101209,Samsung,OnePlus 11,8.0,23350.0,16.0,256.0,96.0,6.7,50.0,Excellent,19.0,0.0,Yes,38479.0
PH101790,Oppo,Vivo V29,55.0,72892.0,4.0,64.0,91.0,6.9,64.0,Good,13.0,1.0,Yes,24598.0
PH100843,Samsung,Galaxy A54,21.0,25704.0,6.0,64.0,94.0,6.1,64.0,Poor,6.0,3.0,Yes,9151.0
PH101702,Oppo,iPhone 13,36.0,112963.0,4.0,512.0,91.0,6.4,108.0,Good,10.0,2.0,Yes,63430.0
PH101713,Vivo,Vivo V29,54.0,117603.0,8.0,64.0,73.0,5.6,12.0,Fair,8.0,3.0,Yes,35870.0
PH102000,Samsung,Oppo Reno 10,23.0,128220.0,12.0,512.0,84.0,5.8,108.0,Good,9.0,1.0,No,90041.0
PH100662,Xiaomi,Oppo Reno 10,27.0,133987.0,12.0,128.0,65.0,6.0,48.0,Good,6.0,2.0,Yes,64440.0
PH100793,Vivo,Galaxy A54,24.0,126527.0,4.0,512.0,91.0,6.3,108.0,Good,4.0,0.0,Yes,83228.0
PH100315,Xiaomi,Redmi Note 13,11.0,109537.0,4.0,64.0,92.0,6.8,16.0,Good,6.0,0.0,Yes,71928.0
PH100692,Oppo,Vivo V29,13.0,80309.0,12.0,512.0,76.0,6.3,108.0,Good,9.0,2.0,Yes,74049.0
PH101527,Realme,iPhone 13,5.0,17033.0,12.0,128.0,75.0,6.2,108.0,Fair,1.0,1.0,No,16872.0
PH100425,Google,Realme 11 Pro,18.0,125931.0,4.0,128.0,84.0,5.7,16.0,Fair,8.0,0.0,Yes,83139.0
PH100595,OnePlus,Galaxy A54,22.0,40054.0,8.0,512.0,83.0,6.2,48.0,Excellent,21.0,2.0,Yes,37830.0
PH101994,Samsung,Vivo V29,52.0,44355.0,4.0,128.0,93.0,6.4,200.0,Fair,10.0,0.0,Yes,26528.0
PH100623,Realme,OnePlus 11,53.0,37954.0,8.0,256.0,84.0,6.0,200.0,Good,15.0,0.0,Yes,23612.0
PH101188,Samsung,OnePlus 11,11.0,108622.0,8.0,256.0,64.0,6.2,200.0,Good,1.0,2.0,No,86499.0
PH101058,Realme,OnePlus 11,54.0,88623.0,12.0,128.0,85.0,6.7,48.0,,24.0,2.0,Yes,34370.0
PH100228,Oppo,Galaxy A54,23.0,142526.0,6.0,256.0,85.0,6.8,200.0,Excellent,17.0,0.0,No,92641.0
PH101135,Xiaomi,iPhone 13,58.0,19371.0,16.0,256.0,88.0,6.0,108.0,Good,18.0,3.0,No,20206.0
PH101823,OnePlus,Pixel 7,52.0,17269.0,4.0,256.0,72.0,6.5,12.0,Excellent,4.0,0.0,Yes,18401.0
PH101115,Realme,iPhone 13,20.0,26389.0,6.0,256.0,90.0,7.0,12.0,Excellent,16.0,2.0,No,24977.0
PH100067,OnePlus,OnePlus 11,14.0,138649.0,4.0,64.0,86.0,6.8,48.0,Fair,13.0,0.0,Yes,84132.0
PH100025,OnePlus,Vivo V29,60.0,22442.0,16.0,128.0,62.0,5.7,108.0,Good,3.0,3.0,Yes,12673.0
PH100145,Google,Galaxy A54,51.0,15453.0,4.0,256.0,62.0,6.8,16.0,Good,12.0,1.0,Yes,10930.0
PH100537,Google,Realme 11 Pro,41.0,133219.0,4.0,256.0,80.0,6.1,12.0,Fair,13.0,3.0,Yes,47149.0
PH100812,Xiaomi,Galaxy A54,6.0,69221.0,16.0,128.0,96.0,5.7,64.0,Good,15.0,0.0,Yes,58492.0
PH101767,Oppo,Pixel 7,20.0,114072.0,16.0,64.0,88.0,6.6,50.0,Good,9.0,0.0,Yes,73496.0
PH100086,Xiaomi,Vivo V29,43.0,125499.0,16.0,64.0,96.0,6.6,48.0,Fair,22.0,2.0,Yes,47274.0
PH101351,OnePlus,OnePlus 11,28.0,47081.0,6.0,256.0,93.0,6.6,64.0,Good,21.0,0.0,Yes,36604.0
PH101201,Vivo,Redmi Note 13,11.0,47932.0,8.0,512.0,90.0,5.7,64.0,Fair,17.0,1.0,No,48629.0
PH101086,Samsung,Vivo V29,31.0,122634.0,6.0,64.0,62.0,6.0,32.0,Fair,2.0,2.0,Yes,51603.0
PH101833,OnePlus,Pixel 7,51.0,,8.0,512.0,87.0,6.5,32.0,Excellent,2.0,1.0,Yes,52999.0
PH101936,Google,iPhone 13,24.0,49394.0,4.0,512.0,98.0,6.0,48.0,Poor,17.0,2.0,No,37176.0
PH101392,Oppo,Vivo V29,40.0,81322.0,8.0,512.0,78.0,5.7,48.0,Excellent,10.0,1.0,Yes,46120.0
PH101162,Vivo,Galaxy A54,19.0,147909.0,6.0,64.0,92.0,5.8,50.0,Good,6.0,1.0,Yes,80797.0
PH100363,Samsung,Realme 11 Pro,22.0,148304.0,6.0,64.0,96.0,6.0,32.0,Excellent,14.0,0.0,Yes,107333.0
PH101700,Google,Vivo V29,12.0,78985.0,6.0,256.0,76.0,5.7,48.0,Fair,22.0,3.0,Yes,55289.0
PH101170,Xiaomi,Pixel 7,49.0,42573.0,4.0,256.0,69.0,5.8,64.0,Good,11.0,0.0,Yes,20479.0
PH101027,Apple,Vivo V29,3.0,106543.0,12.0,512.0,87.0,6.5,12.0,Good,5.0,0.0,Yes,127736.0
PH101031,Realme,Realme 11 Pro,55.0,125985.0,16.0,256.0,65.0,5.8,12.0,Poor,17.0,1.0,No,38144.0
PH101235,Apple,iPhone 13,39.0,20947.0,6.0,512.0,74.0,6.5,16.0,Good,12.0,0.0,Yes,27743.0
PH101515,OnePlus,OnePlus 11,56.0,58216.0,8.0,512.0,60.0,5.8,48.0,Excellent,22.0,3.0,Yes,41519.0
PH101088,Google,Pixel 7,20.0,111572.0,6.0,512.0,86.0,7.0,108.0,Good,14.0,1.0,No,90720.0
PH100666,Vivo,Vivo V29,40.0,126816.0,16.0,64.0,81.0,5.8,50.0,Good,5.0,2.0,Yes,56304.0
PH100365,Realme,OnePlus 11,27.0,91768.0,4.0,64.0,72.0,6.9,16.0,Good,23.0,1.0,Yes,57082.0
PH100078,OnePlus,Realme 11 Pro,57.0,107985.0,12.0,64.0,82.0,6.1,50.0,Poor,13.0,3.0,Yes,35624.0
PH100028,Apple,Pixel 7,23.0,39586.0,16.0,256.0,99.0,6.6,108.0,Fair,18.0,2.0,Yes,39977.0
PH101457,Oppo,Galaxy A54,19.0,60940.0,6.0,256.0,83.0,6.1,12.0,Good,0.0,0.0,Yes,43501.0
PH100526,Realme,Pixel 7,51.0,84779.0,12.0,64.0,79.0,6.7,50.0,Excellent,4.0,0.0,Yes,39959.0
PH101898,Xiaomi,Galaxy A54,51.0,129925.0,6.0,512.0,86.0,6.0,64.0,Fair,1.0,3.0,Yes,37904.0
PH100056,OnePlus,Redmi Note 13,7.0,147530.0,6.0,256.0,71.0,6.1,32.0,Poor,16.0,1.0,Yes,87867.0
PH100639,Apple,Oppo Reno 10,55.0,78809.0,4.0,128.0,93.0,6.9,108.0,Fair,8.0,1.0,Yes,36770.0
PH100303,Xiaomi,Redmi Note 13,35.0,128525.0,6.0,256.0,64.0,6.5,50.0,Excellent,3.0,1.0,No,55263.0
PH100719,Google,Redmi Note 13,37.0,119227.0,16.0,128.0,64.0,5.6,48.0,Good,16.0,2.0,No,64929.0
PH100625,Vivo,OnePlus 11,15.0,16992.0,12.0,64.0,87.0,6.5,16.0,Excellent,1.0,2.0,Yes,10725.0
PH100008,Vivo,Realme 11 Pro,12.0,87945.0,8.0,256.0,86.0,6.7,64.0,Good,18.0,2.0,Yes,60364.0
PH100804,Samsung,OnePlus 11,51.0,87209.0,6.0,128.0,60.0,6.4,50.0,Excellent,2.0,3.0,Yes,29857.0
PH101050,Samsung,OnePlus 11,54.0,31053.0,8.0,128.0,77.0,5.8,64.0,Fair,12.0,0.0,Yes,10165.0
PH100337,,Realme 11 Pro,14.0,55469.0,12.0,64.0,90.0,6.5,108.0,Excellent,14.0,1.0,No,47790.0
PH100048,Realme,Redmi Note 13,46.0,20024.0,12.0,512.0,71.0,5.6,48.0,Excellent,6.0,3.0,Yes,14665.0
PH101503,Oppo,Galaxy A54,24.0,78537.0,4.0,256.0,97.0,6.2,64.0,,4.0,2.0,Yes,45227.0
PH100107,Oppo,Redmi Note 13,18.0,35408.0,8.0,256.0,64.0,6.7,48.0,Fair,2.0,3.0,Yes,9902.0
PH100350,Realme,Pixel 7,29.0,51850.0,12.0,256.0,61.0,6.4,48.0,Poor,1.0,1.0,No,22085.0
PH101080,Samsung,Realme 11 Pro,51.0,18638.0,6.0,128.0,84.0,6.0,108.0,Good,12.0,3.0,Yes,12113.0
PH100239,Xiaomi,OnePlus 11,7.0,90542.0,12.0,64.0,95.0,5.5,108.0,Good,12.0,3.0,Yes,66350.0
PH100214,Realme,Redmi Note 13,48.0,23064.0,6.0,128.0,68.0,5.8,48.0,Good,22.0,0.0,Yes,19522.0
PH101271,Apple,Vivo V29,14.0,115780.0,8.0,128.0,90.0,5.7,108.0,Good,18.0,2.0,Yes,106929.0
PH101315,Oppo,Redmi Note 13,6.0,138202.0,16.0,64.0,71.0,6.7,16.0,Good,8.0,1.0,Yes,99586.0
PH100794,OnePlus,Vivo V29,55.0,148385.0,16.0,256.0,65.0,6.5,12.0,Fair,13.0,1.0,Yes,51874.0
PH101097,Apple,Pixel 7,43.0,60924.0,6.0,128.0,67.0,6.9,48.0,Excellent,21.0,1.0,Yes,42428.0
PH101197,Apple,Pixel 7,25.0,72354.0,4.0,128.0,68.0,6.2,16.0,Excellent,19.0,0.0,Yes,58408.0
PH101592,Xiaomi,Realme 11 Pro,16.0,84227.0,6.0,64.0,75.0,5.5,50.0,Excellent,14.0,2.0,Yes,54051.0
PH101606,Realme,Realme 11 Pro,50.0,25386.0,8.0,512.0,100.0,5.8,50.0,Poor,17.0,1.0,No,27276.0
PH101697,Samsung,Oppo Reno 10,57.0,105348.0,8.0,512.0,65.0,5.9,108.0,Good,21.0,0.0,Yes,51715.0
PH100524,Realme,Pixel 7,22.0,98402.0,6.0,64.0,67.0,5.5,32.0,Fair,22.0,0.0,Yes,50494.0
PH100233,OnePlus,iPhone 13,30.0,80842.0,16.0,128.0,84.0,6.9,108.0,Good,21.0,2.0,Yes,56450.0
PH100645,Google,Vivo V29,32.0,56041.0,8.0,64.0,82.0,5.7,108.0,Good,21.0,0.0,Yes,39277.0
PH101531,Oppo,OnePlus 11,32.0,12066.0,6.0,64.0,99.0,6.7,48.0,Good,9.0,3.0,Yes,6323.0
PH100534,Samsung,iPhone 13,22.0,41437.0,12.0,256.0,100.0,6.2,50.0,Fair,4.0,1.0,Yes,32944.0
PH101532,Apple,Pixel 7,37.0,126159.0,16.0,64.0,73.0,5.9,64.0,Fair,9.0,3.0,Yes,61375.0
PH100604,Oppo,Galaxy A54,39.0,35666.0,16.0,64.0,74.0,5.7,12.0,Good,20.0,3.0,No,21280.0
PH101227,Realme,Vivo V29,12.0,86229.0,6.0,128.0,75.0,6.8,108.0,Good,15.0,1.0,Yes,60492.0
PH101075,Samsung,Realme 11 Pro,58.0,46782.0,6.0,512.0,75.0,6.8,108.0,Fair,1.0,1.0,Yes,25841.0
PH101323,Vivo,Realme 11 Pro,30.0,58418.0,12.0,128.0,77.0,5.9,48.0,Good,0.0,1.0,Yes,27968.0
PH100061,Xiaomi,Galaxy A54,26.0,17668.0,4.0,512.0,81.0,6.8,64.0,Excellent,2.0,3.0,Yes,17870.0
PH101282,Realme,Galaxy A54,9.0,147028.0,12.0,256.0,62.0,6.0,50.0,Good,8.0,1.0,Yes,94433.0
PH100093,Apple,Oppo Reno 10,48.0,14187.0,16.0,128.0,91.0,5.6,64.0,Good,13.0,1.0,Yes,25425.0
PH100667,Oppo,Pixel 7,30.0,16765.0,8.0,512.0,72.0,6.2,108.0,Fair,0.0,0.0,No,23983.0
PH100281,OnePlus,iPhone 13,23.0,19485.0,4.0,512.0,,5.5,12.0,Excellent,22.0,2.0,No,32622.0
PH100100,Vivo,Redmi Note 13,4.0,81463.0,6.0,128.0,63.0,5.8,50.0,Good,19.0,3.0,Yes,56507.0
PH100360,Xiaomi,Galaxy A54,21.0,34164.0,6.0,256.0,74.0,6.6,16.0,Poor,7.0,1.0,No,23496.0
PH101256,Apple,iPhone 13,27.0,143764.0,6.0,256.0,61.0,5.9,48.0,Excellent,,2.0,Yes,101203.0
PH101342,Google,Oppo Reno 10,30.0,72610.0,6.0,512.0,70.0,5.6,64.0,Fair,,0.0,Yes,57155.0
PH100848,Apple,OnePlus 11,56.0,124752.0,16.0,64.0,74.0,6.8,16.0,Good,23.0,2.0,No,55421.0
PH101605,OnePlus,iPhone 13,21.0,131682.0,8.0,128.0,89.0,6.6,32.0,Excellent,12.0,3.0,Yes,90435.0
PH100111,Google,OnePlus 11,24.0,125650.0,12.0,64.0,68.0,5.7,50.0,Good,18.0,1.0,No,82204.0
PH100043,Apple,Galaxy A54,50.0,13014.0,4.0,512.0,97.0,6.9,108.0,Good,7.0,0.0,Yes,17441.0
PH100126,Google,Oppo Reno 10,6.0,35199.0,16.0,256.0,77.0,5.6,50.0,Good,18.0,0.0,Yes,43325.0
PH100205,OnePlus,Galaxy A54,10.0,35185.0,6.0,64.0,99.0,6.1,32.0,Good,1.0,2.0,Yes,27442.0
PH100053,Xiaomi,Oppo Reno 10,60.0,97178.0,16.0,128.0,72.0,6.9,200.0,Good,3.0,3.0,Yes,34161.0
PH100546,Google,Galaxy A54,26.0,57536.0,12.0,512.0,63.0,6.7,48.0,Fair,24.0,2.0,Yes,48069.0
PH100069,OnePlus,iPhone 13,43.0,100835.0,4.0,64.0,76.0,6.1,200.0,Good,13.0,1.0,Yes,42013.0
PH101921,Xiaomi,Redmi Note 13,40.0,112625.0,12.0,64.0,77.0,5.7,64.0,Good,24.0,1.0,Yes,50247.0
PH101862,Oppo,iPhone 13,35.0,38655.0,12.0,64.0,61.0,6.9,50.0,Excellent,8.0,3.0,No,22618.0
PH100184,Xiaomi,Oppo Reno 10,42.0,63831.0,6.0,64.0,90.0,6.3,64.0,Good,11.0,1.0,Yes,27029.0
PH100138,Samsung,Pixel 7,16.0,41345.0,16.0,128.0,62.0,6.9,200.0,Fair,15.0,3.0,Yes,33156.0
PH100900,Xiaomi,Oppo Reno 10,49.0,44006.0,6.0,64.0,65.0,6.7,108.0,Excellent,15.0,3.0,Yes,9984.0
PH100797,Vivo,Redmi Note 13,5.0,71550.0,16.0,128.0,77.0,5.7,16.0,Good,19.0,3.0,No,56968.0
PH100133,Samsung,Oppo Reno 10,23.0,82269.0,6.0,256.0,64.0,6.3,200.0,Good,6.0,2.0,Yes,50003.0
PH100081,,Galaxy A54,26.0,43781.0,6.0,512.0,84.0,6.2,16.0,Good,3.0,0.0,Yes,33081.0
PH101506,Xiaomi,iPhone 13,59.0,35283.0,8.0,64.0,98.0,6.2,50.0,Good,14.0,2.0,No,12814.0
PH101564,Apple,Pixel 7,3.0,80469.0,4.0,512.0,64.0,5.8,16.0,Fair,14.0,3.0,Yes,81509.0
PH100542,Apple,Galaxy A54,45.0,30931.0,16.0,128.0,61.0,6.7,50.0,Excellent,18.0,2.0,No,18901.0
PH101619,Oppo,Vivo V29,5.0,114272.0,4.0,256.0,80.0,6.0,200.0,Good,3.0,1.0,Yes,86538.0
PH100984,Vivo,Redmi Note 13,40.0,118511.0,16.0,64.0,65.0,6.2,12.0,Good,24.0,3.0,No,54811.0
PH100166,Samsung,Realme 11 Pro,13.0,,4.0,64.0,95.0,6.1,64.0,Good,6.0,0.0,No,62484.0
PH100249,Samsung,Pixel 7,37.0,31996.0,8.0,256.0,75.0,5.8,48.0,Excellent,8.0,3.0,No,25826.0
PH100447,Xiaomi,Vivo V29,6.0,147203.0,6.0,512.0,91.0,6.5,12.0,Fair,18.0,3.0,No,100177.0
PH101166,Apple,Galaxy A54,41.0,77911.0,6.0,128.0,62.0,5.5,48.0,Good,8.0,1.0,Yes,40814.0
PH100859,Apple,Galaxy A54,19.0,46785.0,12.0,256.0,77.0,5.5,108.0,Fair,7.0,0.0,Yes,43017.0
PH101229,Oppo,Redmi Note 13,46.0,75965.0,8.0,64.0,82.0,5.7,64.0,Good,21.0,1.0,Yes,40033.0
PH100098,OnePlus,iPhone 13,23.0,138270.0,4.0,256.0,76.0,6.0,200.0,Good,2.0,3.0,Yes,87080.0
PH100906,Apple,Realme 11 Pro,11.0,73692.0,4.0,128.0,69.0,5.8,48.0,Poor,24.0,3.0,Yes,50706.0
PH100738,Vivo,iPhone 13,6.0,132592.0,8.0,64.0,94.0,5.7,32.0,Excellent,12.0,3.0,Yes,100834.0
PH101274,Xiaomi,Redmi Note 13,55.0,149161.0,4.0,512.0,93.0,5.6,12.0,Fair,13.0,2.0,No,53534.0
PH100103,Apple,Vivo V29,59.0,74061.0,16.0,256.0,100.0,6.2,200.0,Poor,23.0,2.0,No,39482.0
PH100435,OnePlus,Oppo Reno 10,23.0,57619.0,16.0,512.0,60.0,6.6,12.0,Good,18.0,3.0,No,44939.0
PH100075,Vivo,Realme 11 Pro,59.0,47842.0,12.0,64.0,82.0,6.9,64.0,Excellent,11.0,1.0,No,21239.0
PH101819,Apple,Redmi Note 13,16.0,113010.0,12.0,512.0,76.0,6.9,16.0,Good,0.0,0.0,Yes,109210.0
PH101645,Samsung,Oppo Reno 10,59.0,,8.0,64.0,77.0,5.6,50.0,Poor,2.0,1.0,No,24331.0
PH100919,OnePlus,Pixel 7,7.0,,,512.0,68.0,5.8,64.0,Fair,6.0,1.0,No,68897.0
PH101737,Vivo,Vivo V29,41.0,88981.0,4.0,64.0,64.0,6.4,48.0,Good,2.0,3.0,Yes,29014.0
PH101747,OnePlus,Pixel 7,22.0,28576.0,6.0,128.0,93.0,6.4,64.0,Good,14.0,0.0,Yes,21342.0
PH101811,Apple,Oppo Reno 10,4.0,141716.0,4.0,64.0,76.0,6.5,12.0,Fair,14.0,2.0,No,122210.0
PH100763,Vivo,Redmi Note 13,44.0,17368.0,12.0,64.0,65.0,5.9,200.0,Fair,6.0,2.0,Yes,9748.0
PH100990,Google,Pixel 7,15.0,102417.0,12.0,256.0,65.0,6.3,200.0,Good,3.0,3.0,No,69187.0
PH100389,Samsung,Redmi Note 13,59.0,86102.0,8.0,512.0,,5.7,200.0,Good,19.0,3.0,Yes,41410.0
PH100236,OnePlus,Pixel 7,33.0,60008.0,4.0,256.0,95.0,6.6,50.0,Fair,1.0,1.0,Yes,33943.0
PH101558,Xiaomi,Galaxy A54,12.0,107865.0,16.0,64.0,65.0,5.6,16.0,Excellent,18.0,0.0,Yes,89277.0
PH100268,Google,Pixel 7,36.0,44821.0,12.0,128.0,66.0,6.7,16.0,Fair,3.0,0.0,Yes,30282.0
PH101205,Vivo,Redmi Note 13,38.0,39241.0,12.0,512.0,98.0,6.9,50.0,Good,14.0,1.0,Yes,37294.0
PH100118,,OnePlus 11,37.0,125053.0,6.0,256.0,69.0,6.0,200.0,Good,23.0,0.0,No,65132.0
PH101630,Oppo,Pixel 7,6.0,46980.0,4.0,256.0,78.0,5.5,12.0,,3.0,1.0,No,48659.0
PH100674,Oppo,Redmi Note 13,47.0,105664.0,16.0,256.0,88.0,6.8,12.0,Excellent,21.0,2.0,No,58895.0
PH100250,Xiaomi,Galaxy A54,30.0,112922.0,6.0,64.0,74.0,6.3,200.0,Excellent,4.0,0.0,Yes,58214.0
PH101474,Apple,Pixel 7,3.0,71251.0,8.0,64.0,67.0,6.6,50.0,Excellent,,2.0,Yes,89576.0
PH101923,OnePlus,Oppo Reno 10,,56755.0,16.0,64.0,69.0,7.0,32.0,Excellent,7.0,1.0,Yes,46061.0
PH100095,,Realme 11 Pro,36.0,47098.0,12.0,128.0,72.0,5.9,108.0,Fair,10.0,3.0,Yes,14662.0
PH100034,Apple,iPhone 13,8.0,128214.0,8.0,512.0,98.0,5.5,16.0,Good,24.0,1.0,No,130236.0
PH101858,Samsung,Redmi Note 13,32.0,124224.0,8.0,128.0,67.0,6.9,12.0,Excellent,6.0,2.0,Yes,70275.0
PH101693,OnePlus,Vivo V29,23.0,61112.0,6.0,64.0,85.0,6.3,32.0,Excellent,11.0,2.0,Yes,49361.0
PH100449,Realme,Pixel 7,19.0,23349.0,12.0,512.0,76.0,6.7,16.0,Good,8.0,3.0,Yes,30636.0
PH100717,Xiaomi,iPhone 13,20.0,133724.0,4.0,512.0,61.0,6.4,108.0,Poor,15.0,2.0,Yes,60721.0
PH101856,Apple,Vivo V29,7.0,112764.0,16.0,512.0,91.0,5.9,48.0,Fair,16.0,3.0,Yes,116745.0
PH101541,Realme,Oppo Reno 10,47.0,130027.0,12.0,512.0,94.0,6.6,200.0,Good,13.0,3.0,Yes,50663.0
PH100001,Realme,Realme 11 Pro,30.0,81212.0,16.0,512.0,92.0,6.5,50.0,Good,9.0,0.0,Yes,58459.0
PH101395,Vivo,Galaxy A54,17.0,50196.0,8.0,64.0,87.0,6.4,50.0,Fair,9.0,3.0,Yes,25294.0
PH101102,Apple,Vivo V29,31.0,33316.0,4.0,256.0,66.0,5.6,12.0,Excellent,14.0,1.0,Yes,32011.0
PH101109,Oppo,Galaxy A54,11.0,85290.0,8.0,128.0,83.0,6.2,64.0,Excellent,8.0,2.0,Yes,59911.0
PH101766,,Galaxy A54,6.0,44574.0,8.0,128.0,63.0,5.5,200.0,Excellent,5.0,3.0,Yes,41118.0
PH100083,Vivo,Vivo V29,30.0,17103.0,16.0,512.0,75.0,6.0,108.0,Excellent,18.0,1.0,Yes,28472.0
PH101629,Realme,Pixel 7,44.0,99924.0,6.0,128.0,96.0,5.8,108.0,,22.0,1.0,Yes,33158.0
PH100677,OnePlus,Vivo V29,55.0,52953.0,4.0,512.0,60.0,5.7,50.0,Good,12.0,0.0,Yes,34616.0
PH101472,Apple,Realme 11 Pro,49.0,144450.0,8.0,128.0,67.0,6.3,12.0,Poor,23.0,0.0,Yes,57528.0
PH101047,Xiaomi,iPhone 13,38.0,79708.0,8.0,128.0,65.0,5.7,16.0,Good,22.0,0.0,Yes,41335.0
PH100771,Vivo,Realme 11 Pro,8.0,65822.0,16.0,128.0,88.0,6.8,108.0,Good,20.0,2.0,Yes,54051.0
PH101233,Vivo,Realme 11 Pro,48.0,109799.0,16.0,256.0,88.0,6.8,200.0,Excellent,1.0,2.0,No,48190.0
PH101299,Vivo,iPhone 13,15.0,99902.0,8.0,64.0,69.0,5.9,50.0,Excellent,12.0,0.0,Yes,67929.0
PH101653,Apple,Oppo Reno 10,9.0,49425.0,4.0,256.0,90.0,6.5,50.0,Fair,23.0,1.0,Yes,56051.0
PH101512,Realme,Vivo V29,12.0,122782.0,8.0,128.0,85.0,5.6,64.0,Fair,12.0,1.0,Yes,65623.0
PH100405,Google,Redmi Note 13,27.0,,8.0,64.0,100.0,6.5,108.0,Good,24.0,1.0,Yes,32520.0
PH101754,Realme,Galaxy A54,50.0,116186.0,16.0,256.0,64.0,6.5,64.0,Excellent,19.0,2.0,Yes,50596.0
PH101317,,OnePlus 11,5.0,135769.0,16.0,128.0,86.0,6.6,200.0,Good,4.0,3.0,Yes,136712.0
PH101359,OnePlus,iPhone 13,10.0,26506.0,4.0,128.0,93.0,6.4,12.0,Good,3.0,2.0,Yes,26506.0
PH100105,Apple,Pixel 7,12.0,73753.0,4.0,512.0,82.0,6.5,50.0,Fair,16.0,2.0,Yes,60611.0
PH100689,Realme,Vivo V29,,136206.0,4.0,512.0,85.0,6.8,48.0,Fair,16.0,0.0,No,65168.0
PH101324,Oppo,Oppo Reno 10,15.0,112699.0,12.0,512.0,93.0,6.5,50.0,Excellent,2.0,2.0,Yes,91768.0
PH100827,Xiaomi,iPhone 13,42.0,123426.0,12.0,64.0,94.0,6.8,108.0,Good,12.0,2.0,No,44646.0
PH100063,Vivo,Realme 11 Pro,21.0,93982.0,6.0,256.0,100.0,5.6,12.0,Excellent,2.0,3.0,No,68600.0
PH100853,Vivo,Redmi Note 13,23.0,125710.0,6.0,512.0,96.0,6.8,32.0,Good,18.0,0.0,No,85596.0
PH101805,Vivo,iPhone 13,27.0,116127.0,12.0,512.0,96.0,6.2,16.0,Fair,14.0,1.0,Yes,69897.0
PH100224,OnePlus,Vivo V29,3.0,139619.0,8.0,256.0,67.0,6.0,108.0,Good,0.0,1.0,Yes,120434.0
PH100146,Realme,Pixel 7,4.0,114811.0,8.0,128.0,88.0,6.3,32.0,Good,18.0,3.0,Yes,85760.0
PH101089,Google,OnePlus 11,34.0,135664.0,6.0,128.0,79.0,5.7,64.0,Good,16.0,1.0,Yes,81008.0
PH100374,Google,OnePlus 11,59.0,31288.0,16.0,64.0,77.0,6.9,32.0,Good,21.0,2.0,Yes,12292.0
PH101441,Samsung,Redmi Note 13,39.0,130222.0,12.0,128.0,81.0,5.6,12.0,Excellent,1.0,3.0,Yes,67112.0
PH101143,Google,Realme 11 Pro,15.0,87986.0,16.0,512.0,86.0,6.9,64.0,Good,0.0,0.0,No,83994.0
PH101855,Google,OnePlus 11,24.0,125218.0,6.0,64.0,60.0,6.9,50.0,Good,17.0,3.0,Yes,75418.0
PH101518,Xiaomi,Galaxy A54,29.0,39856.0,12.0,256.0,80.0,6.7,50.0,Good,5.0,0.0,No,31314.0
PH101625,Oppo,Pixel 7,36.0,80694.0,8.0,256.0,68.0,6.9,12.0,Good,15.0,1.0,Yes,40744.0
PH101289,OnePlus,iPhone 13,60.0,110234.0,6.0,512.0,60.0,6.1,108.0,Good,0.0,0.0,No,46070.0
PH100010,Apple,Galaxy A54,18.0,22451.0,12.0,512.0,67.0,5.8,32.0,Fair,17.0,2.0,Yes,37633.0
PH100450,Oppo,Vivo V29,36.0,56254.0,4.0,256.0,95.0,6.2,64.0,Fair,17.0,3.0,Yes,31815.0
PH100709,Google,Pixel 7,58.0,14866.0,16.0,128.0,84.0,6.1,64.0,Good,20.0,2.0,Yes,19769.0
PH100256,Xiaomi,OnePlus 11,8.0,120944.0,8.0,64.0,81.0,5.7,16.0,Poor,10.0,1.0,No,59231.0
PH100883,Xiaomi,Galaxy A54,26.0,115754.0,4.0,64.0,69.0,6.9,108.0,Good,12.0,3.0,Yes,50470.0
PH100390,Samsung,iPhone 13,21.0,126894.0,12.0,128.0,97.0,5.6,108.0,Good,15.0,1.0,Yes,89766.0
PH100909,Realme,OnePlus 11,47.0,61241.0,4.0,128.0,87.0,6.5,50.0,Good,1.0,3.0,Yes,18458.0
PH100925,Samsung,iPhone 13,18.0,132243.0,4.0,64.0,97.0,6.5,200.0,Good,17.0,1.0,Yes,96785.0
PH101729,Apple,Redmi Note 13,17.0,86807.0,4.0,128.0,93.0,5.6,108.0,Good,19.0,3.0,Yes,72729.0
PH101250,OnePlus,Vivo V29,14.0,46069.0,8.0,128.0,100.0,6.4,200.0,Fair,14.0,3.0,Yes,33640.0
PH100461,Apple,OnePlus 11,14.0,78983.0,4.0,64.0,74.0,6.6,108.0,Excellent,12.0,0.0,Yes,72006.0
PH101288,Oppo,Oppo Reno 10,57.0,61056.0,12.0,256.0,96.0,6.6,200.0,Fair,4.0,0.0,No,32638.0
PH101918,Oppo,OnePlus 11,29.0,102697.0,4.0,512.0,91.0,6.3,200.0,Good,22.0,3.0,Yes,59591.0
PH101169,Xiaomi,iPhone 13,37.0,13893.0,16.0,64.0,75.0,6.1,12.0,Good,23.0,2.0,Yes,18907.0
PH100959,Apple,Redmi Note 13,3.0,37491.0,4.0,128.0,67.0,5.7,64.0,Good,12.0,1.0,Yes,42955.0
PH100502,Vivo,Realme 11 Pro,24.0,144702.0,8.0,64.0,64.0,6.7,12.0,Fair,21.0,3.0,Yes,65108.0
PH100740,OnePlus,Oppo Reno 10,47.0,140652.0,8.0,256.0,93.0,6.5,200.0,Fair,15.0,1.0,Yes,64476.0
PH101879,OnePlus,Oppo Reno 10,12.0,26130.0,6.0,64.0,91.0,6.4,16.0,Good,14.0,1.0,No,23011.0
PH100869,Realme,OnePlus 11,21.0,120297.0,8.0,128.0,71.0,6.9,200.0,Excellent,13.0,1.0,Yes,68025.0
PH100732,Samsung,iPhone 13,54.0,32884.0,16.0,512.0,64.0,5.9,16.0,Fair,11.0,2.0,Yes,28999.0
PH100540,Apple,Redmi Note 13,51.0,14985.0,12.0,64.0,61.0,6.6,32.0,Fair,7.0,2.0,Yes,12852.0
PH101202,Apple,Galaxy A54,26.0,125880.0,12.0,128.0,80.0,6.5,16.0,Good,22.0,2.0,Yes,90773.0
PH100698,Apple,OnePlus 11,38.0,146855.0,12.0,512.0,68.0,6.2,64.0,Excellent,10.0,0.0,No,100015.0
PH101413,Vivo,Oppo Reno 10,8.0,31023.0,4.0,64.0,92.0,6.4,200.0,Excellent,2.0,2.0,Yes,18507.0
PH101396,Oppo,Realme 11 Pro,34.0,41709.0,4.0,128.0,78.0,6.4,200.0,Excellent,,2.0,Yes,27401.0
PH101146,Oppo,OnePlus 11,,121767.0,4.0,64.0,67.0,7.0,108.0,Fair,19.0,3.0,Yes,53266.0
PH101032,Google,Pixel 7,15.0,17543.0,16.0,512.0,83.0,5.7,200.0,Poor,23.0,2.0,Yes,28368.0
PH100373,Apple,Pixel 7,50.0,143642.0,8.0,128.0,69.0,5.6,48.0,Excellent,2.0,3.0,Yes,67141.0
PH100668,OnePlus,Pixel 7,23.0,35929.0,6.0,256.0,75.0,6.7,12.0,Excellent,13.0,2.0,No,36857.0
PH101549,Vivo,Galaxy A54,3.0,34616.0,16.0,512.0,79.0,6.4,200.0,Good,0.0,2.0,Yes,41119.0
PH100358,Google,Realme 11 Pro,10.0,128026.0,12.0,256.0,100.0,5.8,16.0,Good,18.0,1.0,Yes,119520.0
PH100968,Oppo,Vivo V29,10.0,65865.0,8.0,512.0,92.0,6.7,200.0,Excellent,6.0,1.0,Yes,70677.0
PH100784,OnePlus,Oppo Reno 10,24.0,134019.0,8.0,512.0,75.0,5.6,108.0,Good,4.0,2.0,Yes,84386.0
PH100736,Xiaomi,Oppo Reno 10,3.0,55618.0,8.0,128.0,99.0,6.6,64.0,Poor,14.0,0.0,Yes,40833.0
PH101036,Apple,Realme 11 Pro,21.0,98803.0,8.0,128.0,68.0,6.8,64.0,Good,6.0,0.0,Yes,71518.0
PH100971,Google,OnePlus 11,3.0,89986.0,6.0,64.0,67.0,6.4,32.0,Fair,13.0,1.0,Yes,72249.0
PH101548,Realme,Pixel 7,6.0,29118.0,12.0,512.0,91.0,6.4,200.0,Excellent,6.0,0.0,No,37471.0
PH101510,OnePlus,Vivo V29,15.0,42734.0,6.0,64.0,87.0,5.9,50.0,Good,2.0,0.0,No,35796.0
PH101547,Google,Galaxy A54,20.0,143250.0,8.0,256.0,97.0,5.6,12.0,Good,6.0,0.0,Yes,107809.0
PH101369,Samsung,Galaxy A54,49.0,107386.0,4.0,128.0,65.0,6.4,64.0,Fair,16.0,0.0,Yes,35706.0
PH101882,Apple,Pixel 7,10.0,72942.0,4.0,256.0,82.0,6.7,16.0,Excellent,7.0,2.0,Yes,72814.0
PH101666,Oppo,Pixel 7,53.0,46758.0,4.0,256.0,63.0,5.7,32.0,Good,8.0,1.0,Yes,28149.0
PH101253,Google,Galaxy A54,26.0,83947.0,8.0,256.0,100.0,6.7,12.0,Excellent,19.0,1.0,Yes,62984.0
PH101719,Apple,Pixel 7,51.0,22400.0,16.0,64.0,95.0,6.2,32.0,Good,12.0,3.0,Yes,17228.0
PH101741,Google,Redmi Note 13,43.0,112422.0,6.0,64.0,79.0,5.7,32.0,Poor,12.0,0.0,Yes,40249.0
PH101237,Samsung,Galaxy A54,26.0,131963.0,4.0,64.0,75.0,5.6,50.0,Excellent,17.0,1.0,Yes,87411.0
PH100886,Vivo,Vivo V29,29.0,127700.0,4.0,64.0,95.0,6.3,108.0,Fair,9.0,1.0,No,55602.0
PH100080,OnePlus,Pixel 7,19.0,79173.0,16.0,128.0,69.0,5.7,50.0,Fair,17.0,3.0,Yes,53690.0
PH101173,Xiaomi,Vivo V29,16.0,130580.0,8.0,512.0,88.0,6.6,12.0,Excellent,15.0,0.0,Yes,104845.0
PH100815,OnePlus,OnePlus 11,30.0,129229.0,4.0,64.0,76.0,6.9,50.0,Fair,3.0,2.0,Yes,53775.0
PH101304,Oppo,Realme 11 Pro,11.0,69608.0,4.0,512.0,100.0,6.3,64.0,Excellent,24.0,1.0,Yes,64446.0
PH100672,Oppo,OnePlus 11,38.0,25780.0,4.0,256.0,70.0,6.5,32.0,Excellent,5.0,2.0,No,19642.0
PH101555,OnePlus,OnePlus 11,22.0,114892.0,12.0,256.0,88.0,6.9,200.0,Fair,13.0,3.0,No,72588.0
PH100058,Samsung,Redmi Note 13,25.0,82843.0,8.0,128.0,62.0,6.0,200.0,Good,16.0,1.0,Yes,60234.0
PH100134,Vivo,Galaxy A54,17.0,53458.0,12.0,256.0,72.0,6.3,108.0,,6.0,0.0,Yes,44313.0
PH101141,Oppo,iPhone 13,23.0,149900.0,6.0,64.0,95.0,5.6,16.0,Good,24.0,0.0,Yes,89817.0
PH100934,Samsung,Galaxy A54,12.0,16926.0,12.0,64.0,77.0,5.7,64.0,Good,9.0,0.0,Yes,20119.0
PH101710,Oppo,Realme 11 Pro,19.0,38950.0,,256.0,75.0,6.6,16.0,Good,2.0,3.0,No,18681.0
PH100824,,OnePlus 11,19.0,84055.0,4.0,512.0,74.0,6.4,64.0,Good,9.0,2.0,Yes,59866.0
PH101215,Apple,Vivo V29,56.0,95384.0,16.0,256.0,71.0,6.3,200.0,Excellent,14.0,2.0,Yes,57750.0
PH100505,Realme,Oppo Reno 10,19.0,100059.0,6.0,128.0,88.0,5.9,64.0,Good,18.0,3.0,Yes,52522.0
PH101802,Vivo,OnePlus 11,18.0,35065.0,6.0,256.0,99.0,6.8,32.0,Good,0.0,2.0,Yes,27781.0
PH100348,OnePlus,iPhone 13,29.0,82014.0,12.0,64.0,72.0,6.2,200.0,Poor,5.0,0.0,Yes,38367.0
PH100387,Xiaomi,iPhone 13,11.0,147601.0,16.0,512.0,81.0,6.0,12.0,Good,7.0,3.0,Yes,109484.0
PH101025,Google,Redmi Note 13,55.0,71754.0,12.0,64.0,87.0,6.1,12.0,Excellent,24.0,2.0,Yes,37649.0
PH100895,OnePlus,Realme 11 Pro,29.0,147994.0,8.0,256.0,68.0,6.9,32.0,Poor,22.0,2.0,Yes,67374.0
PH100829,Realme,Realme 11 Pro,59.0,82442.0,16.0,256.0,74.0,6.0,200.0,Fair,1.0,1.0,Yes,33148.0
PH101923,OnePlus,Oppo Reno 10,,56755.0,16.0,64.0,69.0,7.0,32.0,Excellent,7.0,1.0,Yes,46061.0
PH100476,Google,Redmi Note 13,59.0,98694.0,4.0,512.0,89.0,6.5,108.0,Good,0.0,0.0,Yes,41966.0
PH101493,Realme,Oppo Reno 10,45.0,95791.0,8.0,256.0,78.0,6.9,108.0,Good,17.0,2.0,Yes,41033.0
PH101468,Oppo,iPhone 13,10.0,119594.0,8.0,512.0,72.0,6.5,32.0,Good,13.0,1.0,Yes,92760.0
PH101495,Oppo,Realme 11 Pro,26.0,132209.0,12.0,128.0,96.0,6.8,32.0,Excellent,22.0,3.0,Yes,78552.0
PH100653,Realme,Pixel 7,3.0,125776.0,16.0,512.0,82.0,5.7,108.0,Good,23.0,2.0,No,109494.0
PH100173,Xiaomi,Vivo V29,43.0,102932.0,16.0,64.0,73.0,6.5,32.0,Good,15.0,0.0,Yes,49877.0
PH101150,Samsung,Vivo V29,6.0,130920.0,6.0,128.0,71.0,5.9,50.0,Fair,23.0,2.0,Yes,91844.0
PH100039,Samsung,Oppo Reno 10,13.0,122253.0,4.0,512.0,66.0,6.6,64.0,Fair,22.0,2.0,No,91033.0
PH100714,OnePlus,OnePlus 11,21.0,22956.0,16.0,64.0,93.0,6.3,64.0,Fair,0.0,3.0,Yes,19113.0
PH100091,Google,iPhone 13,36.0,24356.0,4.0,64.0,68.0,5.8,64.0,Excellent,11.0,0.0,Yes,16129.0
PH101967,Samsung,Vivo V29,32.0,105254.0,12.0,64.0,76.0,5.5,16.0,Good,0.0,1.0,Yes,56297.0
PH101206,Oppo,Oppo Reno 10,20.0,127194.0,16.0,512.0,74.0,6.8,108.0,Good,0.0,0.0,Yes,87740.0
PH100876,Xiaomi,iPhone 13,8.0,140447.0,6.0,64.0,96.0,6.8,32.0,Excellent,19.0,0.0,Yes,109725.0
PH101565,Xiaomi,Vivo V29,19.0,102436.0,6.0,512.0,100.0,6.3,64.0,Good,10.0,3.0,Yes,73137.0
PH101920,Samsung,Realme 11 Pro,49.0,127600.0,6.0,128.0,83.0,5.9,16.0,Excellent,3.0,2.0,Yes,49274.0
PH101094,Realme,Oppo Reno 10,26.0,139775.0,12.0,128.0,84.0,5.9,64.0,Good,4.0,3.0,Yes,67894.0
PH101156,Samsung,Redmi Note 13,22.0,88441.0,4.0,256.0,86.0,5.6,50.0,Good,3.0,3.0,No,56534.0
PH101792,Oppo,Oppo Reno 10,7.0,18464.0,6.0,128.0,94.0,7.0,48.0,,,2.0,No,15255.0
PH101989,Xiaomi,Realme 11 Pro,8.0,43315.0,16.0,64.0,100.0,6.2,108.0,Good,6.0,3.0,No,32042.0
PH100500,OnePlus,OnePlus 11,40.0,92059.0,4.0,512.0,63.0,5.8,12.0,Excellent,4.0,1.0,Yes,55172.0
PH100339,OnePlus,Pixel 7,41.0,77206.0,16.0,256.0,97.0,6.2,32.0,Good,18.0,1.0,No,48745.0
PH101189,Xiaomi,iPhone 13,40.0,147705.0,8.0,64.0,72.0,6.2,48.0,Good,1.0,1.0,Yes,56918.0
PH100029,Google,iPhone 13,6.0,65053.0,16.0,256.0,78.0,6.6,108.0,Fair,8.0,3.0,Yes,54650.0
PH101218,Apple,Pixel 7,,23569.0,6.0,64.0,79.0,6.2,16.0,Good,6.0,1.0,No,17892.0
PH101344,Samsung,iPhone 13,43.0,68652.0,6.0,64.0,83.0,5.5,108.0,Good,3.0,0.0,Yes,32820.0
PH101849,Samsung,Galaxy A54,58.0,118102.0,12.0,64.0,75.0,6.5,108.0,Good,16.0,3.0,Yes,35980.0
PH100946,Realme,iPhone 13,32.0,119325.0,12.0,64.0,96.0,6.0,200.0,Fair,18.0,1.0,Yes,45564.0
PH100170,Oppo,Pixel 7,10.0,27810.0,6.0,512.0,92.0,5.8,200.0,Excellent,10.0,0.0,Yes,37253.0
PH101425,Google,Redmi Note 13,52.0,63413.0,6.0,512.0,67.0,6.2,48.0,Excellent,5.0,3.0,Yes,36331.0
PH101198,Xiaomi,Vivo V29,47.0,90543.0,12.0,512.0,86.0,5.6,64.0,Fair,14.0,2.0,Yes,46532.0
PH101254,Apple,Realme 11 Pro,31.0,107761.0,12.0,128.0,89.0,6.7,50.0,Excellent,0.0,1.0,Yes,81534.0
PH101419,Vivo,OnePlus 11,46.0,116975.0,6.0,64.0,69.0,7.0,108.0,Good,1.0,0.0,Yes,40516.0
PH100913,Vivo,Oppo Reno 10,35.0,106283.0,16.0,256.0,71.0,6.9,32.0,Good,1.0,1.0,Yes,48212.0
PH100492,Vivo,Vivo V29,26.0,56739.0,8.0,128.0,87.0,5.8,32.0,Fair,8.0,3.0,Yes,27052.0
PH100954,OnePlus,iPhone 13,42.0,75928.0,4.0,128.0,98.0,5.6,64.0,Good,5.0,0.0,No,41994.0
PH101098,Oppo,Vivo V29,8.0,21726.0,8.0,64.0,73.0,5.5,48.0,Good,12.0,0.0,No,22403.0
PH101033,Samsung,Realme 11 Pro,23.0,33067.0,4.0,128.0,78.0,6.4,16.0,Fair,12.0,2.0,Yes,20670.0
PH100588,Xiaomi,iPhone 13,25.0,41963.0,8.0,64.0,70.0,6.5,108.0,Good,4.0,3.0,Yes,26188.0
PH100751,Google,OnePlus 11,29.0,14462.0,12.0,64.0,98.0,5.8,16.0,Fair,20.0,3.0,Yes,5545.0
PH100658,Xiaomi,Pixel 7,39.0,18305.0,4.0,64.0,75.0,6.5,32.0,Excellent,1.0,1.0,No,11287.0
PH100235,,Galaxy A54,60.0,21277.0,12.0,128.0,60.0,5.9,50.0,Good,15.0,1.0,No,16254.0
PH100733,Samsung,Pixel 7,58.0,17454.0,6.0,64.0,65.0,6.6,12.0,Good,19.0,1.0,No,13388.0
PH101647,Realme,Oppo Reno 10,56.0,21265.0,4.0,512.0,72.0,7.0,200.0,Fair,10.0,3.0,Yes,22716.0
PH101656,Xiaomi,iPhone 13,23.0,98988.0,16.0,512.0,73.0,6.7,108.0,Excellent,22.0,2.0,Yes,84009.0
PH101157,Apple,OnePlus 11,21.0,58121.0,12.0,128.0,60.0,6.6,16.0,Good,3.0,2.0,No,41923.0
PH101492,Realme,Vivo V29,44.0,49344.0,8.0,128.0,62.0,6.5,16.0,Good,7.0,0.0,Yes,23147.0
PH101445,Xiaomi,Oppo Reno 10,25.0,33398.0,12.0,64.0,93.0,6.5,16.0,Good,18.0,1.0,Yes,27520.0
PH101651,Xiaomi,iPhone 13,12.0,27386.0,6.0,128.0,70.0,6.7,200.0,Good,24.0,1.0,No,23959.0
PH100935,Google,Galaxy A54,44.0,15969.0,12.0,256.0,62.0,6.1,50.0,Excellent,9.0,0.0,Yes,16021.0
PH101210,Vivo,Vivo V29,46.0,68809.0,16.0,64.0,87.0,6.0,32.0,Fair,24.0,0.0,Yes,38219.0
PH101066,Xiaomi,iPhone 13,25.0,19697.0,12.0,256.0,73.0,5.9,50.0,Fair,23.0,1.0,No,25104.0
PH100109,Oppo,Realme 11 Pro,53.0,143208.0,12.0,64.0,76.0,5.9,16.0,Excellent,6.0,2.0,Yes,51800.0
PH101566,Xiaomi,OnePlus 11,24.0,124341.0,6.0,64.0,99.0,6.8,48.0,Excellent,13.0,1.0,Yes,74615.0
PH100569,Realme,OnePlus 11,21.0,91414.0,8.0,256.0,61.0,6.7,16.0,Fair,8.0,3.0,No,41531.0
PH101168,Oppo,Galaxy A54,43.0,85369.0,16.0,512.0,90.0,5.9,12.0,Excellent,12.0,2.0,No,50678.0
PH101175,Samsung,Redmi Note 13,46.0,69724.0,12.0,64.0,81.0,5.6,12.0,Good,9.0,2.0,Yes,28614.0
PH100891,Realme,Oppo Reno 10,19.0,53198.0,16.0,64.0,68.0,6.6,16.0,Poor,16.0,3.0,Yes,25428.0
PH100948,Google,Oppo Reno 10,37.0,18364.0,6.0,256.0,78.0,5.8,200.0,Good,23.0,0.0,Yes,26058.0
PH101049,Vivo,Vivo V29,56.0,105076.0,4.0,256.0,96.0,6.7,12.0,Good,7.0,0.0,Yes,41433.0
PH101371,Realme,Oppo Reno 10,40.0,92863.0,4.0,128.0,67.0,6.8,108.0,Good,0.0,2.0,Yes,29953.0
PH101954,OnePlus,Redmi Note 13,28.0,69204.0,4.0,64.0,67.0,5.8,64.0,Good,0.0,1.0,Yes,39387.0
PH101467,Apple,Realme 11 Pro,44.0,99980.0,6.0,64.0,70.0,6.9,108.0,Good,9.0,1.0,Yes,55140.0
PH100885,Google,Pixel 7,17.0,62705.0,8.0,512.0,68.0,5.8,200.0,Poor,7.0,3.0,No,37714.0
PH101698,Realme,Galaxy A54,33.0,91335.0,8.0,256.0,99.0,6.3,16.0,Fair,15.0,2.0,Yes,45305.0
PH100851,Realme,Pixel 7,14.0,62258.0,6.0,256.0,96.0,6.6,108.0,Excellent,18.0,0.0,No,49656.0
PH100735,Apple,Pixel 7,40.0,114421.0,12.0,512.0,63.0,6.7,16.0,Excellent,12.0,3.0,No,79822.0
PH100718,OnePlus,Redmi Note 13,30.0,74901.0,16.0,64.0,97.0,5.6,108.0,Good,8.0,1.0,No,54409.0
PH100455,Vivo,Galaxy A54,47.0,59893.0,8.0,64.0,92.0,6.9,200.0,Good,17.0,2.0,No,26024.0
PH100265,Xiaomi,Oppo Reno 10,11.0,96811.0,12.0,64.0,69.0,6.4,64.0,Excellent,13.0,2.0,Yes,67086.0
PH100076,Apple,Realme 11 Pro,9.0,25261.0,6.0,512.0,98.0,6.2,108.0,Excellent,21.0,2.0,Yes,40397.0
PH101682,Apple,Pixel 7,59.0,139732.0,16.0,128.0,,6.2,64.0,Fair,23.0,0.0,Yes,59791.0
PH100445,OnePlus,OnePlus 11,11.0,94569.0,8.0,128.0,71.0,5.8,16.0,Good,11.0,1.0,Yes,73254.0
PH100396,OnePlus,OnePlus 11,55.0,114412.0,8.0,128.0,87.0,6.5,108.0,Good,16.0,3.0,No,37950.0
PH100177,Xiaomi,OnePlus 11,10.0,77048.0,6.0,512.0,99.0,6.1,32.0,Good,6.0,0.0,Yes,65493.0
PH101043,Realme,Vivo V29,25.0,19452.0,16.0,128.0,85.0,6.3,12.0,Excellent,21.0,2.0,Yes,18887.0
PH101762,Realme,Oppo Reno 10,17.0,41511.0,8.0,256.0,68.0,5.9,108.0,Good,13.0,3.0,Yes,23833.0
PH101422,Samsung,Realme 11 Pro,50.0,72973.0,,64.0,85.0,6.7,50.0,Good,19.0,2.0,Yes,35164.0
PH101770,Vivo,Pixel 7,45.0,30557.0,4.0,128.0,89.0,6.1,32.0,Excellent,21.0,0.0,Yes,21359.0
PH101799,Realme,Vivo V29,37.0,44634.0,12.0,64.0,71.0,6.1,12.0,Excellent,21.0,3.0,Yes,24296.0
PH100596,OnePlus,Pixel 7,20.0,25233.0,12.0,128.0,97.0,6.7,200.0,Excellent,19.0,3.0,Yes,26512.0
PH100062,Realme,Oppo Reno 10,51.0,85233.0,6.0,256.0,68.0,5.7,108.0,,10.0,1.0,Yes,38199.0
PH101297,Xiaomi,Oppo Reno 10,55.0,87318.0,4.0,128.0,82.0,6.7,32.0,Good,7.0,0.0,No,34298.0
PH100873,Apple,Vivo V29,46.0,52149.0,6.0,256.0,98.0,5.5,48.0,Good,0.0,0.0,Yes,36522.0
PH101513,Vivo,Vivo V29,38.0,78727.0,4.0,64.0,81.0,6.9,16.0,Excellent,2.0,1.0,Yes,34351.0
PH101909,Apple,Redmi Note 13,4.0,87069.0,6.0,128.0,72.0,5.6,108.0,Poor,5.0,0.0,Yes,67699.0
PH100279,Samsung,Vivo V29,28.0,147958.0,,256.0,82.0,6.6,12.0,Good,20.0,0.0,Yes,94931.0
PH100037,OnePlus,iPhone 13,34.0,26924.0,12.0,512.0,97.0,6.8,108.0,Good,6.0,0.0,No,29299.0
PH101539,Oppo,OnePlus 11,19.0,101385.0,4.0,64.0,94.0,7.0,200.0,Fair,10.0,3.0,No,50143.0
PH100663,Vivo,iPhone 13,25.0,136591.0,4.0,128.0,69.0,6.5,50.0,Excellent,8.0,3.0,Yes,75580.0
PH101835,OnePlus,Redmi Note 13,55.0,61178.0,8.0,64.0,63.0,6.8,48.0,Excellent,10.0,1.0,Yes,23394.0
PH101465,Xiaomi,OnePlus 11,10.0,117468.0,6.0,128.0,83.0,6.4,50.0,Fair,13.0,3.0,Yes,62425.0
PH100978,Google,Vivo V29,36.0,12287.0,4.0,128.0,76.0,5.5,16.0,Poor,4.0,1.0,Yes,11974.0
PH101595,OnePlus,Vivo V29,44.0,77431.0,4.0,512.0,65.0,6.3,48.0,Good,16.0,0.0,Yes,44258.0
PH100739,Vivo,OnePlus 11,51.0,71993.0,4.0,128.0,69.0,6.6,200.0,Good,7.0,3.0,Yes,22353.0
PH100192,Xiaomi,Galaxy A54,18.0,107430.0,12.0,256.0,82.0,6.8,108.0,Excellent,10.0,2.0,No,71594.0
PH100920,Google,Oppo Reno 10,15.0,116428.0,12.0,64.0,81.0,6.2,108.0,Good,13.0,1.0,Yes,86326.0
PH100457,Oppo,Redmi Note 13,49.0,57066.0,16.0,64.0,73.0,7.0,48.0,Fair,24.0,3.0,Yes,22077.0
PH100676,Vivo,Vivo V29,11.0,105326.0,12.0,512.0,69.0,7.0,64.0,Good,0.0,0.0,Yes,77338.0
PH100761,OnePlus,Oppo Reno 10,55.0,100209.0,6.0,128.0,99.0,5.5,48.0,Excellent,11.0,3.0,Yes,29562.0
PH101836,Apple,iPhone 13,13.0,133952.0,12.0,256.0,79.0,6.2,48.0,Good,9.0,0.0,Yes,125281.0
PH101626,Realme,iPhone 13,31.0,32008.0,12.0,64.0,83.0,6.6,16.0,,15.0,0.0,Yes,20967.0
PH100729,Vivo,Realme 11 Pro,10.0,87886.0,8.0,512.0,75.0,6.8,200.0,Good,13.0,1.0,Yes,67761.0
PH101400,Vivo,OnePlus 11,7.0,55894.0,12.0,64.0,72.0,6.8,32.0,Fair,16.0,2.0,Yes,40415.0
PH100413,Oppo,iPhone 13,43.0,117686.0,16.0,512.0,71.0,6.1,108.0,Poor,20.0,1.0,Yes,53178.0
PH101099,Oppo,iPhone 13,7.0,52542.0,16.0,64.0,60.0,6.4,16.0,Excellent,15.0,2.0,Yes,42895.0
PH100826,OnePlus,Oppo Reno 10,20.0,90270.0,12.0,256.0,85.0,6.9,108.0,Fair,15.0,3.0,Yes,57900.0
PH101520,Vivo,Redmi Note 13,,149080.0,12.0,256.0,76.0,6.4,108.0,Fair,5.0,3.0,Yes,42775.0
PH100617,Samsung,Oppo Reno 10,41.0,133008.0,12.0,512.0,87.0,6.7,108.0,Good,8.0,1.0,Yes,76803.0
PH100115,Realme,Vivo V29,42.0,78197.0,6.0,64.0,75.0,6.5,32.0,Fair,8.0,2.0,Yes,23702.0
PH100418,Apple,iPhone 13,4.0,58830.0,4.0,512.0,78.0,6.0,64.0,Good,8.0,3.0,Yes,67300.0
PH101941,Realme,Galaxy A54,12.0,54137.0,8.0,512.0,83.0,6.6,50.0,Good,14.0,1.0,No,53071.0
PH100970,Xiaomi,Galaxy A54,11.0,147747.0,16.0,128.0,65.0,6.8,108.0,Good,12.0,2.0,No,97810.0
PH100605,Realme,Realme 11 Pro,21.0,70817.0,8.0,64.0,92.0,7.0,48.0,Good,6.0,3.0,Yes,31883.0
PH101949,OnePlus,Vivo V29,4.0,134784.0,4.0,512.0,62.0,6.7,16.0,Good,2.0,3.0,Yes,113875.0
PH100090,,Vivo V29,19.0,94722.0,,128.0,95.0,6.2,12.0,Excellent,8.0,3.0,Yes,81644.0
PH100849,Realme,Vivo V29,47.0,144886.0,6.0,64.0,64.0,5.5,108.0,Poor,1.0,2.0,No,35495.0
PH101543,OnePlus,Vivo V29,31.0,36648.0,16.0,256.0,64.0,5.8,200.0,Fair,19.0,1.0,No,31943.0
PH101948,Apple,Redmi Note 13,38.0,143858.0,6.0,512.0,98.0,5.7,12.0,Good,17.0,3.0,Yes,91442.0
PH100754,Apple,Oppo Reno 10,45.0,141593.0,16.0,512.0,94.0,6.9,32.0,Poor,5.0,2.0,No,68388.0
PH100499,Samsung,Redmi Note 13,25.0,139992.0,16.0,512.0,98.0,6.9,64.0,Fair,14.0,2.0,No,88808.0
PH101277,Samsung,Vivo V29,32.0,135723.0,6.0,64.0,64.0,6.9,108.0,Good,23.0,1.0,Yes,78110.0
PH101326,Samsung,Oppo Reno 10,25.0,23781.0,16.0,512.0,88.0,5.9,48.0,Excellent,10.0,0.0,Yes,38203.0
PH100012,Realme,Vivo V29,33.0,22278.0,16.0,128.0,77.0,5.9,16.0,Good,1.0,1.0,Yes,16266.0
PH100397,Google,OnePlus 11,38.0,31404.0,4.0,64.0,94.0,6.5,108.0,Good,1.0,0.0,No,18256.0
PH100285,Apple,iPhone 13,43.0,105405.0,16.0,256.0,78.0,5.9,48.0,Fair,2.0,0.0,Yes,59577.0
PH101067,Vivo,Galaxy A54,10.0,92165.0,6.0,256.0,91.0,5.5,200.0,Good,23.0,1.0,Yes,69941.0
PH101192,Xiaomi,Pixel 7,58.0,19008.0,12.0,256.0,96.0,6.2,12.0,Good,3.0,2.0,Yes,4785.0
PH101771,Xiaomi,iPhone 13,54.0,84104.0,12.0,512.0,88.0,6.4,32.0,Fair,14.0,2.0,Yes,35480.0
PH100691,Apple,OnePlus 11,42.0,90484.0,6.0,512.0,75.0,6.4,48.0,Excellent,13.0,3.0,Yes,60015.0
PH101655,Apple,iPhone 13,40.0,65634.0,6.0,256.0,72.0,5.7,48.0,Good,3.0,0.0,Yes,39661.0
PH101906,Apple,OnePlus 11,27.0,147895.0,4.0,256.0,82.0,6.7,64.0,Good,11.0,2.0,No,100318.0
PH100690,Apple,Pixel 7,25.0,145059.0,8.0,512.0,73.0,6.1,108.0,Fair,18.0,3.0,No,98138.0
PH100852,Apple,Redmi Note 13,56.0,97166.0,6.0,64.0,96.0,6.6,50.0,Excellent,13.0,2.0,Yes,44274.0
PH100160,OnePlus,Vivo V29,27.0,82463.0,6.0,128.0,95.0,6.1,64.0,Excellent,5.0,2.0,Yes,58396.0
PH100896,OnePlus,Realme 11 Pro,20.0,134778.0,6.0,256.0,66.0,6.1,12.0,Good,4.0,0.0,No,89064.0
PH101841,Apple,Pixel 7,8.0,37279.0,4.0,64.0,97.0,5.9,12.0,Good,18.0,0.0,Yes,44889.0
PH100258,Oppo,Oppo Reno 10,46.0,93471.0,8.0,64.0,82.0,5.6,48.0,Excellent,18.0,3.0,Yes,36696.0
PH100336,Google,OnePlus 11,38.0,113154.0,16.0,64.0,79.0,5.8,32.0,Excellent,21.0,1.0,Yes,70291.0
PH101910,Vivo,Galaxy A54,26.0,51895.0,16.0,256.0,82.0,6.0,64.0,Good,,2.0,Yes,29447.0
PH101040,Xiaomi,Redmi Note 13,33.0,121975.0,8.0,128.0,88.0,6.6,32.0,Good,15.0,3.0,Yes,57757.0
PH100516,Xiaomi,OnePlus 11,47.0,18901.0,6.0,256.0,100.0,5.7,32.0,Excellent,4.0,1.0,Yes,13565.0
PH101349,Google,Pixel 7,44.0,26308.0,8.0,128.0,72.0,6.2,16.0,Good,2.0,0.0,Yes,25614.0
PH101016,Oppo,OnePlus 11,10.0,132544.0,6.0,512.0,98.0,5.9,64.0,Fair,22.0,1.0,Yes,86982.0
PH100769,OnePlus,Vivo V29,37.0,121430.0,16.0,512.0,84.0,6.2,16.0,Good,16.0,2.0,No,79587.0
PH101914,Oppo,Galaxy A54,28.0,63567.0,8.0,512.0,60.0,6.9,16.0,Excellent,,2.0,Yes,49068.0
PH100762,Apple,Galaxy A54,32.0,87139.0,12.0,256.0,78.0,6.2,200.0,Good,12.0,1.0,Yes,62262.0
PH101247,Oppo,OnePlus 11,,76550.0,12.0,256.0,64.0,7.0,12.0,Good,14.0,0.0,Yes,37334.0
PH101204,Apple,Galaxy A54,9.0,26693.0,6.0,64.0,84.0,6.8,48.0,Good,19.0,1.0,Yes,31689.0
PH101490,Samsung,Oppo Reno 10,30.0,39464.0,16.0,64.0,62.0,6.8,50.0,Good,17.0,0.0,Yes,32337.0
PH100585,Oppo,Realme 11 Pro,27.0,31692.0,16.0,64.0,67.0,6.8,50.0,Good,20.0,1.0,Yes,23991.0
PH100522,Realme,iPhone 13,50.0,75293.0,8.0,512.0,86.0,6.0,48.0,Good,14.0,1.0,Yes,38220.0
PH100023,,iPhone 13,22.0,17039.0,4.0,64.0,78.0,6.1,200.0,Good,22.0,0.0,Yes,20027.0
PH100357,Apple,Oppo Reno 10,55.0,80798.0,16.0,128.0,89.0,6.4,200.0,Fair,16.0,2.0,No,33457.0
PH101278,Realme,OnePlus 11,43.0,38140.0,16.0,64.0,74.0,6.0,32.0,Poor,23.0,1.0,No,15655.0
PH101313,Samsung,Galaxy A54,47.0,89242.0,8.0,512.0,67.0,6.4,200.0,Excellent,14.0,2.0,No,58983.0
PH101916,Apple,Oppo Reno 10,57.0,90518.0,16.0,256.0,72.0,5.6,16.0,Fair,13.0,0.0,Yes,48909.0
PH100341,Xiaomi,Oppo Reno 10,37.0,95178.0,4.0,256.0,62.0,6.9,64.0,Fair,20.0,0.0,Yes,47439.0
PH100432,Oppo,Pixel 7,13.0,44101.0,12.0,512.0,74.0,6.7,48.0,Fair,20.0,2.0,No,44127.0
PH100474,OnePlus,OnePlus 11,40.0,128841.0,6.0,64.0,100.0,6.5,108.0,Excellent,16.0,0.0,Yes,71485.0
PH100218,Vivo,Galaxy A54,11.0,102101.0,16.0,512.0,,5.9,50.0,Fair,22.0,0.0,Yes,83094.0
PH100912,Vivo,Galaxy A54,51.0,106837.0,6.0,512.0,96.0,6.8,200.0,Good,20.0,0.0,Yes,55831.0
PH101228,Google,iPhone 13,55.0,62435.0,16.0,128.0,74.0,5.8,16.0,Good,10.0,1.0,No,27304.0
PH101620,Vivo,Vivo V29,49.0,14716.0,6.0,64.0,69.0,6.6,200.0,Good,3.0,0.0,Yes,6905.0
PH101012,Vivo,Pixel 7,33.0,74559.0,6.0,512.0,70.0,6.2,64.0,Good,12.0,3.0,No,42728.0
PH101980,Apple,OnePlus 11,3.0,32045.0,4.0,128.0,69.0,6.8,200.0,Excellent,2.0,1.0,No,34791.0
PH100094,Oppo,iPhone 13,8.0,89243.0,12.0,512.0,81.0,6.5,50.0,Fair,14.0,0.0,Yes,73584.0
PH101009,OnePlus,OnePlus 11,15.0,27029.0,8.0,64.0,94.0,6.1,32.0,Good,4.0,0.0,No,26999.0
PH101071,Vivo,Galaxy A54,33.0,142499.0,16.0,64.0,99.0,5.8,16.0,Excellent,4.0,1.0,Yes,85906.0
PH101093,Google,Realme 11 Pro,25.0,81590.0,12.0,128.0,87.0,6.5,108.0,Fair,15.0,1.0,Yes,52466.0
PH101609,Oppo,Redmi Note 13,30.0,149293.0,8.0,64.0,95.0,6.4,108.0,Excellent,18.0,3.0,Yes,78396.0
PH101309,Samsung,Vivo V29,25.0,117924.0,16.0,128.0,60.0,6.1,108.0,Good,21.0,2.0,No,72190.0
PH100697,Realme,OnePlus 11,56.0,45776.0,16.0,512.0,98.0,6.8,64.0,Good,3.0,1.0,No,33092.0
PH101821,Realme,Realme 11 Pro,57.0,119529.0,12.0,64.0,92.0,6.2,64.0,Excellent,8.0,3.0,No,33648.0
PH100997,Samsung,Redmi Note 13,18.0,110071.0,6.0,256.0,100.0,6.7,108.0,Good,8.0,3.0,Yes,76038.0
PH101459,Oppo,Realme 11 Pro,45.0,26678.0,6.0,128.0,61.0,6.9,48.0,Excellent,6.0,0.0,Yes,15239.0
PH100154,Xiaomi,Galaxy A54,54.0,112546.0,12.0,128.0,88.0,6.0,32.0,Good,11.0,3.0,No,39185.0
PH101100,Xiaomi,Realme 11 Pro,46.0,46753.0,12.0,128.0,75.0,6.3,200.0,Good,4.0,1.0,Yes,20936.0
PH101744,Xiaomi,Realme 11 Pro,15.0,125221.0,8.0,64.0,88.0,6.4,16.0,Fair,13.0,1.0,Yes,65258.0
PH100965,Realme,Oppo Reno 10,,56331.0,6.0,256.0,86.0,6.8,200.0,Excellent,21.0,0.0,Yes,35288.0
PH100790,Realme,OnePlus 11,15.0,69530.0,8.0,512.0,83.0,5.9,48.0,Excellent,11.0,3.0,No,56776.0
PH100581,Oppo,Oppo Reno 10,30.0,47554.0,6.0,64.0,100.0,6.0,32.0,Fair,2.0,0.0,Yes,23131.0
PH101471,Vivo,OnePlus 11,38.0,148694.0,6.0,512.0,69.0,5.8,108.0,Fair,1.0,0.0,Yes,65722.0
PH100704,Google,Galaxy A54,30.0,72652.0,6.0,128.0,80.0,6.3,108.0,Poor,2.0,3.0,Yes,28353.0
PH101213,Apple,iPhone 13,30.0,43728.0,8.0,64.0,79.0,6.0,108.0,Fair,23.0,0.0,Yes,36506.0
PH101296,Apple,OnePlus 11,45.0,67798.0,8.0,64.0,85.0,6.9,50.0,Excellent,16.0,3.0,Yes,54893.0
PH101691,Oppo,Oppo Reno 10,23.0,119357.0,12.0,512.0,100.0,6.9,108.0,Good,6.0,3.0,Yes,81445.0
PH101261,Realme,Pixel 7,3.0,61593.0,16.0,512.0,64.0,6.1,200.0,Fair,3.0,2.0,Yes,54220.0
PH100488,OnePlus,iPhone 13,5.0,74790.0,12.0,256.0,97.0,6.5,200.0,Good,17.0,0.0,No,81384.0
PH100560,Oppo,Oppo Reno 10,48.0,125892.0,6.0,512.0,90.0,5.9,200.0,Fair,7.0,1.0,No,50466.0
PH101142,Samsung,Vivo V29,45.0,69514.0,6.0,64.0,72.0,6.8,12.0,Excellent,6.0,0.0,No,33338.0
PH101120,Oppo,Pixel 7,51.0,62733.0,4.0,256.0,86.0,6.7,50.0,Good,16.0,1.0,Yes,22392.0
PH100802,Oppo,Oppo Reno 10,53.0,65218.0,16.0,64.0,,5.9,200.0,Poor,8.0,3.0,Yes,12983.0
PH100513,Realme,Oppo Reno 10,3.0,87485.0,12.0,64.0,62.0,6.2,12.0,Excellent,17.0,1.0,Yes,76511.0
PH100634,Samsung,OnePlus 11,30.0,55919.0,16.0,128.0,66.0,6.3,16.0,Excellent,2.0,1.0,Yes,32656.0
PH101502,Oppo,Vivo V29,29.0,96518.0,12.0,128.0,95.0,6.3,200.0,Excellent,11.0,3.0,No,50968.0
PH101815,OnePlus,Galaxy A54,59.0,55459.0,6.0,128.0,82.0,5.9,16.0,Fair,15.0,2.0,No,17775.0
PH101569,Xiaomi,iPhone 13,47.0,31773.0,6.0,256.0,66.0,6.1,12.0,Poor,1.0,0.0,Yes,18966.0
PH101151,Vivo,Galaxy A54,49.0,98226.0,4.0,128.0,95.0,6.9,50.0,Fair,0.0,1.0,Yes,34870.0
PH100791,Oppo,Oppo Reno 10,36.0,147899.0,4.0,64.0,75.0,6.3,64.0,Fair,7.0,2.0,Yes,50637.0
PH100117,Samsung,Vivo V29,12.0,28322.0,12.0,256.0,61.0,6.6,12.0,Good,5.0,3.0,Yes,29453.0
PH101498,Google,Realme 11 Pro,4.0,93788.0,6.0,128.0,87.0,6.9,48.0,Poor,21.0,3.0,Yes,63037.0
PH100741,Realme,Oppo Reno 10,52.0,90672.0,8.0,256.0,95.0,6.7,108.0,Fair,2.0,1.0,No,37110.0
PH101776,Google,OnePlus 11,35.0,131181.0,12.0,64.0,81.0,6.7,32.0,Poor,23.0,2.0,No,52976.0
PH101082,Vivo,Realme 11 Pro,59.0,45377.0,6.0,512.0,91.0,5.9,32.0,Poor,10.0,2.0,Yes,24280.0
PH100831,Vivo,OnePlus 11,60.0,33438.0,6.0,128.0,65.0,5.6,108.0,Good,3.0,3.0,Yes,11796.0
PH100120,Vivo,Pixel 7,51.0,39518.0,6.0,64.0,96.0,6.3,16.0,Good,8.0,1.0,Yes,24494.0
PH100657,Realme,Realme 11 Pro,28.0,91534.0,12.0,512.0,68.0,6.9,48.0,Excellent,23.0,1.0,No,65183.0
PH101938,Oppo,Redmi Note 13,8.0,91795.0,16.0,128.0,65.0,6.0,32.0,Fair,15.0,1.0,Yes,58791.0
PH100636,Apple,Oppo Reno 10,22.0,100535.0,16.0,128.0,76.0,5.9,200.0,Poor,0.0,3.0,No,49724.0
PH100370,Realme,Oppo Reno 10,40.0,84567.0,6.0,256.0,,5.6,200.0,Excellent,8.0,0.0,Yes,48402.0
PH100269,Realme,Vivo V29,24.0,28999.0,4.0,128.0,94.0,5.9,200.0,Good,6.0,0.0,No,13670.0
PH100656,Vivo,Vivo V29,17.0,27641.0,4.0,64.0,95.0,6.7,16.0,Excellent,8.0,2.0,No,21809.0
PH100936,Samsung,Galaxy A54,23.0,47733.0,12.0,512.0,82.0,6.8,16.0,Excellent,3.0,3.0,Yes,42586.0
PH100823,Oppo,Vivo V29,53.0,80207.0,8.0,64.0,94.0,6.0,50.0,Excellent,14.0,1.0,No,29265.0
PH100867,Vivo,OnePlus 11,19.0,111352.0,16.0,64.0,67.0,6.6,50.0,Good,11.0,2.0,Yes,62614.0
PH100047,Google,iPhone 13,28.0,35248.0,12.0,256.0,75.0,6.9,12.0,Excellent,6.0,0.0,Yes,27683.0
PH101374,Apple,Realme 11 Pro,59.0,19235.0,4.0,128.0,62.0,6.6,108.0,Good,14.0,2.0,Yes,9582.0
PH101746,Apple,Realme 11 Pro,8.0,138457.0,12.0,64.0,83.0,6.5,12.0,Fair,1.0,3.0,Yes,114698.0
PH100992,OnePlus,Oppo Reno 10,34.0,101312.0,6.0,128.0,80.0,6.1,50.0,Fair,17.0,2.0,No,48530.0
PH100877,Apple,iPhone 13,57.0,17695.0,8.0,64.0,100.0,6.5,16.0,Excellent,16.0,1.0,Yes,15731.0
PH100774,OnePlus,OnePlus 11,11.0,30019.0,6.0,128.0,92.0,5.7,48.0,Fair,15.0,0.0,Yes,29690.0
PH101220,Xiaomi,Pixel 7,45.0,57875.0,8.0,64.0,97.0,6.3,32.0,Poor,22.0,3.0,Yes,15818.0
PH100030,OnePlus,Pixel 7,52.0,98346.0,4.0,256.0,77.0,5.5,48.0,Good,11.0,3.0,Yes,39144.0
PH100005,Xiaomi,Pixel 7,30.0,56816.0,12.0,256.0,68.0,6.7,200.0,Good,23.0,3.0,No,41499.0
PH101004,Samsung,OnePlus 11,18.0,145609.0,6.0,256.0,88.0,6.4,48.0,Good,21.0,2.0,No,105615.0
PH101750,Realme,Oppo Reno 10,5.0,106000.0,4.0,512.0,,6.1,48.0,Excellent,2.0,1.0,No,89374.0
PH100264,Samsung,iPhone 13,46.0,130333.0,6.0,512.0,94.0,6.3,32.0,Good,19.0,2.0,Yes,70534.0
PH101593,,Redmi Note 13,6.0,130680.0,8.0,64.0,70.0,6.1,16.0,Excellent,13.0,3.0,No,107628.0
PH101859,Realme,Pixel 7,49.0,75656.0,8.0,512.0,80.0,6.5,50.0,Fair,5.0,0.0,Yes,32101.0
PH100444,Google,Pixel 7,55.0,67863.0,8.0,64.0,66.0,6.7,16.0,Good,6.0,0.0,No,31701.0
PH101003,Samsung,Oppo Reno 10,44.0,52130.0,6.0,256.0,60.0,6.3,108.0,Good,11.0,0.0,Yes,25207.0
PH101078,Samsung,Realme 11 Pro,43.0,91558.0,8.0,64.0,70.0,6.4,32.0,Fair,6.0,0.0,No,46394.0
PH100838,Vivo,Vivo V29,7.0,105474.0,4.0,256.0,,6.8,50.0,Fair,10.0,3.0,No,70757.0
PH101818,Realme,Pixel 7,9.0,135206.0,16.0,64.0,73.0,6.2,32.0,Excellent,8.0,1.0,Yes,100195.0
PH100305,Apple,Galaxy A54,18.0,137829.0,12.0,512.0,90.0,6.6,200.0,Poor,9.0,1.0,Yes,94741.0
PH101366,Oppo,iPhone 13,45.0,62494.0,16.0,128.0,61.0,6.1,16.0,Fair,23.0,2.0,Yes,27988.0
PH101581,OnePlus,Redmi Note 13,53.0,43186.0,8.0,512.0,62.0,5.8,48.0,Excellent,5.0,2.0,Yes,34128.0
PH100314,Realme,Vivo V29,8.0,132721.0,6.0,512.0,77.0,6.5,12.0,Good,17.0,1.0,No,96582.0
PH100150,Google,Realme 11 Pro,10.0,27534.0,12.0,512.0,70.0,6.6,50.0,,11.0,3.0,No,26694.0
PH101149,Xiaomi,Realme 11 Pro,,68396.0,4.0,64.0,73.0,6.9,50.0,Good,11.0,2.0,Yes,37134.0
PH101214,Oppo,OnePlus 11,42.0,29576.0,6.0,256.0,93.0,6.9,12.0,Good,21.0,0.0,Yes,24233.0
PH100575,Realme,Vivo V29,14.0,59574.0,12.0,256.0,82.0,6.2,200.0,Good,19.0,0.0,Yes,51258.0
PH100051,Realme,iPhone 13,59.0,104708.0,,64.0,86.0,6.7,64.0,Good,23.0,3.0,Yes,24772.0
PH101576,Realme,Galaxy A54,53.0,109206.0,6.0,64.0,92.0,6.4,12.0,Fair,7.0,2.0,No,25033.0
PH100727,Xiaomi,Pixel 7,40.0,127584.0,4.0,128.0,86.0,5.6,50.0,Excellent,7.0,0.0,No,59719.0
PH100834,OnePlus,Galaxy A54,41.0,53938.0,8.0,128.0,80.0,6.0,64.0,Good,22.0,1.0,Yes,34884.0
PH101378,Vivo,Pixel 7,48.0,91823.0,16.0,128.0,82.0,6.1,108.0,Good,17.0,0.0,Yes,42190.0
PH101116,Realme,Galaxy A54,17.0,107961.0,6.0,64.0,99.0,5.6,12.0,Good,4.0,1.0,No,62433.0
PH101167,Vivo,Oppo Reno 10,30.0,100422.0,4.0,128.0,74.0,5.8,32.0,Good,13.0,3.0,Yes,49362.0
PH100471,Vivo,OnePlus 11,42.0,57991.0,12.0,512.0,82.0,5.6,50.0,Good,18.0,1.0,No,38030.0
PH100972,Realme,iPhone 13,38.0,22068.0,12.0,512.0,66.0,6.5,64.0,Excellent,15.0,3.0,Yes,25575.0
PH100654,Vivo,Vivo V29,57.0,56724.0,16.0,256.0,76.0,6.7,48.0,Good,9.0,1.0,Yes,31839.0
PH100400,Samsung,OnePlus 11,32.0,120106.0,12.0,128.0,94.0,6.3,108.0,Good,10.0,0.0,Yes,70990.0
PH100512,Apple,Galaxy A54,44.0,93972.0,6.0,128.0,89.0,6.7,12.0,Excellent,12.0,0.0,No,56119.0
PH100321,Google,Realme 11 Pro,5.0,86842.0,12.0,512.0,98.0,5.9,50.0,Good,23.0,0.0,Yes,101570.0
PH100020,Xiaomi,OnePlus 11,38.0,115998.0,16.0,128.0,77.0,6.7,32.0,Good,23.0,0.0,Yes,60392.0
PH100685,Samsung,Oppo Reno 10,5.0,47440.0,6.0,512.0,66.0,5.9,12.0,Good,17.0,1.0,No,53658.0
PH100036,Vivo,Oppo Reno 10,20.0,148355.0,12.0,128.0,75.0,6.7,50.0,Good,23.0,1.0,No,88349.0
PH100903,Oppo,Galaxy A54,47.0,24205.0,12.0,256.0,72.0,5.9,50.0,Fair,7.0,3.0,Yes,21289.0
PH101806,Xiaomi,iPhone 13,22.0,108426.0,8.0,128.0,74.0,6.0,64.0,Excellent,19.0,1.0,Yes,61274.0
PH100828,Apple,Galaxy A54,24.0,146794.0,16.0,128.0,84.0,6.3,12.0,Fair,14.0,3.0,No,96816.0
PH101825,Vivo,Vivo V29,,55880.0,8.0,256.0,65.0,6.8,16.0,Good,15.0,1.0,Yes,27438.0
PH100408,Google,Realme 11 Pro,55.0,110000.0,12.0,64.0,94.0,6.0,48.0,Fair,15.0,3.0,No,39286.0
PH100921,Vivo,Vivo V29,49.0,134035.0,4.0,256.0,64.0,5.6,16.0,Fair,4.0,3.0,Yes,36395.0
PH100538,Realme,Oppo Reno 10,23.0,27916.0,4.0,512.0,71.0,6.3,50.0,Good,15.0,3.0,Yes,25632.0
PH100759,Samsung,iPhone 13,8.0,82021.0,16.0,64.0,77.0,5.7,16.0,Good,20.0,2.0,Yes,71902.0
PH101935,Realme,Vivo V29,36.0,38870.0,6.0,64.0,94.0,5.6,32.0,Good,2.0,0.0,No,20094.0
PH101063,Realme,OnePlus 11,32.0,142976.0,16.0,512.0,91.0,6.5,48.0,Good,16.0,1.0,Yes,77669.0
PH101200,Vivo,OnePlus 11,36.0,47315.0,4.0,512.0,80.0,6.1,108.0,Poor,6.0,0.0,Yes,32211.0
PH100246,Oppo,iPhone 13,36.0,32176.0,6.0,256.0,77.0,6.0,16.0,Good,22.0,3.0,Yes,16596.0
PH101417,Samsung,Oppo Reno 10,47.0,53979.0,6.0,512.0,61.0,6.9,48.0,Good,24.0,3.0,Yes,33726.0
PH101128,Apple,Pixel 7,60.0,19493.0,6.0,512.0,99.0,5.7,48.0,Poor,17.0,3.0,Yes,17454.0
PH100785,Apple,Oppo Reno 10,6.0,121708.0,16.0,128.0,67.0,5.5,200.0,Excellent,,1.0,Yes,139943.0
PH101794,Realme,Redmi Note 13,18.0,119392.0,12.0,64.0,88.0,6.7,64.0,Fair,24.0,1.0,Yes,69645.0
PH100490,Vivo,Realme 11 Pro,46.0,35569.0,8.0,128.0,61.0,6.3,12.0,Excellent,7.0,2.0,Yes,12618.0
PH100155,Vivo,Pixel 7,37.0,92201.0,6.0,256.0,69.0,6.6,108.0,Good,18.0,2.0,Yes,44799.0
PH100962,Samsung,Galaxy A54,39.0,38553.0,6.0,128.0,76.0,6.6,16.0,Excellent,24.0,2.0,Yes,29491.0
PH100854,Xiaomi,Oppo Reno 10,56.0,47699.0,6.0,64.0,62.0,6.6,16.0,Good,6.0,2.0,Yes,17030.0
PH101312,Apple,Galaxy A54,10.0,118975.0,4.0,256.0,73.0,6.3,48.0,Good,0.0,2.0,No,106327.0
PH100626,Apple,Oppo Reno 10,12.0,13961.0,6.0,256.0,98.0,6.9,48.0,Good,,2.0,Yes,21821.0
PH100686,Oppo,Vivo V29,30.0,107082.0,8.0,512.0,69.0,6.6,12.0,Excellent,20.0,0.0,Yes,71221.0
PH101992,Xiaomi,Galaxy A54,19.0,148066.0,6.0,512.0,61.0,6.8,64.0,Excellent,6.0,1.0,Yes,91783.0
PH100570,Realme,Galaxy A54,14.0,105095.0,8.0,128.0,65.0,5.8,108.0,Fair,16.0,1.0,Yes,54967.0
PH101939,Apple,Vivo V29,17.0,92409.0,6.0,512.0,75.0,6.6,50.0,Good,14.0,0.0,Yes,87382.0
PH100018,Google,iPhone 13,11.0,66318.0,8.0,64.0,64.0,5.8,12.0,Good,4.0,1.0,Yes,50320.0
PH100128,Samsung,Realme 11 Pro,54.0,121814.0,16.0,256.0,85.0,6.6,16.0,Fair,3.0,2.0,No,52658.0
PH101347,Xiaomi,Oppo Reno 10,46.0,65473.0,16.0,256.0,96.0,6.7,16.0,Excellent,22.0,0.0,Yes,40726.0
PH101280,OnePlus,Pixel 7,39.0,123361.0,6.0,512.0,78.0,6.3,16.0,Fair,18.0,0.0,Yes,64148.0
PH101999,Realme,Oppo Reno 10,54.0,89355.0,16.0,256.0,64.0,6.9,108.0,Fair,0.0,0.0,Yes,31102.0
PH100928,OnePlus,iPhone 13,24.0,65311.0,8.0,512.0,,6.4,12.0,Excellent,17.0,1.0,Yes,59541.0
PH100981,OnePlus,Galaxy A54,6.0,112667.0,6.0,128.0,78.0,6.4,48.0,Fair,9.0,3.0,No,74177.0
PH101995,Vivo,Oppo Reno 10,29.0,85805.0,12.0,512.0,79.0,6.1,12.0,Good,5.0,1.0,No,56645.0
PH100191,Realme,iPhone 13,9.0,55954.0,6.0,512.0,96.0,6.5,200.0,Excellent,14.0,0.0,Yes,53371.0
PH101140,Samsung,Realme 11 Pro,23.0,117573.0,8.0,64.0,74.0,6.0,32.0,Fair,20.0,2.0,Yes,65440.0
PH100993,Apple,iPhone 13,36.0,95291.0,4.0,64.0,63.0,6.8,48.0,Good,2.0,0.0,No,50901.0
PH101986,Oppo,OnePlus 11,44.0,18447.0,12.0,512.0,62.0,6.7,200.0,Good,10.0,2.0,Yes,30434.0
PH101681,,Galaxy A54,16.0,27804.0,16.0,512.0,71.0,6.5,64.0,Good,15.0,1.0,Yes,37528.0
PH100607,Realme,Pixel 7,30.0,53830.0,12.0,128.0,90.0,6.8,48.0,Fair,15.0,3.0,Yes,22681.0
PH100181,Vivo,OnePlus 11,17.0,48468.0,8.0,64.0,63.0,6.0,64.0,Fair,24.0,2.0,Yes,31091.0
PH100302,Samsung,Vivo V29,37.0,120036.0,6.0,128.0,71.0,6.0,64.0,Good,0.0,2.0,No,54972.0
PH100497,Xiaomi,OnePlus 11,3.0,78788.0,16.0,512.0,88.0,6.3,50.0,Good,4.0,0.0,No,77721.0
PH101721,Oppo,Realme 11 Pro,27.0,22345.0,4.0,512.0,93.0,5.7,16.0,Good,1.0,0.0,Yes,24628.0
PH101735,Samsung,iPhone 13,25.0,58032.0,4.0,256.0,99.0,6.8,32.0,Good,19.0,0.0,No,49809.0
PH101324,Oppo,Oppo Reno 10,15.0,112699.0,12.0,512.0,93.0,6.5,50.0,Excellent,2.0,2.0,Yes,91768.0
PH101867,Apple,Oppo Reno 10,17.0,60128.0,6.0,64.0,89.0,6.2,64.0,Good,20.0,0.0,Yes,58047.0
PH100518,Oppo,Oppo Reno 10,37.0,20597.0,8.0,256.0,74.0,6.4,12.0,Fair,20.0,3.0,No,18745.0
PH100375,Samsung,iPhone 13,21.0,90824.0,4.0,128.0,63.0,6.0,12.0,Excellent,7.0,1.0,Yes,62426.0
PH101070,Vivo,iPhone 13,57.0,148132.0,6.0,256.0,95.0,6.7,200.0,Fair,8.0,1.0,No,48406.0
PH100477,Samsung,Pixel 7,31.0,55856.0,8.0,512.0,69.0,5.9,108.0,Fair,5.0,2.0,Yes,39264.0
PH100158,Apple,Redmi Note 13,54.0,144992.0,16.0,128.0,78.0,5.6,200.0,Excellent,11.0,0.0,Yes,82173.0
PH101244,Realme,Oppo Reno 10,37.0,,8.0,512.0,68.0,5.9,108.0,Good,3.0,3.0,Yes,59227.0
PH101196,Vivo,OnePlus 11,,45040.0,8.0,512.0,67.0,6.7,200.0,Good,13.0,1.0,Yes,32909.0
PH100017,OnePlus,Galaxy A54,46.0,107667.0,8.0,64.0,100.0,5.9,108.0,Good,9.0,1.0,Yes,43968.0
PH101536,Apple,Redmi Note 13,29.0,50498.0,6.0,64.0,78.0,5.8,108.0,Excellent,12.0,3.0,Yes,40206.0
PH101073,Apple,Redmi Note 13,36.0,132562.0,16.0,64.0,72.0,6.3,12.0,Excellent,16.0,3.0,No,88881.0
PH100354,Google,Pixel 7,40.0,17741.0,12.0,64.0,66.0,6.3,48.0,Poor,4.0,1.0,Yes,12276.0
PH100547,Vivo,Pixel 7,39.0,81504.0,12.0,256.0,82.0,6.0,48.0,Excellent,18.0,3.0,No,46052.0
PH101540,Vivo,Vivo V29,20.0,24940.0,8.0,256.0,90.0,6.2,108.0,Good,3.0,1.0,Yes,23230.0
PH100659,OnePlus,Redmi Note 13,23.0,30782.0,6.0,128.0,95.0,6.4,16.0,Fair,17.0,1.0,Yes,25746.0
PH101671,Oppo,OnePlus 11,15.0,39388.0,12.0,256.0,90.0,6.8,50.0,Excellent,2.0,0.0,Yes,35580.0
PH101020,Vivo,Realme 11 Pro,57.0,70741.0,4.0,256.0,83.0,6.1,12.0,Good,8.0,2.0,No,30957.0
PH101687,OnePlus,Galaxy A54,41.0,117072.0,8.0,512.0,89.0,5.7,108.0,Good,11.0,1.0,Yes,62108.0
PH101505,Realme,Vivo V29,29.0,59645.0,8.0,512.0,81.0,6.8,48.0,,21.0,1.0,Yes,39310.0
PH100960,Realme,Vivo V29,38.0,71222.0,,64.0,83.0,6.4,48.0,Good,14.0,3.0,Yes,27786.0
PH101912,Oppo,Oppo Reno 10,40.0,31267.0,12.0,512.0,91.0,6.3,64.0,Excellent,22.0,3.0,Yes,37174.0
PH100284,Realme,Pixel 7,36.0,24226.0,12.0,64.0,,5.7,16.0,Good,14.0,1.0,Yes,14792.0
PH100798,Realme,OnePlus 11,44.0,15558.0,12.0,64.0,96.0,6.0,108.0,Fair,11.0,0.0,No,16792.0
PH101650,Apple,Galaxy A54,59.0,82990.0,4.0,128.0,98.0,6.1,32.0,Good,24.0,1.0,No,38672.0
PH100226,Apple,Vivo V29,57.0,99923.0,12.0,128.0,83.0,6.1,50.0,Good,2.0,0.0,Yes,43724.0
PH100027,Oppo,Realme 11 Pro,59.0,131729.0,6.0,256.0,64.0,6.6,200.0,Excellent,5.0,1.0,Yes,43731.0
PH101798,Apple,Pixel 7,50.0,120047.0,6.0,128.0,75.0,6.8,48.0,Fair,20.0,2.0,No,53498.0
PH100438,Google,Redmi Note 13,50.0,38616.0,16.0,512.0,88.0,6.1,32.0,Excellent,23.0,3.0,Yes,36375.0
PH101979,Xiaomi,Galaxy A54,21.0,27116.0,16.0,64.0,99.0,6.0,12.0,Good,12.0,3.0,Yes,17275.0
PH101389,Realme,Vivo V29,56.0,82219.0,16.0,512.0,75.0,6.9,200.0,,4.0,3.0,No,31953.0
PH100230,Vivo,OnePlus 11,15.0,132927.0,12.0,128.0,91.0,5.9,108.0,Good,18.0,1.0,Yes,86245.0
PH100038,Samsung,Realme 11 Pro,58.0,125143.0,6.0,512.0,100.0,5.6,32.0,Good,24.0,0.0,Yes,63048.0
PH100750,Apple,Oppo Reno 10,28.0,87504.0,6.0,256.0,89.0,5.5,50.0,Fair,7.0,2.0,Yes,56508.0
PH101046,Xiaomi,Redmi Note 13,12.0,44083.0,6.0,64.0,88.0,6.0,16.0,Fair,18.0,0.0,Yes,36440.0
PH101399,OnePlus,OnePlus 11,48.0,33042.0,8.0,64.0,79.0,5.7,48.0,Excellent,7.0,2.0,No,20605.0
PH100470,OnePlus,Pixel 7,24.0,66219.0,4.0,512.0,83.0,6.8,50.0,Fair,6.0,0.0,No,47512.0
PH101718,Xiaomi,Oppo Reno 10,40.0,55066.0,12.0,64.0,72.0,6.0,108.0,Excellent,20.0,1.0,No,35022.0
PH101998,Samsung,iPhone 13,37.0,129409.0,12.0,64.0,70.0,6.0,16.0,Fair,6.0,2.0,Yes,59684.0
PH100688,Vivo,iPhone 13,17.0,68683.0,6.0,64.0,61.0,6.1,48.0,Good,3.0,3.0,Yes,36481.0
PH101872,Vivo,Redmi Note 13,56.0,47398.0,16.0,256.0,67.0,5.5,32.0,Excellent,1.0,3.0,Yes,21851.0
PH100640,Google,OnePlus 11,4.0,105079.0,16.0,512.0,70.0,6.5,48.0,Good,11.0,1.0,Yes,108855.0
PH101738,Realme,Vivo V29,59.0,110802.0,6.0,256.0,90.0,5.7,16.0,Good,5.0,2.0,Yes,30335.0
PH101219,Vivo,Vivo V29,23.0,34490.0,4.0,64.0,64.0,5.8,48.0,Fair,7.0,3.0,No,13935.0
PH101159,OnePlus,Pixel 7,14.0,96577.0,4.0,128.0,63.0,6.2,50.0,Excellent,14.0,2.0,No,69035.0
PH101416,OnePlus,Redmi Note 13,46.0,95286.0,16.0,64.0,71.0,6.0,32.0,Good,20.0,3.0,Yes,43685.0
PH101528,Samsung,Oppo Reno 10,22.0,85324.0,4.0,128.0,85.0,5.9,50.0,Excellent,21.0,2.0,No,65764.0
PH101680,Apple,Galaxy A54,53.0,63796.0,16.0,512.0,80.0,6.8,16.0,Fair,13.0,0.0,Yes,45391.0
PH101301,Realme,Oppo Reno 10,38.0,118719.0,16.0,512.0,84.0,5.5,48.0,Poor,4.0,1.0,No,52285.0
PH101851,Xiaomi,OnePlus 11,52.0,128045.0,8.0,128.0,81.0,6.5,16.0,Good,9.0,3.0,Yes,43852.0
PH100801,Samsung,Pixel 7,47.0,70219.0,4.0,512.0,96.0,6.5,200.0,Good,,2.0,Yes,35635.0
PH101604,Samsung,Pixel 7,50.0,119803.0,4.0,64.0,99.0,6.1,48.0,Good,1.0,3.0,No,46889.0
PH100161,Realme,Vivo V29,52.0,105500.0,8.0,64.0,74.0,6.5,16.0,Excellent,9.0,0.0,No,42233.0
PH100957,OnePlus,Galaxy A54,9.0,95793.0,12.0,128.0,73.0,5.6,48.0,Good,4.0,2.0,Yes,70638.0
PH101187,Google,Redmi Note 13,11.0,94666.0,4.0,256.0,74.0,6.9,50.0,Good,7.0,0.0,No,84075.0
PH100822,OnePlus,Redmi Note 13,38.0,147624.0,16.0,512.0,66.0,6.5,108.0,Fair,0.0,3.0,No,63508.0
PH101707,Xiaomi,Galaxy A54,12.0,21637.0,16.0,512.0,90.0,5.6,64.0,Fair,7.0,1.0,No,28036.0
PH100878,Apple,OnePlus 11,60.0,51169.0,12.0,512.0,66.0,6.0,16.0,Good,10.0,0.0,Yes,35443.0
PH100914,Apple,OnePlus 11,34.0,135805.0,12.0,512.0,94.0,6.7,64.0,Fair,20.0,3.0,No,89543.0
PH100153,Samsung,Galaxy A54,44.0,61170.0,4.0,512.0,60.0,5.9,32.0,Good,23.0,2.0,No,38393.0
PH101865,OnePlus,OnePlus 11,56.0,38502.0,8.0,512.0,85.0,6.9,12.0,Good,24.0,1.0,Yes,40125.0
PH101804,Google,iPhone 13,12.0,92859.0,8.0,128.0,91.0,6.3,64.0,Good,9.0,3.0,Yes,67794.0
PH100510,Apple,OnePlus 11,10.0,132951.0,4.0,512.0,86.0,5.8,64.0,Fair,2.0,3.0,Yes,104414.0
PH101136,Xiaomi,Redmi Note 13,57.0,59315.0,12.0,512.0,81.0,6.5,50.0,Excellent,22.0,0.0,Yes,49447.0
PH101251,Realme,Realme 11 Pro,56.0,131873.0,6.0,64.0,87.0,6.4,48.0,Excellent,15.0,2.0,No,39997.0
PH101689,Samsung,Oppo Reno 10,58.0,74287.0,16.0,512.0,67.0,6.4,50.0,Good,14.0,0.0,Yes,45698.0
PH100104,OnePlus,iPhone 13,4.0,93257.0,16.0,256.0,66.0,6.3,64.0,Good,16.0,0.0,Yes,85020.0
PH101446,Samsung,Oppo Reno 10,57.0,46650.0,8.0,512.0,93.0,6.9,12.0,Good,6.0,2.0,Yes,28122.0
PH101444,Xiaomi,OnePlus 11,21.0,108870.0,16.0,512.0,96.0,5.8,48.0,Excellent,5.0,1.0,No,85195.0
PH101765,Vivo,Realme 11 Pro,34.0,56462.0,8.0,128.0,82.0,6.0,16.0,Good,18.0,0.0,Yes,27468.0
PH100587,Oppo,Oppo Reno 10,48.0,30074.0,4.0,256.0,65.0,5.9,200.0,Fair,21.0,2.0,Yes,19135.0
PH101937,Xiaomi,iPhone 13,5.0,64057.0,8.0,64.0,,6.2,64.0,Good,7.0,1.0,No,45784.0
PH101144,Realme,Galaxy A54,39.0,97959.0,6.0,512.0,96.0,6.7,32.0,Excellent,7.0,0.0,Yes,51768.0
PH100054,,OnePlus 11,23.0,113121.0,4.0,128.0,67.0,6.9,200.0,Good,12.0,3.0,Yes,70951.0
PH100152,Xiaomi,Realme 11 Pro,35.0,48320.0,16.0,512.0,99.0,6.0,50.0,Fair,24.0,1.0,Yes,36361.0
PH100404,Samsung,Vivo V29,54.0,26995.0,6.0,128.0,96.0,5.6,16.0,Good,7.0,0.0,Yes,16918.0
PH101973,Xiaomi,Realme 11 Pro,47.0,132382.0,8.0,64.0,87.0,6.7,12.0,Excellent,17.0,3.0,Yes,51600.0
PH100208,OnePlus,OnePlus 11,50.0,145653.0,12.0,256.0,76.0,6.3,32.0,Excellent,16.0,3.0,No,68261.0
PH101925,Apple,Oppo Reno 10,56.0,90929.0,16.0,64.0,99.0,6.1,64.0,Poor,13.0,1.0,No,37476.0
PH101123,Xiaomi,iPhone 13,58.0,101524.0,8.0,128.0,92.0,6.1,48.0,Fair,21.0,0.0,No,33858.0
PH101777,Apple,Vivo V29,16.0,,8.0,512.0,72.0,6.1,48.0,Good,5.0,2.0,Yes,42771.0
PH100009,Realme,Vivo V29,18.0,16017.0,8.0,128.0,76.0,6.8,48.0,Fair,16.0,2.0,Yes,8278.0
PH101015,Vivo,OnePlus 11,5.0,45065.0,6.0,64.0,94.0,6.3,16.0,Good,10.0,0.0,Yes,38905.0
PH101824,OnePlus,Redmi Note 13,18.0,133631.0,6.0,512.0,86.0,6.4,64.0,Fair,3.0,3.0,Yes,84139.0
PH101061,,Pixel 7,17.0,80312.0,6.0,64.0,100.0,6.3,108.0,Fair,20.0,0.0,Yes,56454.0
PH100453,Oppo,Oppo Reno 10,3.0,89694.0,6.0,512.0,86.0,6.5,50.0,Good,18.0,1.0,Yes,83384.0
PH101676,Vivo,Galaxy A54,39.0,126010.0,4.0,512.0,67.0,5.9,64.0,Poor,19.0,1.0,Yes,50881.0
PH100254,Vivo,iPhone 13,40.0,,4.0,64.0,76.0,6.5,200.0,Fair,7.0,3.0,Yes,44779.0
PH101328,Vivo,Realme 11 Pro,28.0,129358.0,4.0,256.0,85.0,6.8,32.0,Poor,13.0,3.0,Yes,42802.0
PH100897,Oppo,iPhone 13,30.0,129018.0,6.0,512.0,75.0,6.3,50.0,Excellent,15.0,1.0,Yes,77933.0
PH101760,Xiaomi,Realme 11 Pro,5.0,104691.0,16.0,64.0,84.0,6.2,64.0,Fair,11.0,2.0,No,64195.0
PH100881,Vivo,iPhone 13,13.0,116501.0,4.0,512.0,66.0,6.3,108.0,Good,5.0,2.0,Yes,78519.0
PH101596,Google,Redmi Note 13,22.0,83894.0,8.0,256.0,83.0,6.5,64.0,Good,0.0,0.0,No,60140.0
PH101919,Xiaomi,Pixel 7,31.0,69196.0,8.0,512.0,80.0,6.1,32.0,Good,23.0,3.0,No,45942.0
PH100624,Apple,Pixel 7,,101959.0,8.0,64.0,81.0,6.1,32.0,Fair,5.0,1.0,No,83981.0
PH100346,Realme,Pixel 7,35.0,87324.0,16.0,128.0,100.0,6.9,12.0,Good,4.0,2.0,No,36448.0
PH101728,Samsung,Oppo Reno 10,42.0,147639.0,6.0,128.0,92.0,6.5,200.0,Fair,4.0,1.0,No,57728.0
PH100263,Vivo,iPhone 13,46.0,38069.0,8.0,64.0,64.0,6.9,64.0,Poor,12.0,3.0,Yes,8571.0
PH101635,Vivo,Pixel 7,25.0,105922.0,6.0,512.0,85.0,6.7,48.0,Good,6.0,1.0,No,70092.0
PH101322,Xiaomi,iPhone 13,36.0,83042.0,6.0,256.0,62.0,6.0,200.0,Fair,24.0,3.0,Yes,37903.0
PH101439,Google,Redmi Note 13,14.0,15729.0,12.0,256.0,86.0,6.3,108.0,Good,2.0,2.0,No,16870.0
PH100151,Xiaomi,Galaxy A54,46.0,97280.0,4.0,128.0,97.0,5.7,32.0,Excellent,2.0,3.0,No,40219.0
PH100473,Xiaomi,Realme 11 Pro,53.0,99438.0,16.0,128.0,100.0,5.7,64.0,Good,14.0,2.0,Yes,42341.0
PH100641,Oppo,Realme 11 Pro,31.0,67805.0,8.0,128.0,93.0,6.1,64.0,Good,9.0,3.0,Yes,35113.0
PH101119,Vivo,Pixel 7,21.0,105715.0,4.0,256.0,98.0,6.4,16.0,Good,8.0,3.0,Yes,64314.0
PH101913,Apple,Vivo V29,24.0,65364.0,6.0,512.0,94.0,5.9,12.0,Good,22.0,1.0,Yes,64254.0
PH100551,Samsung,Pixel 7,26.0,115751.0,12.0,256.0,77.0,6.0,16.0,Good,15.0,3.0,No,75262.0
PH101984,Xiaomi,Oppo Reno 10,47.0,54919.0,16.0,256.0,83.0,6.9,64.0,Fair,0.0,3.0,Yes,27824.0
PH100929,Oppo,iPhone 13,31.0,34692.0,16.0,64.0,62.0,6.6,48.0,Good,16.0,3.0,No,21852.0
PH100489,Samsung,OnePlus 11,24.0,43480.0,16.0,128.0,75.0,6.7,16.0,Excellent,21.0,0.0,Yes,42795.0
PH101840,Samsung,Oppo Reno 10,19.0,102678.0,4.0,512.0,63.0,6.5,200.0,Good,3.0,1.0,Yes,74832.0
PH101172,Xiaomi,Realme 11 Pro,20.0,111956.0,16.0,64.0,65.0,6.8,48.0,Poor,18.0,0.0,No,53958.0
PH100147,Xiaomi,Galaxy A54,27.0,66935.0,6.0,128.0,89.0,6.6,12.0,Fair,6.0,1.0,No,34419.0
PH101730,Oppo,Galaxy A54,34.0,141648.0,4.0,256.0,74.0,5.9,50.0,Excellent,24.0,0.0,Yes,76859.0
PH101959,Vivo,Vivo V29,24.0,101353.0,6.0,512.0,91.0,6.9,16.0,Good,5.0,2.0,Yes,65799.0
PH100403,Xiaomi,Realme 11 Pro,58.0,130570.0,4.0,256.0,77.0,6.7,64.0,Fair,17.0,0.0,Yes,48049.0
PH100955,Xiaomi,iPhone 13,9.0,53347.0,16.0,512.0,65.0,6.6,50.0,Excellent,15.0,0.0,No,65173.0
PH101908,Samsung,Realme 11 Pro,18.0,38619.0,8.0,256.0,92.0,5.6,48.0,Fair,5.0,0.0,Yes,34482.0
PH100660,Apple,OnePlus 11,51.0,90257.0,,256.0,92.0,6.2,64.0,Poor,11.0,1.0,Yes,38351.0
PH101373,Google,OnePlus 11,56.0,137659.0,16.0,256.0,69.0,6.6,200.0,Fair,13.0,3.0,Yes,49871.0
PH100464,Samsung,iPhone 13,17.0,37566.0,12.0,64.0,,5.6,16.0,Fair,21.0,2.0,Yes,34891.0
PH101350,Vivo,Realme 11 Pro,59.0,103563.0,6.0,128.0,68.0,6.3,16.0,Fair,18.0,1.0,No,28368.0
PH100187,Apple,Vivo V29,,120117.0,12.0,512.0,72.0,5.6,108.0,Good,0.0,0.0,Yes,100915.0
PH101148,Apple,Galaxy A54,13.0,64975.0,4.0,256.0,100.0,6.6,108.0,Good,9.0,1.0,No,64384.0
PH101225,,Oppo Reno 10,56.0,13539.0,6.0,256.0,95.0,5.9,50.0,Fair,9.0,0.0,Yes,12419.0
PH100609,OnePlus,iPhone 13,22.0,69616.0,8.0,512.0,60.0,6.5,12.0,Good,0.0,0.0,Yes,53155.0
PH100144,Google,Vivo V29,28.0,56942.0,,256.0,99.0,6.2,200.0,Good,3.0,1.0,Yes,43721.0
PH100752,Vivo,Vivo V29,48.0,21460.0,16.0,512.0,90.0,5.5,50.0,Fair,16.0,3.0,No,25248.0
PH101535,Xiaomi,Pixel 7,41.0,71658.0,4.0,256.0,88.0,6.9,16.0,Fair,20.0,0.0,Yes,36857.0
PH100982,Google,Pixel 7,32.0,102071.0,8.0,256.0,100.0,6.3,16.0,Excellent,6.0,3.0,No,68646.0
PH100198,OnePlus,Pixel 7,45.0,16994.0,8.0,512.0,78.0,6.7,12.0,Excellent,18.0,3.0,Yes,22999.0
PH101634,Realme,Pixel 7,51.0,128944.0,6.0,256.0,66.0,6.0,12.0,Good,18.0,2.0,Yes,46540.0
PH100884,Google,Realme 11 Pro,25.0,102895.0,6.0,128.0,88.0,5.7,50.0,Good,10.0,2.0,Yes,66993.0
PH100280,Apple,Redmi Note 13,35.0,123249.0,8.0,256.0,78.0,5.8,108.0,Good,11.0,0.0,Yes,86312.0
PH100294,Apple,Pixel 7,24.0,124599.0,6.0,128.0,65.0,6.4,64.0,Fair,14.0,2.0,Yes,76826.0
PH101852,Samsung,Galaxy A54,50.0,52860.0,6.0,128.0,72.0,6.0,200.0,Poor,16.0,3.0,No,19627.0
PH100401,Google,Vivo V29,11.0,36519.0,6.0,128.0,75.0,6.5,108.0,Fair,20.0,1.0,No,34742.0
PH100123,Apple,Realme 11 Pro,23.0,105422.0,6.0,128.0,72.0,6.1,108.0,Good,21.0,2.0,Yes,80170.0
PH101208,Oppo,Realme 11 Pro,30.0,84255.0,6.0,64.0,100.0,6.1,32.0,Good,16.0,0.0,Yes,44619.0
PH100203,Realme,Realme 11 Pro,3.0,46872.0,16.0,128.0,88.0,6.3,50.0,Fair,23.0,0.0,Yes,47771.0
PH101463,Vivo,OnePlus 11,36.0,73497.0,12.0,64.0,71.0,6.0,16.0,Good,11.0,1.0,No,41495.0
PH100836,OnePlus,Redmi Note 13,10.0,61877.0,6.0,64.0,88.0,6.7,16.0,Excellent,9.0,3.0,No,47359.0
PH100247,Samsung,Galaxy A54,28.0,75972.0,16.0,256.0,65.0,5.8,32.0,Poor,0.0,1.0,Yes,40620.0
PH101440,Xiaomi,Galaxy A54,13.0,149046.0,8.0,64.0,74.0,6.4,200.0,Good,6.0,0.0,No,87781.0
PH101734,OnePlus,Vivo V29,,49052.0,12.0,256.0,82.0,5.6,64.0,Fair,14.0,1.0,Yes,26761.0
PH101780,Google,OnePlus 11,6.0,13301.0,16.0,128.0,87.0,5.8,32.0,Fair,3.0,0.0,Yes,19944.0
PH101932,OnePlus,Vivo V29,4.0,89004.0,8.0,128.0,65.0,6.5,108.0,Good,18.0,0.0,No,82690.0
PH101708,Oppo,OnePlus 11,24.0,55258.0,6.0,64.0,96.0,7.0,64.0,Good,19.0,2.0,No,33008.0
PH101911,OnePlus,OnePlus 11,12.0,15720.0,4.0,64.0,97.0,6.3,108.0,Fair,11.0,1.0,No,14185.0
PH101154,Apple,Vivo V29,11.0,51346.0,6.0,128.0,99.0,5.9,32.0,Good,24.0,0.0,Yes,59483.0
PH101662,Xiaomi,iPhone 13,6.0,53505.0,6.0,64.0,97.0,6.1,48.0,,6.0,0.0,No,43747.0
PH101427,Realme,iPhone 13,33.0,145913.0,12.0,128.0,71.0,6.3,32.0,Good,3.0,3.0,No,59326.0
PH100385,Vivo,Galaxy A54,9.0,122684.0,4.0,64.0,74.0,6.0,12.0,Fair,11.0,3.0,Yes,67412.0
PH101785,Xiaomi,iPhone 13,59.0,105297.0,12.0,64.0,70.0,6.0,108.0,Excellent,1.0,3.0,No,25110.0
PH100855,Realme,iPhone 13,13.0,58335.0,6.0,256.0,94.0,6.9,108.0,Fair,11.0,2.0,Yes,32658.0
PH101590,Google,Pixel 7,7.0,119792.0,16.0,128.0,97.0,6.8,64.0,Good,11.0,1.0,Yes,109773.0
PH100220,Realme,Redmi Note 13,13.0,91698.0,16.0,256.0,80.0,6.1,50.0,Fair,13.0,3.0,Yes,62491.0
PH100642,Oppo,OnePlus 11,40.0,87033.0,8.0,128.0,92.0,6.9,50.0,Good,9.0,2.0,Yes,38694.0
PH100002,OnePlus,OnePlus 11,9.0,145498.0,12.0,512.0,78.0,6.1,48.0,Excellent,18.0,2.0,No,134340.0
PH100113,Google,Oppo Reno 10,26.0,96514.0,6.0,512.0,84.0,6.0,108.0,Fair,1.0,0.0,Yes,65445.0
PH100699,Apple,Pixel 7,35.0,67798.0,16.0,64.0,78.0,5.6,12.0,Fair,12.0,1.0,No,43757.0
PH101946,Google,Oppo Reno 10,8.0,125089.0,8.0,128.0,88.0,6.0,64.0,Good,18.0,3.0,Yes,103754.0
PH100952,OnePlus,Redmi Note 13,28.0,69062.0,8.0,128.0,95.0,5.8,64.0,Excellent,14.0,2.0,Yes,47354.0
PH101649,Samsung,Galaxy A54,39.0,131501.0,4.0,128.0,64.0,5.9,48.0,Good,14.0,2.0,Yes,58614.0
PH101637,Samsung,Galaxy A54,58.0,20802.0,16.0,64.0,70.0,5.8,64.0,Fair,8.0,1.0,Yes,15671.0
PH101775,Realme,Galaxy A54,60.0,147440.0,6.0,128.0,95.0,5.8,200.0,Excellent,24.0,1.0,Yes,50777.0
PH101411,OnePlus,OnePlus 11,5.0,64349.0,8.0,64.0,98.0,6.9,50.0,Poor,16.0,0.0,Yes,48672.0
PH101410,Apple,Vivo V29,32.0,137180.0,16.0,64.0,96.0,6.2,200.0,Good,2.0,0.0,Yes,96045.0
PH101534,Vivo,iPhone 13,51.0,127828.0,8.0,128.0,85.0,5.6,50.0,Excellent,8.0,0.0,Yes,48649.0
PH101292,Vivo,Pixel 7,59.0,74320.0,4.0,128.0,60.0,7.0,50.0,Excellent,19.0,2.0,No,24245.0
PH101901,OnePlus,iPhone 13,14.0,94263.0,12.0,128.0,81.0,5.8,50.0,Good,9.0,3.0,Yes,68369.0
PH100442,Google,Oppo Reno 10,46.0,,16.0,64.0,97.0,6.1,16.0,Good,1.0,2.0,No,19698.0
PH101521,Oppo,Realme 11 Pro,3.0,19987.0,16.0,64.0,80.0,5.8,48.0,Good,21.0,0.0,Yes,22271.0
PH101137,Realme,OnePlus 11,12.0,139251.0,4.0,512.0,72.0,6.2,50.0,Good,22.0,1.0,No,99247.0
PH101716,Google,Oppo Reno 10,23.0,35834.0,8.0,64.0,82.0,5.9,12.0,Fair,15.0,1.0,No,25385.0
PH101257,Oppo,Oppo Reno 10,,40926.0,16.0,256.0,62.0,6.9,12.0,Fair,4.0,1.0,Yes,22191.0
PH101893,Vivo,Pixel 7,7.0,84394.0,4.0,64.0,61.0,5.5,32.0,Good,6.0,1.0,Yes,46014.0
PH101632,Xiaomi,Galaxy A54,36.0,66970.0,16.0,512.0,100.0,6.0,32.0,Good,24.0,1.0,Yes,50390.0
PH101696,Google,Redmi Note 13,18.0,59922.0,4.0,64.0,73.0,6.7,12.0,Excellent,13.0,2.0,Yes,36498.0
PH101398,Realme,Vivo V29,23.0,21943.0,6.0,512.0,82.0,6.3,64.0,Good,5.0,1.0,Yes,23793.0
PH100664,Oppo,Redmi Note 13,26.0,79766.0,16.0,64.0,75.0,6.6,16.0,Good,7.0,2.0,Yes,42814.0
PH101875,Apple,OnePlus 11,22.0,84635.0,6.0,256.0,99.0,6.1,32.0,Fair,2.0,2.0,Yes,54791.0
PH101258,Xiaomi,Oppo Reno 10,60.0,111782.0,4.0,256.0,80.0,6.7,48.0,Good,6.0,2.0,Yes,37573.0
PH101801,Realme,OnePlus 11,14.0,21269.0,6.0,64.0,76.0,6.3,16.0,Good,3.0,1.0,Yes,14743.0
PH101701,Vivo,Redmi Note 13,34.0,142744.0,4.0,128.0,84.0,6.7,50.0,Good,2.0,3.0,Yes,60571.0
PH100318,Samsung,Galaxy A54,10.0,47503.0,4.0,128.0,96.0,6.7,48.0,Good,10.0,2.0,Yes,39506.0
PH100649,Google,Realme 11 Pro,43.0,119524.0,12.0,512.0,74.0,6.6,64.0,Good,23.0,1.0,Yes,72479.0
PH101435,OnePlus,Pixel 7,50.0,144447.0,6.0,256.0,92.0,6.1,48.0,Fair,17.0,1.0,Yes,60667.0
PH101480,Google,Oppo Reno 10,52.0,34499.0,4.0,64.0,67.0,6.6,32.0,Good,23.0,1.0,Yes,17371.0
PH100710,Google,OnePlus 11,3.0,124669.0,8.0,256.0,91.0,5.8,108.0,Excellent,0.0,3.0,Yes,129568.0
PH101383,Xiaomi,Redmi Note 13,7.0,57203.0,6.0,128.0,85.0,5.7,108.0,Good,0.0,0.0,No,39355.0
PH101283,Samsung,Galaxy A54,34.0,28555.0,16.0,256.0,97.0,6.5,48.0,Good,4.0,0.0,Yes,28596.0
PH101769,Realme,Realme 11 Pro,21.0,121779.0,6.0,256.0,,6.8,200.0,Excellent,2.0,1.0,No,70782.0
PH100973,Samsung,Realme 11 Pro,37.0,66460.0,12.0,256.0,93.0,7.0,200.0,Good,12.0,3.0,Yes,40220.0
PH100628,Oppo,Oppo Reno 10,20.0,25255.0,16.0,128.0,63.0,6.7,48.0,Fair,4.0,2.0,Yes,21113.0
PH100633,Vivo,Galaxy A54,41.0,73576.0,16.0,64.0,61.0,5.9,50.0,Good,23.0,2.0,Yes,34694.0
PH101307,Google,iPhone 13,10.0,138613.0,8.0,256.0,100.0,5.7,108.0,Good,21.0,0.0,Yes,121358.0
PH101401,Xiaomi,Pixel 7,8.0,149941.0,4.0,64.0,72.0,6.0,64.0,Excellent,23.0,3.0,Yes,104326.0
PH101409,Realme,iPhone 13,33.0,129626.0,16.0,512.0,81.0,6.8,64.0,Good,10.0,3.0,No,65632.0
PH101249,Apple,Vivo V29,19.0,125181.0,4.0,128.0,70.0,5.9,48.0,Good,15.0,3.0,Yes,92563.0
PH101983,OnePlus,Oppo Reno 10,11.0,131779.0,6.0,128.0,80.0,6.7,200.0,Good,2.0,3.0,Yes,94086.0
PH101255,Vivo,Pixel 7,45.0,125753.0,12.0,64.0,63.0,5.9,200.0,Excellent,16.0,3.0,Yes,52523.0
PH101497,Google,iPhone 13,42.0,102456.0,12.0,64.0,73.0,6.1,48.0,Good,5.0,1.0,Yes,49000.0
PH101372,,Galaxy A54,26.0,90291.0,4.0,512.0,73.0,5.5,12.0,Excellent,8.0,1.0,Yes,57877.0
PH101530,OnePlus,iPhone 13,55.0,121756.0,8.0,256.0,68.0,5.6,64.0,Poor,4.0,3.0,Yes,29933.0
PH101664,Xiaomi,Vivo V29,14.0,74699.0,8.0,128.0,84.0,5.6,108.0,Good,3.0,0.0,No,51394.0
PH101355,Apple,Vivo V29,21.0,,4.0,64.0,71.0,6.0,16.0,Fair,16.0,3.0,Yes,72103.0
PH101956,Samsung,iPhone 13,12.0,45980.0,4.0,64.0,89.0,6.2,32.0,Good,15.0,1.0,Yes,35131.0
PH101931,Google,Pixel 7,49.0,44363.0,12.0,64.0,93.0,6.2,32.0,Excellent,13.0,0.0,No,33103.0
PH101644,Apple,OnePlus 11,43.0,140023.0,4.0,128.0,82.0,6.8,48.0,Excellent,0.0,3.0,Yes,69556.0
PH101878,Apple,Realme 11 Pro,20.0,148873.0,8.0,512.0,77.0,6.9,32.0,Fair,23.0,0.0,Yes,118906.0
PH100796,Realme,Pixel 7,53.0,40807.0,8.0,256.0,92.0,5.9,50.0,Good,10.0,3.0,Yes,23758.0
PH100646,Vivo,Redmi Note 13,42.0,43954.0,16.0,256.0,100.0,6.5,48.0,Excellent,15.0,1.0,No,36493.0
PH101013,Oppo,Vivo V29,36.0,76892.0,16.0,256.0,86.0,6.3,50.0,Good,19.0,0.0,Yes,39375.0
PH101868,Vivo,Pixel 7,25.0,95123.0,12.0,256.0,87.0,6.3,32.0,Good,0.0,2.0,Yes,51881.0
PH100557,Google,Pixel 7,41.0,86055.0,12.0,512.0,79.0,6.2,108.0,Excellent,2.0,0.0,No,61734.0
PH100682,Vivo,Realme 11 Pro,36.0,37464.0,16.0,256.0,67.0,6.7,64.0,,13.0,3.0,Yes,25428.0
PH100578,Oppo,Vivo V29,47.0,79384.0,16.0,128.0,79.0,6.4,108.0,Good,17.0,2.0,No,36062.0
PH101820,Xiaomi,Realme 11 Pro,58.0,44769.0,8.0,256.0,78.0,6.6,200.0,Good,4.0,2.0,Yes,15880.0
PH101110,Xiaomi,iPhone 13,29.0,59014.0,8.0,256.0,92.0,6.1,16.0,Fair,7.0,0.0,Yes,32725.0
PH101267,Realme,OnePlus 11,19.0,19211.0,16.0,256.0,78.0,6.7,12.0,Fair,5.0,3.0,Yes,18593.0
PH101723,Realme,OnePlus 11,38.0,40899.0,16.0,64.0,97.0,6.1,64.0,Good,0.0,0.0,Yes,23689.0
PH101184,OnePlus,Pixel 7,33.0,117686.0,8.0,64.0,77.0,6.3,12.0,Excellent,0.0,0.0,Yes,61553.0
PH100525,Apple,Redmi Note 13,58.0,26079.0,16.0,128.0,91.0,6.0,108.0,Good,2.0,0.0,Yes,24542.0
PH101060,OnePlus,Pixel 7,26.0,65687.0,6.0,512.0,75.0,6.0,12.0,Good,15.0,0.0,Yes,56981.0
PH100541,Realme,Vivo V29,44.0,53235.0,6.0,128.0,100.0,6.3,48.0,Fair,1.0,2.0,Yes,16029.0
PH101195,Apple,Oppo Reno 10,38.0,102909.0,8.0,64.0,85.0,5.7,12.0,Fair,19.0,3.0,Yes,54267.0
PH101679,Oppo,Realme 11 Pro,29.0,114739.0,4.0,64.0,82.0,6.4,108.0,Poor,20.0,1.0,No,48845.0
PH100749,Samsung,Oppo Reno 10,6.0,61420.0,6.0,512.0,76.0,6.8,200.0,Good,24.0,2.0,Yes,63270.0
PH101899,Google,Realme 11 Pro,29.0,16136.0,8.0,64.0,88.0,6.4,12.0,Good,14.0,0.0,Yes,19345.0
PH101431,Samsung,Redmi Note 13,,22304.0,4.0,64.0,100.0,6.7,200.0,Excellent,13.0,1.0,No,9366.0
PH100485,Vivo,Realme 11 Pro,24.0,126091.0,12.0,512.0,74.0,6.0,12.0,Fair,8.0,1.0,Yes,72886.0
PH101758,Samsung,Oppo Reno 10,3.0,,8.0,64.0,68.0,5.6,48.0,Fair,15.0,1.0,Yes,79509.0
PH100096,Oppo,Redmi Note 13,3.0,146678.0,6.0,512.0,67.0,6.0,64.0,Good,5.0,3.0,Yes,111659.0
PH101021,Realme,Oppo Reno 10,29.0,119049.0,16.0,128.0,82.0,6.4,32.0,Good,6.0,3.0,Yes,49999.0
PH100564,Realme,Galaxy A54,48.0,105185.0,6.0,128.0,63.0,6.2,200.0,Excellent,7.0,1.0,Yes,39513.0
PH101265,Oppo,OnePlus 11,18.0,149605.0,6.0,128.0,85.0,6.4,50.0,Fair,20.0,0.0,Yes,81342.0
PH100743,Apple,Realme 11 Pro,32.0,129509.0,4.0,512.0,75.0,5.5,12.0,Fair,11.0,0.0,No,79744.0
PH100864,,Redmi Note 13,60.0,139581.0,4.0,256.0,76.0,5.5,200.0,Fair,17.0,0.0,Yes,57535.0
PH101599,Google,Pixel 7,54.0,140848.0,16.0,64.0,86.0,5.8,48.0,Good,21.0,0.0,Yes,68842.0
PH101715,Oppo,Vivo V29,27.0,80689.0,12.0,256.0,84.0,6.4,32.0,Good,,1.0,Yes,50424.0
PH101485,Realme,Oppo Reno 10,11.0,97473.0,8.0,512.0,82.0,6.2,200.0,Good,3.0,3.0,Yes,65755.0
PH100892,Realme,Realme 11 Pro,53.0,112649.0,8.0,512.0,92.0,7.0,32.0,Good,10.0,0.0,Yes,56074.0
PH101578,Apple,Realme 11 Pro,37.0,17586.0,4.0,64.0,95.0,5.8,32.0,Excellent,16.0,3.0,Yes,12945.0
PH101039,Samsung,Redmi Note 13,24.0,60803.0,16.0,256.0,99.0,6.6,12.0,Poor,21.0,3.0,No,37276.0
PH100207,Google,Redmi Note 13,34.0,89535.0,8.0,256.0,70.0,5.9,12.0,Good,14.0,1.0,Yes,57699.0
PH100393,Google,Pixel 7,16.0,147699.0,16.0,256.0,85.0,5.7,200.0,Good,11.0,0.0,No,116094.0
PH100795,Samsung,OnePlus 11,25.0,123362.0,16.0,64.0,94.0,6.1,108.0,Good,15.0,2.0,Yes,82789.0
PH100871,Vivo,Pixel 7,50.0,124138.0,12.0,256.0,78.0,6.5,12.0,Excellent,5.0,1.0,Yes,52119.0
PH100398,Oppo,Redmi Note 13,42.0,128545.0,12.0,64.0,90.0,6.7,32.0,Good,5.0,2.0,Yes,57790.0
PH100767,Vivo,iPhone 13,44.0,26719.0,8.0,128.0,80.0,6.3,48.0,Good,10.0,2.0,No,12632.0
PH101870,Apple,Oppo Reno 10,25.0,15174.0,4.0,256.0,85.0,6.2,16.0,Excellent,8.0,0.0,Yes,20855.0
PH101242,OnePlus,OnePlus 11,,121598.0,8.0,128.0,88.0,6.2,64.0,Excellent,18.0,3.0,No,90298.0
PH101029,Vivo,Realme 11 Pro,43.0,66745.0,12.0,64.0,84.0,6.8,12.0,Good,0.0,3.0,Yes,25276.0
PH101793,,Realme 11 Pro,29.0,28562.0,12.0,64.0,60.0,5.8,12.0,Poor,22.0,2.0,Yes,16136.0
PH100643,Google,Vivo V29,5.0,110239.0,16.0,64.0,85.0,6.7,48.0,Good,17.0,2.0,Yes,97383.0
PH101922,Vivo,Realme 11 Pro,22.0,143567.0,8.0,64.0,80.0,6.7,64.0,Good,0.0,0.0,Yes,78783.0
PH100613,OnePlus,iPhone 13,60.0,88918.0,4.0,256.0,84.0,6.6,16.0,Fair,1.0,3.0,No,22722.0
PH101763,Xiaomi,Realme 11 Pro,38.0,92960.0,4.0,128.0,97.0,6.6,16.0,Excellent,21.0,3.0,No,45523.0
PH100961,Samsung,Redmi Note 13,27.0,15748.0,6.0,128.0,70.0,5.6,50.0,Poor,,1.0,Yes,15124.0
PH101571,Apple,Redmi Note 13,31.0,32863.0,12.0,128.0,66.0,5.8,50.0,,14.0,3.0,No,25555.0
PH100726,Vivo,iPhone 13,51.0,133688.0,8.0,64.0,81.0,6.9,108.0,Good,15.0,2.0,Yes,48829.0
PH100684,OnePlus,Galaxy A54,5.0,136997.0,6.0,512.0,87.0,7.0,50.0,Good,6.0,2.0,No,121356.0
PH100099,Oppo,Oppo Reno 10,7.0,26387.0,8.0,512.0,71.0,5.9,12.0,Good,18.0,0.0,No,41783.0
PH100805,Oppo,Galaxy A54,23.0,39877.0,6.0,128.0,84.0,6.2,12.0,Fair,11.0,0.0,Yes,24408.0
PH101752,Google,Vivo V29,51.0,79946.0,4.0,64.0,93.0,5.8,50.0,Good,14.0,2.0,No,35413.0
PH101598,Vivo,Redmi Note 13,52.0,13462.0,4.0,512.0,71.0,6.5,16.0,Good,20.0,3.0,Yes,17132.0
PH100407,Oppo,Oppo Reno 10,13.0,148093.0,12.0,64.0,94.0,6.1,16.0,Good,13.0,0.0,Yes,104476.0
PH100503,Vivo,Galaxy A54,27.0,,8.0,512.0,88.0,6.3,48.0,Good,13.0,1.0,Yes,32919.0
PH101072,Apple,Oppo Reno 10,16.0,88436.0,8.0,512.0,64.0,5.9,48.0,Good,16.0,1.0,Yes,83596.0
PH101057,Google,Realme 11 Pro,48.0,92077.0,4.0,64.0,86.0,6.9,16.0,Excellent,3.0,3.0,No,35476.0
PH100930,Samsung,Pixel 7,24.0,136954.0,12.0,128.0,82.0,6.1,200.0,Poor,8.0,3.0,Yes,61992.0
PH100780,Xiaomi,Realme 11 Pro,19.0,34908.0,16.0,128.0,76.0,6.5,48.0,Excellent,4.0,0.0,Yes,26189.0
PH101864,Oppo,OnePlus 11,22.0,15114.0,8.0,512.0,62.0,5.6,50.0,Good,1.0,2.0,Yes,20091.0
PH100201,Realme,Vivo V29,35.0,55949.0,16.0,128.0,91.0,6.8,12.0,Excellent,8.0,0.0,Yes,36673.0
PH100135,Realme,Redmi Note 13,24.0,101037.0,8.0,64.0,60.0,6.3,64.0,Poor,3.0,0.0,No,39248.0
PH101052,Samsung,Vivo V29,34.0,81517.0,12.0,512.0,97.0,6.4,50.0,Fair,11.0,0.0,Yes,50571.0
PH100041,Xiaomi,Vivo V29,26.0,12869.0,6.0,256.0,84.0,6.5,50.0,Good,3.0,2.0,Yes,8931.0
PH101018,Xiaomi,Redmi Note 13,16.0,45783.0,6.0,256.0,77.0,5.6,48.0,Fair,20.0,0.0,Yes,36803.0
PH100231,Oppo,Oppo Reno 10,36.0,20026.0,12.0,512.0,100.0,6.2,200.0,Poor,21.0,2.0,No,25199.0
PH101514,Samsung,Pixel 7,11.0,121164.0,4.0,128.0,80.0,5.8,16.0,Excellent,1.0,1.0,No,104720.0
PH101797,Realme,Galaxy A54,15.0,124564.0,4.0,512.0,87.0,6.8,32.0,Poor,0.0,2.0,Yes,54950.0
PH100379,Apple,Galaxy A54,44.0,76575.0,16.0,64.0,66.0,6.5,64.0,Good,6.0,1.0,Yes,45192.0
PH100289,Samsung,Vivo V29,60.0,126444.0,12.0,128.0,86.0,7.0,16.0,Good,5.0,0.0,No,48817.0
PH100419,Google,Vivo V29,43.0,64446.0,4.0,128.0,82.0,6.6,200.0,Excellent,12.0,3.0,Yes,32465.0
PH101699,Samsung,Pixel 7,44.0,38312.0,12.0,128.0,90.0,6.6,16.0,Excellent,18.0,2.0,Yes,32231.0
PH100392,Xiaomi,Oppo Reno 10,54.0,78677.0,4.0,512.0,70.0,6.9,32.0,Fair,3.0,0.0,No,33559.0
PH100593,Vivo,Realme 11 Pro,51.0,128192.0,8.0,256.0,62.0,6.0,200.0,Excellent,20.0,2.0,No,54184.0
PH101523,Samsung,OnePlus 11,27.0,146404.0,6.0,256.0,98.0,6.2,16.0,Fair,16.0,1.0,No,79292.0
PH101163,Apple,Oppo Reno 10,39.0,13466.0,12.0,512.0,66.0,6.3,64.0,Good,11.0,1.0,Yes,31424.0
PH101087,Samsung,iPhone 13,28.0,143936.0,8.0,512.0,95.0,5.9,12.0,Fair,23.0,1.0,Yes,88725.0
PH101496,Vivo,Vivo V29,44.0,93441.0,12.0,128.0,76.0,6.4,32.0,Good,2.0,0.0,Yes,39689.0
PH100648,Samsung,Redmi Note 13,19.0,81783.0,6.0,512.0,93.0,6.7,108.0,Fair,5.0,0.0,Yes,60289.0
PH101153,OnePlus,Pixel 7,32.0,75014.0,6.0,256.0,76.0,7.0,50.0,Good,24.0,1.0,No,50088.0
PH101368,Oppo,iPhone 13,51.0,144151.0,6.0,128.0,78.0,6.6,12.0,Fair,10.0,0.0,No,47952.0
PH100521,Google,Vivo V29,37.0,84391.0,4.0,256.0,94.0,6.3,16.0,Fair,17.0,1.0,Yes,44337.0
PH101863,Xiaomi,Realme 11 Pro,15.0,133118.0,6.0,512.0,68.0,6.6,64.0,Fair,17.0,3.0,Yes,81802.0
PH101881,Oppo,Oppo Reno 10,59.0,100095.0,8.0,64.0,82.0,6.9,48.0,Good,22.0,0.0,Yes,32913.0
PH100065,Realme,Redmi Note 13,27.0,,8.0,256.0,88.0,6.3,16.0,Excellent,0.0,3.0,Yes,19224.0
PH101837,Oppo,Vivo V29,7.0,51886.0,6.0,64.0,,6.8,200.0,Fair,16.0,1.0,Yes,33932.0
PH100015,Google,Oppo Reno 10,15.0,144206.0,8.0,64.0,71.0,5.5,64.0,Excellent,10.0,1.0,Yes,118331.0
PH101181,Oppo,Galaxy A54,39.0,91878.0,6.0,128.0,98.0,6.0,200.0,Good,11.0,2.0,Yes,38615.0
PH101065,Oppo,iPhone 13,15.0,40835.0,,64.0,79.0,6.9,12.0,Fair,19.0,3.0,Yes,28475.0
PH100493,Samsung,Pixel 7,36.0,44954.0,16.0,128.0,66.0,5.9,48.0,Good,6.0,0.0,Yes,30236.0
PH100380,Samsung,OnePlus 11,21.0,84518.0,4.0,256.0,100.0,6.7,12.0,Fair,6.0,2.0,Yes,54291.0
PH100188,Realme,Oppo Reno 10,8.0,26671.0,6.0,64.0,73.0,7.0,12.0,Fair,19.0,3.0,No,11661.0
PH100764,Apple,Galaxy A54,39.0,147693.0,16.0,256.0,60.0,6.8,108.0,Excellent,22.0,0.0,Yes,98782.0
PH100217,OnePlus,Oppo Reno 10,34.0,18476.0,16.0,128.0,75.0,5.6,32.0,Fair,,0.0,Yes,25515.0
PH100792,Google,Galaxy A54,47.0,108143.0,8.0,128.0,70.0,6.2,200.0,Excellent,12.0,3.0,Yes,48704.0
PH101077,Oppo,iPhone 13,13.0,84684.0,16.0,256.0,72.0,6.7,108.0,Good,22.0,2.0,No,64744.0
PH100879,Vivo,Realme 11 Pro,38.0,59947.0,12.0,256.0,73.0,6.8,12.0,Good,11.0,1.0,Yes,36563.0
PH100338,Xiaomi,iPhone 13,19.0,118609.0,12.0,512.0,63.0,6.2,32.0,Poor,24.0,0.0,Yes,69420.0
PH101773,Samsung,Pixel 7,42.0,134013.0,4.0,64.0,92.0,6.8,32.0,Good,21.0,2.0,Yes,64910.0
PH100720,OnePlus,iPhone 13,45.0,129192.0,,128.0,64.0,6.1,50.0,Good,15.0,1.0,Yes,59895.0
PH101749,Realme,Vivo V29,55.0,51405.0,16.0,128.0,97.0,6.2,12.0,Fair,8.0,0.0,Yes,23923.0
PH100296,OnePlus,OnePlus 11,7.0,12203.0,4.0,128.0,92.0,5.8,12.0,Fair,15.0,0.0,No,18630.0
PH101726,Oppo,Pixel 7,26.0,147969.0,8.0,512.0,67.0,6.4,108.0,Excellent,13.0,1.0,No,88840.0
PH101017,Apple,Realme 11 Pro,25.0,119340.0,12.0,256.0,67.0,5.8,32.0,Excellent,3.0,3.0,No,99063.0
PH101276,Google,Oppo Reno 10,49.0,61556.0,8.0,256.0,100.0,6.2,200.0,Good,11.0,1.0,No,30193.0
PH101751,OnePlus,Redmi Note 13,19.0,43601.0,8.0,256.0,63.0,6.8,108.0,Fair,3.0,1.0,No,25273.0
PH101486,Realme,Vivo V29,39.0,103873.0,16.0,64.0,74.0,6.9,32.0,Good,15.0,2.0,No,48867.0
PH100456,Xiaomi,Vivo V29,25.0,139006.0,4.0,256.0,79.0,5.7,50.0,Good,10.0,2.0,Yes,75415.0
PH101180,Xiaomi,Galaxy A54,20.0,133136.0,8.0,512.0,66.0,6.1,108.0,Good,5.0,3.0,No,69626.0
PH100816,Vivo,Pixel 7,26.0,51531.0,4.0,256.0,79.0,5.6,16.0,Good,5.0,3.0,No,31649.0
PH101887,Apple,Oppo Reno 10,4.0,104172.0,4.0,128.0,87.0,6.1,48.0,Excellent,9.0,3.0,Yes,110935.0
PH100270,Xiaomi,OnePlus 11,5.0,50712.0,12.0,512.0,72.0,6.8,50.0,Good,18.0,1.0,Yes,51585.0
PH100996,Vivo,Galaxy A54,40.0,100774.0,16.0,512.0,97.0,5.6,50.0,Good,0.0,1.0,Yes,54001.0
PH100202,Google,Oppo Reno 10,30.0,49405.0,4.0,512.0,81.0,6.5,200.0,Good,12.0,2.0,Yes,36258.0
PH100162,Samsung,Vivo V29,45.0,49158.0,4.0,256.0,92.0,6.6,200.0,Poor,1.0,3.0,No,16562.0
PH101580,Xiaomi,Vivo V29,28.0,134374.0,16.0,64.0,91.0,6.2,64.0,Fair,11.0,1.0,No,66973.0
PH100730,OnePlus,Galaxy A54,36.0,41432.0,8.0,512.0,69.0,6.7,108.0,Good,10.0,3.0,No,23838.0
PH100402,OnePlus,OnePlus 11,35.0,34439.0,4.0,128.0,74.0,6.4,200.0,Good,10.0,1.0,Yes,20581.0
PH100703,Samsung,Pixel 7,58.0,112356.0,8.0,128.0,82.0,6.8,108.0,Good,10.0,3.0,Yes,39828.0
PH101501,Xiaomi,Realme 11 Pro,50.0,95434.0,12.0,512.0,62.0,6.2,50.0,Excellent,14.0,3.0,Yes,48857.0
PH101846,Realme,Oppo Reno 10,16.0,128278.0,6.0,128.0,78.0,6.0,12.0,Good,10.0,2.0,Yes,71915.0
PH101796,Apple,iPhone 13,42.0,125428.0,4.0,128.0,82.0,5.6,64.0,Fair,23.0,0.0,No,67651.0
PH101130,Apple,OnePlus 11,28.0,66383.0,16.0,512.0,89.0,5.6,48.0,Good,11.0,0.0,No,62216.0
PH100566,Apple,Pixel 7,3.0,107402.0,6.0,128.0,95.0,6.6,64.0,Fair,16.0,3.0,No,98230.0
PH101414,Google,Pixel 7,31.0,138796.0,4.0,128.0,99.0,6.8,200.0,Excellent,21.0,0.0,Yes,95489.0
PH101022,Samsung,Oppo Reno 10,56.0,41092.0,12.0,64.0,71.0,6.6,32.0,Good,15.0,3.0,Yes,13817.0
PH101026,Oppo,Redmi Note 13,41.0,99592.0,16.0,512.0,81.0,6.1,50.0,Excellent,4.0,0.0,Yes,63670.0
PH101412,Apple,Realme 11 Pro,,17730.0,12.0,256.0,93.0,6.4,12.0,Fair,9.0,0.0,Yes,21028.0
PH101896,Realme,Oppo Reno 10,22.0,,16.0,64.0,93.0,6.7,16.0,Good,18.0,1.0,No,41900.0
PH101586,Apple,Realme 11 Pro,57.0,66962.0,8.0,512.0,65.0,6.3,200.0,Good,14.0,2.0,No,33044.0
PH101105,Oppo,Oppo Reno 10,,42791.0,12.0,128.0,72.0,6.5,48.0,Good,24.0,0.0,No,27387.0
PH100206,Vivo,Galaxy A54,39.0,53153.0,12.0,64.0,97.0,5.8,200.0,Excellent,23.0,0.0,Yes,30490.0
PH100035,Oppo,Vivo V29,17.0,78897.0,6.0,256.0,75.0,6.9,48.0,Fair,20.0,3.0,No,47377.0
PH100776,Vivo,OnePlus 11,31.0,52863.0,6.0,128.0,76.0,5.5,12.0,Good,9.0,3.0,No,26864.0
PH100509,Google,OnePlus 11,29.0,78981.0,8.0,512.0,96.0,5.6,200.0,Fair,5.0,1.0,Yes,52377.0
PH101452,Vivo,Galaxy A54,6.0,13073.0,12.0,512.0,87.0,6.8,64.0,Good,12.0,1.0,Yes,30370.0
PH101479,Oppo,OnePlus 11,26.0,137629.0,8.0,128.0,61.0,6.2,48.0,Fair,7.0,2.0,Yes,60124.0
PH101861,Oppo,Pixel 7,6.0,68633.0,4.0,64.0,77.0,6.1,16.0,Poor,11.0,3.0,Yes,33688.0
PH101391,Apple,Pixel 7,52.0,112088.0,4.0,128.0,69.0,5.9,16.0,Fair,4.0,3.0,Yes,36644.0
PH100092,OnePlus,OnePlus 11,8.0,140128.0,6.0,512.0,61.0,6.0,16.0,Poor,18.0,2.0,Yes,82251.0
PH101364,Oppo,iPhone 13,30.0,62971.0,12.0,256.0,75.0,6.5,200.0,Good,23.0,1.0,Yes,42245.0
PH100898,OnePlus,Redmi Note 13,53.0,147758.0,4.0,128.0,78.0,6.2,32.0,Good,15.0,2.0,Yes,55204.0
PH100565,OnePlus,iPhone 13,47.0,61649.0,12.0,512.0,72.0,6.6,32.0,Fair,18.0,2.0,Yes,37170.0
PH101370,Apple,Vivo V29,54.0,98126.0,6.0,64.0,78.0,5.6,108.0,Good,22.0,2.0,Yes,44659.0
PH100777,Samsung,Vivo V29,15.0,123023.0,16.0,128.0,69.0,6.0,200.0,Good,21.0,0.0,Yes,93553.0
PH100242,Realme,Redmi Note 13,35.0,80975.0,16.0,128.0,97.0,5.5,108.0,Good,10.0,3.0,No,39179.0
PH100014,Xiaomi,Pixel 7,27.0,135030.0,16.0,128.0,60.0,6.8,64.0,Fair,0.0,1.0,Yes,53093.0
PH100316,Google,Vivo V29,22.0,93159.0,12.0,64.0,84.0,5.8,32.0,Good,14.0,1.0,Yes,64785.0
PH100601,Vivo,Oppo Reno 10,35.0,120464.0,4.0,128.0,76.0,5.8,16.0,Excellent,10.0,0.0,Yes,65849.0
PH100388,Realme,Pixel 7,57.0,24192.0,8.0,128.0,63.0,5.7,48.0,Excellent,12.0,3.0,No,9056.0
PH101298,Samsung,OnePlus 11,38.0,116186.0,4.0,512.0,89.0,6.2,32.0,Fair,1.0,3.0,Yes,57825.0
PH100167,Google,Pixel 7,58.0,132076.0,6.0,256.0,92.0,5.8,50.0,Excellent,7.0,3.0,Yes,51126.0
PH100841,Realme,Vivo V29,38.0,96726.0,4.0,256.0,81.0,6.1,48.0,Good,13.0,0.0,Yes,46092.0
PH100021,Oppo,Realme 11 Pro,58.0,72128.0,16.0,64.0,77.0,6.3,200.0,Good,4.0,1.0,No,24901.0
PH100647,Vivo,iPhone 13,4.0,20002.0,6.0,512.0,81.0,6.3,48.0,Fair,22.0,2.0,Yes,29190.0
PH101843,Google,Vivo V29,7.0,113444.0,8.0,256.0,66.0,6.3,200.0,Excellent,0.0,3.0,No,97960.0
PH101509,Google,Vivo V29,46.0,114780.0,6.0,256.0,89.0,5.5,48.0,Good,24.0,1.0,Yes,59459.0
PH101155,Google,Realme 11 Pro,23.0,82411.0,8.0,256.0,88.0,6.9,48.0,Excellent,20.0,1.0,Yes,65361.0
PH101529,Oppo,OnePlus 11,22.0,27689.0,8.0,256.0,,6.2,12.0,Good,21.0,2.0,Yes,27575.0
PH100832,Vivo,iPhone 13,21.0,70819.0,12.0,128.0,74.0,6.7,48.0,Excellent,0.0,0.0,Yes,44575.0
PH101268,OnePlus,Redmi Note 13,42.0,21927.0,8.0,512.0,62.0,6.8,48.0,Fair,23.0,2.0,Yes,28005.0
PH101591,OnePlus,Galaxy A54,23.0,22785.0,6.0,64.0,69.0,6.2,32.0,Fair,8.0,2.0,Yes,15262.0
PH101900,Apple,Galaxy A54,51.0,73868.0,4.0,64.0,96.0,6.9,32.0,Fair,0.0,1.0,No,29099.0
PH100563,Realme,OnePlus 11,15.0,94806.0,8.0,256.0,73.0,6.7,50.0,Good,6.0,1.0,Yes,65870.0
PH101982,OnePlus,Galaxy A54,38.0,55617.0,4.0,128.0,69.0,7.0,12.0,Good,22.0,3.0,Yes,26559.0
PH100687,Oppo,Realme 11 Pro,46.0,117583.0,12.0,256.0,95.0,5.7,32.0,Good,21.0,2.0,Yes,57085.0
PH100958,Samsung,Realme 11 Pro,5.0,40164.0,8.0,128.0,63.0,5.8,12.0,Good,22.0,2.0,Yes,39046.0
PH100190,Oppo,Redmi Note 13,4.0,37963.0,6.0,512.0,90.0,6.8,12.0,Fair,13.0,3.0,No,34447.0
PH101807,OnePlus,Oppo Reno 10,33.0,23962.0,6.0,64.0,71.0,6.8,50.0,Fair,3.0,0.0,Yes,12764.0
PH100976,Apple,Redmi Note 13,25.0,38206.0,8.0,256.0,68.0,6.2,108.0,Good,19.0,2.0,Yes,31867.0
PH100700,Xiaomi,iPhone 13,26.0,147370.0,16.0,64.0,75.0,6.3,16.0,Good,7.0,1.0,Yes,71082.0
PH101500,Realme,Pixel 7,10.0,149263.0,16.0,256.0,69.0,6.3,108.0,Good,23.0,2.0,Yes,96021.0
PH101706,Google,Realme 11 Pro,34.0,136342.0,12.0,256.0,84.0,6.3,12.0,Fair,18.0,1.0,No,75295.0
PH100511,Samsung,OnePlus 11,21.0,135099.0,16.0,128.0,89.0,6.6,12.0,Good,1.0,1.0,No,98188.0
PH101083,Vivo,Pixel 7,33.0,118244.0,12.0,256.0,83.0,6.3,64.0,Good,2.0,0.0,Yes,65805.0
PH100475,Xiaomi,Pixel 7,22.0,70870.0,6.0,64.0,76.0,5.7,48.0,Excellent,20.0,3.0,No,47048.0
PH101585,Oppo,Galaxy A54,49.0,32711.0,12.0,128.0,81.0,5.8,16.0,Good,8.0,0.0,No,17247.0
PH100857,Xiaomi,iPhone 13,30.0,89853.0,16.0,256.0,87.0,6.3,48.0,Poor,14.0,3.0,Yes,39792.0
PH100748,Realme,Galaxy A54,47.0,134650.0,8.0,512.0,100.0,6.1,64.0,Good,8.0,0.0,Yes,61402.0
PH100253,OnePlus,Redmi Note 13,54.0,136168.0,4.0,128.0,66.0,5.7,200.0,Good,17.0,1.0,Yes,49174.0
PH100022,Vivo,Redmi Note 13,45.0,33869.0,16.0,256.0,60.0,5.5,108.0,Excellent,23.0,1.0,Yes,22792.0
PH101338,Oppo,Oppo Reno 10,52.0,139572.0,4.0,256.0,78.0,5.7,200.0,Good,1.0,3.0,Yes,46095.0
PH100460,Xiaomi,iPhone 13,56.0,57541.0,8.0,64.0,82.0,6.9,64.0,Excellent,18.0,3.0,No,19928.0
PH101185,Google,OnePlus 11,4.0,119286.0,6.0,256.0,94.0,5.7,48.0,Good,10.0,3.0,Yes,111709.0
PH100277,Samsung,Pixel 7,30.0,,16.0,512.0,99.0,5.9,12.0,Good,22.0,1.0,Yes,63109.0
PH100956,Xiaomi,Vivo V29,32.0,15121.0,6.0,64.0,64.0,6.2,50.0,,24.0,0.0,No,20841.0
PH101216,Samsung,OnePlus 11,56.0,12390.0,8.0,256.0,92.0,6.2,32.0,Good,23.0,1.0,Yes,16773.0
PH100386,Google,Oppo Reno 10,16.0,71821.0,12.0,512.0,88.0,6.2,16.0,Excellent,23.0,1.0,Yes,83791.0
PH100806,OnePlus,Redmi Note 13,48.0,109137.0,16.0,512.0,93.0,6.3,12.0,Excellent,19.0,0.0,No,69175.0
PH101438,Vivo,Realme 11 Pro,59.0,143562.0,4.0,512.0,72.0,6.6,12.0,Good,15.0,2.0,No,54389.0
PH101516,Oppo,Galaxy A54,58.0,83833.0,6.0,256.0,96.0,5.8,32.0,Good,3.0,3.0,Yes,20784.0
PH100344,Apple,Galaxy A54,20.0,139314.0,16.0,64.0,76.0,6.6,64.0,Excellent,10.0,0.0,Yes,116478.0
PH100770,Samsung,Vivo V29,25.0,24306.0,6.0,256.0,78.0,7.0,16.0,Good,23.0,1.0,Yes,25633.0
PH101333,Realme,iPhone 13,57.0,55129.0,16.0,64.0,88.0,5.9,50.0,Fair,2.0,2.0,Yes,15438.0
PH101686,Samsung,iPhone 13,38.0,113503.0,6.0,64.0,73.0,5.9,48.0,Excellent,19.0,3.0,No,57691.0
PH100131,OnePlus,Vivo V29,58.0,76925.0,4.0,512.0,92.0,6.1,64.0,Excellent,21.0,3.0,No,45087.0
PH101688,Samsung,iPhone 13,18.0,101360.0,4.0,128.0,88.0,6.8,32.0,Excellent,8.0,2.0,Yes,70717.0
PH100872,Google,Oppo Reno 10,46.0,62772.0,16.0,256.0,69.0,6.5,50.0,Good,4.0,0.0,No,37271.0
PH101124,,Redmi Note 13,14.0,93006.0,4.0,256.0,77.0,6.1,48.0,Excellent,12.0,3.0,No,62496.0
PH101397,Xiaomi,OnePlus 11,60.0,92428.0,16.0,64.0,96.0,6.6,200.0,Fair,0.0,3.0,Yes,26166.0
PH100088,Samsung,Galaxy A54,24.0,,,128.0,76.0,6.9,50.0,Excellent,10.0,1.0,No,43398.0
PH101483,Oppo,Vivo V29,24.0,147675.0,12.0,64.0,87.0,6.4,16.0,Good,19.0,1.0,Yes,86463.0
PH100331,Samsung,OnePlus 11,55.0,37525.0,12.0,256.0,94.0,5.6,50.0,Good,10.0,0.0,No,26537.0
PH101239,Samsung,iPhone 13,24.0,23618.0,4.0,256.0,63.0,6.3,200.0,Good,3.0,2.0,Yes,13095.0
PH100467,Google,Pixel 7,28.0,142956.0,12.0,256.0,65.0,6.1,48.0,Good,15.0,2.0,Yes,89290.0
PH100122,Vivo,OnePlus 11,9.0,123900.0,8.0,512.0,72.0,5.6,64.0,Good,1.0,3.0,Yes,85712.0
PH101639,Samsung,iPhone 13,25.0,23516.0,4.0,128.0,80.0,6.1,50.0,Poor,1.0,2.0,Yes,9997.0
PH101045,Oppo,Oppo Reno 10,12.0,26859.0,6.0,512.0,98.0,6.0,16.0,Good,10.0,0.0,No,32920.0
PH101725,Apple,Redmi Note 13,43.0,17583.0,12.0,128.0,67.0,6.1,200.0,Good,,1.0,No,14263.0
PH101096,Apple,OnePlus 11,10.0,55298.0,8.0,512.0,73.0,6.1,50.0,Good,0.0,0.0,Yes,66417.0
PH101131,Apple,OnePlus 11,31.0,146066.0,16.0,128.0,85.0,6.4,16.0,Good,15.0,3.0,Yes,94535.0
PH101295,OnePlus,Pixel 7,18.0,73822.0,4.0,64.0,90.0,6.8,108.0,Fair,14.0,3.0,No,39765.0
PH100861,OnePlus,Realme 11 Pro,22.0,144681.0,4.0,128.0,92.0,5.7,48.0,Good,3.0,2.0,Yes,87512.0
PH101460,Xiaomi,OnePlus 11,55.0,149844.0,12.0,512.0,90.0,6.8,12.0,Good,3.0,0.0,No,63785.0
PH101127,OnePlus,iPhone 13,19.0,106108.0,16.0,64.0,79.0,5.7,50.0,Good,9.0,0.0,No,72739.0
