customer_id,city,building_type,season,meter_type,building_area_sqft,occupants,average_temperature_c,humidity_percent,appliance_count,avg_daily_usage_hours,solar_panel,previous_month_kwh,monthly_consumption_kwh
CUST01357,Lalitpur,Commercial,Winter,Smart,5443.0,5.0,7.7,49.7,9.0,6.7,No,1449.2,1882.7
CUST00985,Bhaktapur,Office,Spring,Smart,4743.0,15.0,16.0,78.8,14.0,13.6,Yes,1794.2,2003.2
CUST00860,Kathmandu,Office,Summer,Standard,5140.0,14.0,26.4,59.6,17.0,8.4,No,635.3,2087.7
CUST01985,Lalitpur,Office,Spring,Smart,727.0,14.0,31.7,83.0,15.0,8.9,No,911.9,1735.3
CUST01294,Chitwan,Residential,Summer,Smart,5577.0,8.0,11.9,30.8,3.0,5.2,No,935.3,1308.8
CUST01470,Bhaktapur,Residential,Winter,Smart,963.0,5.0,7.7,82.9,9.0,8.1,No,1153.0,1046.4
CUST01211,Chitwan,Residential,Spring,Smart,4954.0,,14.1,87.5,5.0,10.8,Yes,1031.4,1238.5
CUST00368,Pokhara,Residential,Autumn,Smart,2255.0,8.0,19.3,77.8,18.0,12.8,No,485.1,1589.8
CUST01704,Lalitpur,Industrial,Summer,Smart,4353.0,9.0,30.5,73.5,14.0,5.6,No,918.5,2135.6
CUST01384,Chitwan,Residential,Winter,Smart,4832.0,9.0,9.8,32.0,14.0,7.0,No,1337.1,1745.6
CUST01788,Chitwan,Office,Summer,Standard,3594.0,4.0,33.1,53.7,19.0,17.9,Yes,1617.3,2317.8
CUST00252,Bhaktapur,Commercial,Summer,Smart,792.0,5.0,14.8,64.2,19.0,5.9,No,167.1,1304.4
CUST00472,Biratnagar,Residential,Summer,Smart,4485.0,3.0,16.6,39.9,20.0,18.0,No,942.6,2206.4
CUST00383,Chitwan,Office,Spring,Smart,5346.0,3.0,32.4,76.4,13.0,5.2,No,782.7,1762.4
CUST00018,Chitwan,Office,Summer,Standard,2765.0,8.0,22.6,52.5,17.0,9.9,No,1313.8,1987.2
CUST00619,Pokhara,Office,Winter,Standard,4820.0,5.0,13.7,53.3,19.0,16.3,No,389.7,2265.5
CUST01092,Kathmandu,Commercial,Autumn,Standard,,11.0,10.0,79.9,18.0,12.5,No,1373.5,2200.8
CUST01403,Biratnagar,Office,Autumn,Standard,2009.0,8.0,6.3,52.3,6.0,5.7,No,263.3,1107.2
CUST01138,Kathmandu,Office,Winter,Smart,5330.0,7.0,16.2,69.3,19.0,11.0,Yes,411.6,1842.1
CUST01602,Pokhara,Residential,Winter,Smart,1429.0,1.0,9.9,47.8,14.0,12.3,Yes,1637.9,1350.7
CUST00584,Biratnagar,Office,Summer,Smart,2167.0,9.0,34.1,83.8,15.0,8.1,Yes,450.5,1536.9
CUST00926,Chitwan,Commercial,Winter,Standard,,13.0,20.1,55.8,16.0,17.0,No,929.3,2301.8
CUST00066,,Residential,Spring,Standard,2479.0,12.0,8.7,64.6,7.0,9.2,No,318.8,1060.1
CUST00924,Kathmandu,Residential,Winter,Standard,4576.0,10.0,7.7,82.2,17.0,5.5,No,1587.4,1697.3
CUST00322,Kathmandu,Office,Spring,Smart,2096.0,12.0,26.1,70.3,14.0,7.4,No,1720.7,1891.2
CUST00306,Lalitpur,Residential,Spring,Smart,3262.0,2.0,13.1,59.1,16.0,3.1,No,515.8,1096.0
CUST01542,Lalitpur,Commercial,Autumn,Smart,4636.0,8.0,34.2,89.9,18.0,3.8,No,427.1,1529.1
CUST01772,Kathmandu,Office,Summer,Standard,4972.0,11.0,15.9,73.1,17.0,8.1,Yes,776.1,1904.3
CUST01402,Biratnagar,Residential,Winter,Smart,2396.0,14.0,29.7,76.6,7.0,7.2,Yes,453.5,1326.5
CUST00433,Kathmandu,Residential,Autumn,Standard,5935.0,13.0,32.1,30.7,3.0,10.0,No,1665.6,1642.9
CUST00695,Pokhara,Residential,Autumn,Standard,4031.0,1.0,20.1,79.3,14.0,5.9,No,546.8,1104.6
CUST01665,Pokhara,Residential,Spring,Smart,3076.0,13.0,7.1,30.1,10.0,8.2,No,1426.6,1411.8
CUST00112,Kathmandu,Residential,Winter,Smart,5981.0,7.0,17.9,74.4,9.0,8.3,No,1667.4,1736.7
CUST01023,Chitwan,Commercial,Summer,Standard,1695.0,2.0,25.2,36.7,3.0,17.8,No,1258.8,1809.1
CUST00030,Bhaktapur,Residential,Summer,Smart,3402.0,14.0,34.4,80.1,20.0,15.2,Yes,972.7,2070.7
CUST01883,Biratnagar,Residential,Winter,Standard,2089.0,10.0,22.4,44.9,12.0,11.6,No,596.9,1356.9
CUST00384,Lalitpur,Residential,Spring,Standard,5222.0,,19.7,58.5,7.0,11.3,No,1163.3,1469.7
CUST01473,Bhaktapur,Residential,Autumn,Smart,2142.0,12.0,28.6,36.3,20.0,2.1,No,1482.0,1448.0
CUST01874,Kathmandu,Residential,Summer,Standard,1172.0,10.0,28.3,44.0,8.0,8.6,No,1438.8,1452.8
CUST00307,Chitwan,Office,Spring,Smart,4537.0,15.0,13.6,35.2,19.0,10.9,No,1487.4,2055.8
CUST00057,Lalitpur,Residential,Spring,Smart,5034.0,1.0,22.1,46.5,10.0,8.5,No,1790.0,1556.4
CUST00772,Biratnagar,Residential,Spring,Smart,3727.0,10.0,13.6,49.2,19.0,2.0,No,930.5,1292.8
CUST00778,Bhaktapur,Office,Winter,Standard,1655.0,15.0,19.5,89.2,9.0,8.5,No,1664.8,1899.9
CUST01694,Bhaktapur,Office,Summer,Smart,3582.0,10.0,8.1,71.0,13.0,16.9,No,1184.3,2009.6
CUST01272,Kathmandu,Industrial,Summer,Standard,1680.0,14.0,6.2,36.8,4.0,7.9,No,1593.3,2104.2
CUST01577,Bhaktapur,Residential,Winter,Standard,2405.0,13.0,15.3,44.7,3.0,4.8,No,928.5,1296.7
CUST00421,Chitwan,Residential,Winter,Smart,5641.0,6.0,7.6,30.5,11.0,10.2,No,1790.9,1853.0
CUST00820,Lalitpur,Office,Spring,Standard,5310.0,15.0,14.4,60.2,8.0,14.1,No,1766.4,2027.0
CUST01511,Kathmandu,Residential,Autumn,Smart,2486.0,3.0,18.9,47.1,4.0,8.1,Yes,476.2,991.7
CUST01183,Bhaktapur,Residential,Summer,Smart,5892.0,3.0,23.6,35.7,11.0,2.2,No,528.1,1291.4
CUST00495,Biratnagar,Residential,Summer,Standard,1809.0,3.0,9.9,85.3,14.0,8.4,Yes,986.5,1135.0
CUST00325,Bhaktapur,Commercial,Autumn,Smart,5772.0,13.0,5.0,70.0,8.0,6.5,Yes,1625.6,1796.0
CUST01437,Lalitpur,Office,Summer,Smart,571.0,15.0,30.4,53.0,16.0,2.5,No,505.2,1592.2
CUST01134,Bhaktapur,Residential,Spring,Smart,852.0,5.0,31.9,82.4,3.0,17.6,No,1647.2,1366.7
CUST00679,Biratnagar,Residential,Autumn,Smart,5117.0,8.0,15.4,37.3,14.0,6.6,No,171.7,1500.3
CUST00904,Pokhara,Office,Spring,Smart,2796.0,8.0,24.0,45.4,4.0,15.5,Yes,1061.4,1638.5
CUST01367,Biratnagar,Residential,Spring,Smart,4683.0,10.0,12.9,46.3,4.0,3.2,Yes,1329.7,1045.0
CUST01152,Pokhara,Commercial,Spring,Standard,2061.0,12.0,20.1,42.6,7.0,2.4,No,591.1,1280.9
CUST01556,Pokhara,Residential,Winter,Smart,2881.0,9.0,17.5,76.9,,15.5,Yes,1359.8,1493.4
CUST00352,Pokhara,Residential,Winter,Smart,2199.0,6.0,,80.2,3.0,15.4,No,1757.8,1644.3
CUST01519,Kathmandu,Residential,Autumn,Smart,2733.0,10.0,26.2,64.4,18.0,14.7,No,1752.2,2028.0
CUST01464,Chitwan,Residential,Spring,Smart,5283.0,5.0,17.4,77.0,18.0,11.2,No,1265.9,1845.9
CUST00819,Kathmandu,Residential,Summer,Smart,3681.0,4.0,5.7,44.2,16.0,5.7,No,1775.3,1539.1
CUST00615,Biratnagar,Residential,Winter,Smart,3762.0,9.0,31.4,73.6,7.0,2.1,No,733.8,1231.8
CUST00071,Chitwan,Residential,Summer,Smart,962.0,9.0,25.0,76.5,15.0,8.6,No,952.1,1610.4
CUST00451,Bhaktapur,Residential,Summer,Smart,5906.0,9.0,16.0,87.1,3.0,6.8,No,940.9,1608.0
CUST01308,Bhaktapur,Office,Spring,Standard,1059.0,14.0,20.6,51.9,12.0,4.3,No,1158.3,1537.1
CUST01579,Lalitpur,Commercial,Spring,Standard,4501.0,3.0,27.8,66.9,20.0,3.2,No,793.3,1698.1
CUST01950,Lalitpur,Office,Summer,Smart,2892.0,13.0,8.5,47.9,15.0,16.5,No,955.2,2241.3
CUST01186,Chitwan,Residential,Winter,Smart,4718.0,13.0,27.7,78.5,4.0,14.2,No,245.1,1767.0
CUST00870,Kathmandu,Residential,Winter,Standard,3268.0,7.0,19.1,48.4,19.0,2.1,No,1410.8,1469.5
CUST00354,Chitwan,Residential,Autumn,Smart,5095.0,5.0,21.1,55.9,14.0,14.0,No,319.0,1706.2
CUST01469,Pokhara,Commercial,Winter,Standard,3166.0,12.0,22.4,89.1,19.0,9.8,No,549.9,1976.7
CUST00975,Lalitpur,Office,Winter,Standard,1120.0,3.0,12.3,76.7,15.0,3.1,No,666.3,1463.0
CUST01340,Pokhara,Office,Winter,Smart,4412.0,5.0,14.2,37.8,6.0,17.1,No,354.5,1742.1
CUST01551,Lalitpur,Office,Autumn,Smart,4073.0,13.0,13.7,88.3,17.0,14.2,No,1645.6,2262.0
CUST00125,Bhaktapur,Industrial,Autumn,Smart,5212.0,,33.3,32.6,15.0,16.2,No,917.0,2485.3
CUST00211,Bhaktapur,Industrial,Winter,Smart,2226.0,3.0,20.5,32.7,19.0,2.9,No,872.7,1780.2
CUST00949,Bhaktapur,Office,Summer,Smart,2658.0,13.0,29.8,86.5,3.0,7.0,No,977.5,1822.5
CUST01079,Biratnagar,Office,Summer,Smart,3625.0,13.0,6.6,37.7,2.0,12.6,Yes,208.3,1351.3
CUST01647,Biratnagar,Residential,Summer,Standard,5012.0,10.0,13.2,81.8,20.0,3.7,No,1113.9,1806.1
CUST01494,Bhaktapur,Commercial,Autumn,Standard,551.0,12.0,28.6,78.7,9.0,17.4,Yes,234.0,1586.1
CUST01112,Kathmandu,Residential,Spring,Standard,3422.0,13.0,18.3,39.5,14.0,11.0,Yes,171.1,1261.0
CUST00585,Pokhara,Office,Autumn,Standard,4632.0,8.0,26.5,54.9,3.0,3.9,No,1505.6,1689.2
CUST01334,Pokhara,Residential,Spring,Standard,2596.0,5.0,26.5,78.3,2.0,9.2,Yes,1015.3,970.8
CUST00353,Pokhara,Office,Summer,Smart,1529.0,15.0,14.9,44.9,11.0,13.7,Yes,178.7,1597.5
CUST01042,Pokhara,Residential,Spring,Smart,1844.0,12.0,32.5,72.1,5.0,8.7,No,1672.9,1343.6
CUST01755,Lalitpur,Residential,Summer,Smart,4417.0,8.0,31.2,38.1,20.0,5.8,No,653.3,1660.6
CUST01567,Chitwan,Residential,Spring,Smart,4244.0,7.0,30.1,68.8,10.0,13.0,No,814.2,1664.2
CUST00520,Lalitpur,Residential,Summer,Standard,1808.0,4.0,22.3,66.3,17.0,5.1,No,801.5,1389.3
CUST00070,Chitwan,Residential,Spring,Smart,1243.0,12.0,10.1,42.5,6.0,14.3,No,1201.9,1447.3
CUST00008,Bhaktapur,Residential,Spring,Smart,3583.0,12.0,32.5,34.0,2.0,16.2,No,1022.9,1722.8
CUST01631,Pokhara,Office,Summer,Smart,1190.0,4.0,9.1,38.1,14.0,9.1,No,1229.6,1526.1
CUST01081,Pokhara,Residential,Spring,Smart,3906.0,15.0,24.8,81.6,19.0,14.0,No,468.5,1887.8
CUST01561,Bhaktapur,Residential,Spring,Smart,1919.0,12.0,14.8,58.0,12.0,2.4,No,1230.6,1215.2
CUST01014,Biratnagar,Office,Summer,Smart,788.0,10.0,6.7,78.2,16.0,16.3,Yes,1798.8,1919.0
CUST01834,Biratnagar,Office,Spring,Standard,709.0,5.0,34.0,39.0,20.0,13.9,No,1396.6,1976.3
CUST00212,Kathmandu,Office,Spring,Smart,2506.0,13.0,16.1,48.0,7.0,8.5,No,1498.7,1720.0
CUST01011,Kathmandu,Residential,Summer,Smart,5116.0,14.0,11.3,67.5,18.0,5.0,No,1317.1,1824.2
CUST01568,,Office,Winter,Smart,3344.0,8.0,9.6,89.2,20.0,3.2,No,584.7,1685.4
CUST00100,Biratnagar,Office,Summer,Smart,3690.0,15.0,18.5,59.1,7.0,8.3,No,1282.5,1583.3
CUST01311,Biratnagar,Residential,Autumn,Smart,4488.0,4.0,12.3,89.3,6.0,5.8,No,925.3,1275.0
CUST00731,Chitwan,Office,Spring,Smart,3639.0,9.0,16.9,47.7,13.0,16.3,Yes,1341.1,1958.6
CUST00530,Kathmandu,Office,Spring,Smart,3942.0,15.0,12.1,69.2,2.0,9.8,No,302.9,1525.1
CUST00299,Chitwan,Commercial,Summer,Smart,4164.0,15.0,24.1,49.5,3.0,5.0,Yes,1611.0,1543.3
CUST01019,Pokhara,Residential,Winter,Standard,1923.0,8.0,22.0,43.0,12.0,8.0,No,96.6,1173.6
CUST01331,Bhaktapur,Office,Summer,Smart,1171.0,6.0,31.7,65.3,2.0,3.2,No,1247.1,1376.6
CUST00713,Pokhara,Residential,Summer,Standard,3685.0,10.0,15.1,39.1,19.0,10.6,Yes,1363.0,1785.2
CUST01330,Biratnagar,Residential,Winter,Standard,,11.0,5.6,86.5,12.0,6.1,No,1683.1,1347.3
CUST00651,Lalitpur,Industrial,Spring,Smart,5141.0,11.0,25.9,52.9,13.0,3.8,Yes,1667.3,1961.5
CUST00240,Chitwan,Residential,Summer,Smart,2035.0,12.0,14.7,76.0,3.0,15.9,No,1656.2,1920.0
CUST01962,Bhaktapur,Residential,Autumn,Smart,1028.0,13.0,25.9,86.0,15.0,2.7,Yes,980.6,1034.1
CUST01722,Biratnagar,Residential,Summer,Smart,4868.0,12.0,20.9,43.0,2.0,15.8,No,,1663.2
CUST01847,Pokhara,Residential,Winter,Smart,4026.0,14.0,8.5,49.7,7.0,10.4,No,1057.9,1660.6
CUST01877,,Residential,Winter,Smart,4170.0,8.0,10.9,74.9,18.0,5.2,No,1037.7,1598.4
CUST00395,Lalitpur,Residential,Summer,Standard,3355.0,1.0,10.1,52.6,7.0,14.7,No,1012.6,1478.5
CUST01354,Biratnagar,Office,Spring,Smart,1693.0,3.0,23.7,59.5,11.0,4.5,No,191.1,1196.9
CUST01230,Biratnagar,Commercial,Winter,Standard,5390.0,3.0,16.2,38.2,12.0,8.3,No,1400.4,1807.9
CUST01717,Biratnagar,Industrial,Autumn,Smart,4358.0,14.0,29.7,36.1,18.0,12.3,No,710.2,2361.0
CUST01145,Kathmandu,Office,Spring,Standard,4977.0,4.0,24.3,82.2,17.0,6.6,Yes,911.6,1667.4
CUST01621,Kathmandu,Residential,Summer,Smart,5706.0,10.0,12.3,33.9,4.0,5.7,No,694.6,1371.6
CUST00803,Biratnagar,Office,Spring,Smart,518.0,2.0,27.3,51.3,10.0,9.7,No,1319.9,1473.1
CUST00129,Bhaktapur,Office,Autumn,Smart,4015.0,15.0,11.1,66.9,2.0,6.4,No,444.9,1481.6
CUST00863,Lalitpur,Industrial,Spring,Smart,1969.0,4.0,34.0,54.6,4.0,2.8,No,1545.7,1587.0
CUST00276,,Commercial,Summer,Smart,2776.0,7.0,19.4,71.3,20.0,15.4,No,617.0,2084.2
CUST00535,Pokhara,Industrial,Winter,Smart,3701.0,2.0,18.8,71.3,19.0,16.7,No,654.2,2292.7
CUST01056,Bhaktapur,Residential,Summer,Standard,3765.0,13.0,,44.7,5.0,7.6,No,1682.3,1615.6
CUST01426,Kathmandu,Commercial,Summer,Smart,,12.0,23.6,34.9,6.0,2.2,No,188.6,1267.9
CUST01377,Lalitpur,Residential,Summer,Standard,5293.0,9.0,13.2,89.5,9.0,16.5,No,,1789.3
CUST01346,Lalitpur,Office,Summer,Standard,2084.0,10.0,5.9,51.1,19.0,2.7,No,1285.7,1683.5
CUST00527,Bhaktapur,Industrial,Summer,Smart,3347.0,10.0,21.5,54.4,5.0,16.1,No,1244.7,2359.0
CUST00486,Biratnagar,Residential,Autumn,Standard,4469.0,3.0,24.5,40.6,10.0,14.2,No,1217.5,1685.6
CUST01810,Pokhara,Residential,Winter,Smart,2228.0,15.0,11.1,65.0,16.0,7.9,No,1004.7,1713.5
CUST01971,Lalitpur,Office,Autumn,Standard,1332.0,14.0,12.7,55.1,3.0,5.8,No,313.3,1224.9
CUST01892,Chitwan,Commercial,Spring,Smart,1839.0,2.0,9.6,69.4,17.0,6.0,Yes,669.3,1224.3
CUST01560,Biratnagar,Commercial,Autumn,Standard,5593.0,4.0,23.0,39.0,10.0,9.0,No,1650.2,1853.2
CUST01610,Chitwan,Residential,Summer,Smart,5658.0,10.0,29.2,47.5,8.0,2.7,No,1201.6,1573.5
CUST01813,Pokhara,Commercial,Autumn,Smart,1648.0,7.0,28.2,75.2,16.0,16.6,No,514.2,1808.5
CUST01191,Pokhara,Industrial,Autumn,Smart,3682.0,11.0,17.3,75.4,19.0,16.5,No,734.7,2354.2
CUST00528,Pokhara,Office,Winter,Smart,5021.0,2.0,33.5,30.7,17.0,6.9,No,432.1,1844.5
CUST01236,Kathmandu,Residential,Spring,Standard,3618.0,15.0,12.2,74.6,9.0,10.1,No,755.8,1393.1
CUST00531,Biratnagar,Residential,Autumn,Standard,4980.0,7.0,26.8,66.7,20.0,7.9,No,83.6,1465.0
CUST00901,Biratnagar,Residential,Summer,Smart,3801.0,4.0,33.4,44.9,14.0,13.0,No,719.6,1779.6
CUST01871,Bhaktapur,Commercial,Autumn,Smart,5076.0,5.0,23.3,40.4,9.0,2.9,No,725.1,1255.7
CUST01259,Pokhara,Office,Summer,Smart,5621.0,15.0,12.5,57.2,13.0,6.3,No,977.1,2002.7
CUST00818,Kathmandu,Industrial,Winter,Smart,4258.0,6.0,20.2,39.9,12.0,2.3,No,89.7,1777.8
CUST00908,Biratnagar,Commercial,Spring,Standard,2225.0,13.0,28.0,30.5,20.0,13.7,No,332.5,1890.7
CUST01041,Bhaktapur,Residential,Spring,Smart,4957.0,,21.8,55.0,5.0,11.5,No,456.8,1282.0
CUST01454,Biratnagar,Commercial,Winter,Smart,5365.0,12.0,19.3,55.2,14.0,7.4,Yes,1118.7,1797.3
CUST00680,Biratnagar,Office,Autumn,Smart,1416.0,3.0,15.4,78.6,13.0,10.4,No,1309.6,1800.6
CUST01165,Pokhara,Commercial,Spring,Smart,2379.0,4.0,31.8,63.9,14.0,8.1,No,734.7,1497.5
CUST01537,,Residential,Autumn,Smart,951.0,2.0,19.8,43.8,18.0,10.8,No,1477.9,1581.9
CUST00116,Lalitpur,Office,Autumn,Smart,4048.0,3.0,24.3,57.5,15.0,10.6,No,1411.7,1878.8
CUST00966,Lalitpur,Commercial,Winter,Smart,3470.0,3.0,28.1,39.9,15.0,15.3,No,1546.3,2065.7
CUST00343,Kathmandu,Residential,Summer,Standard,1104.0,13.0,7.3,84.9,16.0,7.7,No,1720.7,1726.7
CUST01692,Biratnagar,Industrial,Summer,Standard,880.0,6.0,27.5,66.8,8.0,11.0,No,168.3,1837.3
CUST01942,Kathmandu,Office,Spring,Standard,4159.0,11.0,34.6,79.0,18.0,8.3,No,409.6,1859.2
CUST01997,Kathmandu,Residential,Spring,Standard,1268.0,10.0,23.2,43.0,20.0,8.9,No,1732.7,1747.4
CUST00255,Lalitpur,Residential,Winter,Smart,4906.0,,34.6,61.7,15.0,10.6,No,309.9,1575.7
CUST01827,Biratnagar,Residential,Winter,Smart,3648.0,5.0,12.3,55.6,10.0,5.8,No,571.5,1375.2
CUST01832,Kathmandu,Commercial,Winter,Standard,3771.0,1.0,31.5,73.3,11.0,5.0,No,455.8,1466.2
CUST01951,Chitwan,Office,Summer,Standard,5637.0,5.0,30.0,33.3,19.0,8.5,No,1665.7,2178.7
CUST01091,Bhaktapur,Industrial,Winter,Smart,3638.0,11.0,12.5,71.7,3.0,2.5,No,1376.2,1825.7
CUST01275,Kathmandu,Residential,Summer,Standard,5693.0,1.0,24.5,66.5,7.0,16.4,No,1780.2,1982.0
CUST00121,Lalitpur,Residential,Spring,Smart,4075.0,7.0,21.6,51.4,16.0,9.9,No,458.4,1372.1
CUST01944,Kathmandu,Residential,Autumn,Standard,4316.0,14.0,13.7,44.2,7.0,4.5,No,565.6,1312.5
CUST00580,Pokhara,Office,Summer,Standard,1886.0,10.0,12.1,43.4,18.0,3.2,No,250.7,1493.1
CUST01302,Chitwan,Industrial,Summer,Smart,5399.0,13.0,32.5,50.6,5.0,9.9,No,1708.0,2420.5
CUST00257,Bhaktapur,Commercial,Summer,Smart,3186.0,14.0,30.9,56.4,14.0,14.4,No,454.0,2033.5
CUST00809,Chitwan,Office,Summer,Standard,5449.0,10.0,25.9,38.7,20.0,16.9,No,356.2,2325.0
CUST00136,Biratnagar,Industrial,Autumn,Smart,3235.0,12.0,8.2,45.4,16.0,11.6,No,586.9,2048.1
CUST01111,Pokhara,Commercial,Summer,Smart,5605.0,12.0,6.8,67.4,19.0,10.8,No,1109.0,2063.4
CUST01582,Biratnagar,Residential,Spring,Standard,5062.0,3.0,13.0,37.3,20.0,10.9,No,1278.0,1879.0
CUST00940,Lalitpur,Residential,Winter,Smart,5390.0,12.0,8.9,52.4,7.0,13.2,No,1301.4,1770.0
CUST00465,Lalitpur,Office,Autumn,Standard,5223.0,7.0,11.2,36.9,13.0,3.7,No,409.1,1547.1
CUST00439,Pokhara,Residential,Spring,Smart,3557.0,5.0,19.9,41.9,9.0,15.4,No,1635.0,1732.0
CUST01345,Chitwan,Residential,Winter,Standard,4356.0,7.0,10.0,64.9,,7.9,No,1557.5,1411.7
CUST01048,Lalitpur,Residential,Winter,Standard,2893.0,,14.8,85.6,15.0,12.3,No,1130.0,1791.4
CUST00931,Lalitpur,Residential,Summer,Standard,4353.0,4.0,12.9,41.0,16.0,6.6,No,1232.1,1769.3
CUST00110,Bhaktapur,Residential,Autumn,Smart,1659.0,10.0,13.2,44.8,16.0,10.2,No,1681.1,1572.4
CUST00362,Biratnagar,Commercial,Spring,Standard,648.0,13.0,32.0,54.8,14.0,6.6,No,552.6,1451.4
CUST00351,Kathmandu,Residential,Summer,Smart,4343.0,15.0,17.1,32.6,16.0,8.4,No,1259.4,1750.9
CUST01633,Chitwan,Residential,Winter,Smart,1995.0,8.0,10.0,89.5,18.0,16.9,No,165.7,1927.9
CUST01757,Biratnagar,Residential,Autumn,Smart,2984.0,12.0,10.2,67.8,17.0,17.9,Yes,1138.6,1755.7
CUST00621,Biratnagar,Residential,Winter,Standard,5177.0,7.0,29.1,64.6,11.0,11.6,No,1529.6,1823.0
CUST00234,Bhaktapur,Residential,Summer,Standard,5819.0,11.0,13.7,72.0,18.0,4.6,No,1139.9,2002.6
CUST01526,Pokhara,Commercial,Autumn,Smart,5719.0,9.0,31.0,87.5,2.0,14.9,No,993.0,1910.3
CUST01428,Bhaktapur,Residential,Spring,Standard,1944.0,10.0,20.7,55.6,11.0,4.5,Yes,1718.9,1139.9
CUST00693,Chitwan,Office,Autumn,Smart,3958.0,9.0,29.8,63.9,19.0,3.2,No,1774.9,1861.7
CUST01926,Bhaktapur,Commercial,Winter,Smart,523.0,8.0,26.5,57.3,19.0,10.3,No,1673.8,1726.8
CUST00789,Kathmandu,Residential,Autumn,Smart,5904.0,12.0,9.9,64.8,20.0,16.3,No,488.0,2021.9
CUST01343,Chitwan,Residential,Winter,Smart,1889.0,11.0,11.2,30.8,4.0,16.9,Yes,1058.0,1393.3
CUST00882,Bhaktapur,Residential,Summer,Smart,1060.0,3.0,13.0,78.8,4.0,16.2,No,1093.3,1396.2
CUST00757,Biratnagar,Commercial,Autumn,Standard,2112.0,1.0,10.7,38.4,15.0,16.8,No,694.2,1711.6
CUST00480,Pokhara,Commercial,Autumn,Standard,3153.0,1.0,30.3,53.0,20.0,13.1,Yes,557.0,1700.4
CUST00553,Biratnagar,Office,Summer,Standard,2547.0,1.0,7.1,48.3,8.0,14.4,Yes,87.5,1281.2
CUST00248,Biratnagar,Residential,Autumn,Smart,3700.0,3.0,33.3,68.5,15.0,9.3,No,86.8,1401.5
CUST01745,Bhaktapur,Residential,Winter,Smart,4550.0,1.0,31.1,83.7,2.0,5.2,Yes,1420.1,1225.8
CUST00345,Pokhara,Residential,Autumn,Smart,5416.0,9.0,25.6,43.7,17.0,11.3,No,1049.5,1966.6
CUST01860,Lalitpur,Industrial,Autumn,Smart,1936.0,3.0,20.3,84.2,18.0,7.6,Yes,807.7,1639.3
CUST00568,Pokhara,Residential,Spring,Standard,3696.0,8.0,29.7,41.6,10.0,2.5,No,194.5,994.9
CUST00571,Biratnagar,Residential,Spring,Smart,5325.0,4.0,13.7,57.9,10.0,17.1,No,283.3,1585.0
CUST00308,Lalitpur,Residential,Summer,Smart,1072.0,12.0,13.1,80.6,13.0,6.6,No,1775.6,1732.3
CUST01783,Pokhara,Commercial,Spring,Smart,3627.0,2.0,7.2,54.7,8.0,14.7,No,1636.5,1697.5
CUST00213,Biratnagar,Commercial,Summer,Smart,766.0,8.0,27.2,61.9,11.0,2.8,No,1283.5,1431.8
CUST00021,Biratnagar,Residential,Summer,Smart,3931.0,10.0,14.6,66.0,3.0,8.9,Yes,669.8,1291.3
CUST00905,Lalitpur,Residential,Winter,Standard,5865.0,15.0,27.8,33.1,10.0,5.1,No,1306.2,1617.5
CUST00232,Pokhara,Office,Spring,Standard,4857.0,7.0,20.4,58.2,12.0,17.5,No,1537.8,2025.3
CUST00415,Chitwan,Residential,Summer,Smart,1248.0,3.0,21.2,66.3,3.0,11.7,No,1188.0,1324.4
CUST01352,Bhaktapur,Residential,Summer,Smart,3864.0,5.0,32.2,68.1,12.0,4.8,No,754.9,1472.1
CUST00282,Biratnagar,Residential,Summer,Smart,1978.0,1.0,27.0,31.2,15.0,16.3,No,893.4,1664.1
CUST01968,Chitwan,Residential,Autumn,Standard,937.0,3.0,11.9,51.1,3.0,9.7,No,524.7,917.4
CUST01240,Bhaktapur,Residential,Spring,Standard,1406.0,8.0,34.4,88.8,13.0,7.4,No,1303.3,1411.6
CUST00434,Biratnagar,Residential,Winter,Smart,801.0,9.0,31.3,57.5,11.0,11.0,Yes,939.2,1340.8
CUST00050,Pokhara,Residential,Summer,Smart,589.0,,31.2,42.1,13.0,11.1,No,1551.4,1603.3
CUST00298,Pokhara,Residential,Summer,Standard,1946.0,10.0,32.3,45.1,4.0,6.6,Yes,1270.1,1130.4
CUST00023,Pokhara,Commercial,Spring,Smart,,15.0,25.7,71.7,16.0,17.1,No,650.7,2070.3
CUST00483,Biratnagar,Industrial,Spring,Smart,4885.0,11.0,,87.1,13.0,7.5,No,1494.6,2390.9
CUST00707,Biratnagar,Office,Autumn,Standard,2280.0,13.0,29.7,75.3,13.0,8.4,No,1391.0,1762.2
CUST00775,Kathmandu,Residential,Spring,Smart,2524.0,14.0,5.6,67.4,4.0,14.0,No,483.1,1288.1
CUST01126,Lalitpur,Commercial,Summer,Standard,679.0,11.0,6.0,76.5,8.0,9.4,No,400.1,1256.1
CUST01125,Kathmandu,Residential,Autumn,Smart,4946.0,9.0,13.8,40.5,17.0,13.7,No,1472.2,2083.3
CUST01353,Pokhara,Residential,Winter,Standard,545.0,2.0,28.5,56.6,15.0,12.6,No,494.6,1565.0
CUST00174,Chitwan,Office,Winter,Smart,3335.0,6.0,8.2,66.5,20.0,3.7,No,863.4,1618.9
CUST00810,Kathmandu,Residential,Autumn,Standard,,3.0,16.6,44.0,13.0,15.6,Yes,1620.9,1641.9
CUST00430,Bhaktapur,Office,Winter,Standard,5334.0,3.0,21.1,63.2,13.0,4.0,Yes,129.3,1473.4
CUST00496,Pokhara,Industrial,Summer,Standard,1364.0,6.0,30.6,75.1,6.0,14.1,No,1541.7,2204.8
CUST01736,Bhaktapur,Industrial,Autumn,Smart,1961.0,5.0,7.7,63.1,16.0,13.4,Yes,564.4,1847.5
CUST00238,Pokhara,Commercial,Summer,Smart,3230.0,1.0,22.3,46.4,16.0,3.0,No,861.0,1430.3
CUST01748,Biratnagar,Office,Spring,Smart,1669.0,12.0,21.1,46.2,17.0,8.2,Yes,984.3,1484.6
CUST00544,Pokhara,Office,Summer,Smart,609.0,11.0,12.0,41.5,7.0,4.5,No,390.0,1157.8
CUST00024,Lalitpur,Office,Winter,Smart,1297.0,12.0,26.7,33.3,10.0,16.0,No,872.5,1899.5
CUST01670,Lalitpur,Industrial,Summer,Standard,4982.0,1.0,33.6,33.2,16.0,9.0,No,864.8,2300.3
CUST00064,Chitwan,Commercial,Winter,Smart,1125.0,3.0,22.8,80.1,12.0,9.5,No,280.9,1458.0
CUST00631,Biratnagar,Office,Autumn,Smart,2071.0,13.0,10.4,77.2,7.0,7.5,No,589.6,1444.7
CUST00189,Bhaktapur,Office,Winter,Smart,1389.0,6.0,21.4,38.0,11.0,14.2,No,323.8,1673.6
CUST01880,Lalitpur,Commercial,Spring,Smart,4058.0,15.0,11.9,59.3,3.0,10.5,No,610.4,1558.1
CUST00862,Chitwan,Office,Winter,Smart,2699.0,10.0,9.1,64.2,9.0,16.2,No,180.0,1889.4
CUST01678,Chitwan,Commercial,Winter,Smart,3040.0,7.0,8.1,34.7,8.0,11.2,No,1577.5,1660.7
CUST00369,Kathmandu,Industrial,Summer,Smart,1019.0,13.0,8.7,66.6,9.0,8.6,No,1443.9,1954.2
CUST00271,Bhaktapur,Commercial,Winter,Smart,3791.0,13.0,13.1,70.7,18.0,3.0,No,1531.1,1646.0
CUST01618,Biratnagar,Residential,Autumn,Smart,3819.0,4.0,,79.8,18.0,17.0,No,649.3,1965.7
CUST00874,Pokhara,Residential,Spring,Smart,5622.0,,25.6,67.4,2.0,12.9,Yes,649.2,1467.6
CUST00197,Lalitpur,Residential,Winter,Smart,1567.0,15.0,11.0,73.1,4.0,6.8,No,764.2,1302.6
CUST00484,Chitwan,Office,Winter,Smart,5364.0,6.0,27.6,86.8,15.0,17.8,No,291.9,2346.0
CUST01217,Bhaktapur,Office,Spring,Smart,1784.0,14.0,34.4,75.9,14.0,16.1,No,261.9,1700.6
CUST01270,Biratnagar,Commercial,Spring,Smart,1588.0,11.0,23.7,46.5,14.0,10.8,No,1390.6,1648.5
CUST01273,Pokhara,Office,Autumn,Standard,2401.0,10.0,5.4,50.9,10.0,3.5,No,1674.3,1382.6
CUST01314,Lalitpur,Residential,Spring,Smart,,8.0,27.9,32.3,14.0,11.7,Yes,1623.1,1550.1
CUST00101,Biratnagar,Residential,Winter,Standard,1097.0,13.0,5.3,51.2,13.0,17.9,No,560.4,1689.1
CUST01829,Kathmandu,Commercial,Winter,Smart,1504.0,5.0,7.1,74.0,18.0,2.1,Yes,,1371.9
CUST01588,Pokhara,Office,Autumn,Standard,566.0,10.0,26.9,82.6,2.0,11.2,No,439.3,1528.1
CUST01969,Kathmandu,Commercial,Autumn,Standard,3088.0,10.0,8.6,40.4,14.0,4.7,Yes,1613.0,1421.7
CUST00221,Chitwan,Industrial,Spring,Smart,4315.0,6.0,27.6,67.1,8.0,7.5,No,1665.4,1930.0
CUST00556,Lalitpur,Residential,Spring,Standard,1373.0,6.0,20.8,75.5,11.0,9.5,No,911.9,1217.8
CUST01674,Chitwan,Office,Winter,Standard,5035.0,3.0,14.9,69.7,5.0,15.6,Yes,158.1,1495.0
CUST00481,,Industrial,Spring,Smart,5405.0,8.0,,82.3,12.0,13.9,No,81.1,2176.0
CUST01677,Bhaktapur,Office,Summer,Standard,2968.0,6.0,19.4,35.4,14.0,6.5,No,305.4,1580.1
CUST01447,Kathmandu,Industrial,Autumn,Smart,4602.0,10.0,14.3,73.2,18.0,10.7,No,1003.0,2294.2
CUST00734,Biratnagar,Office,Autumn,Standard,2403.0,13.0,19.9,60.9,3.0,16.7,No,651.0,1789.8
CUST00758,Chitwan,Commercial,Spring,Standard,1180.0,6.0,18.3,63.1,20.0,14.5,Yes,1555.1,1761.6
CUST00980,Pokhara,Residential,Summer,Smart,5259.0,7.0,13.8,83.2,15.0,17.3,No,582.9,2030.3
CUST00612,Bhaktapur,Commercial,Autumn,Smart,4188.0,12.0,32.5,72.2,10.0,14.2,No,941.2,2051.7
CUST01988,Pokhara,Residential,Autumn,Standard,1327.0,5.0,20.0,43.5,15.0,17.5,No,662.8,1491.7
CUST00858,Kathmandu,Residential,Summer,Smart,5987.0,12.0,28.1,37.3,20.0,11.6,No,1347.6,2297.2
CUST00317,,Office,Winter,Standard,2221.0,8.0,5.2,31.8,20.0,9.1,Yes,227.0,1377.5
CUST00597,Chitwan,Residential,Summer,Smart,1332.0,5.0,15.3,82.2,3.0,9.9,No,535.8,1167.4
CUST01943,Kathmandu,Office,Autumn,Smart,5783.0,6.0,7.7,79.5,2.0,6.1,Yes,540.5,1368.4
CUST01508,Bhaktapur,Office,Spring,Smart,2216.0,1.0,16.0,33.0,,9.6,No,1733.3,1480.2
CUST01243,Lalitpur,Residential,Summer,Standard,3913.0,13.0,11.7,80.9,10.0,13.4,Yes,722.8,1690.1
CUST01284,Chitwan,Office,Autumn,Standard,4736.0,12.0,28.5,31.7,19.0,6.0,No,553.6,1841.5
CUST00079,Pokhara,Residential,Winter,Standard,1164.0,6.0,16.7,69.7,19.0,10.3,No,870.0,1496.9
CUST00839,,Commercial,Summer,Standard,1315.0,2.0,11.5,59.7,2.0,6.3,No,1178.6,1356.5
CUST00033,Pokhara,Commercial,Spring,Smart,4218.0,11.0,9.2,39.2,18.0,17.7,No,460.2,2016.2
CUST00463,Biratnagar,Commercial,Autumn,Smart,3378.0,11.0,33.3,48.8,19.0,14.3,No,322.6,1878.5
CUST00747,Bhaktapur,Office,Spring,Smart,5163.0,10.0,27.1,53.1,9.0,5.0,No,1793.2,1757.9
CUST01848,Biratnagar,Residential,Summer,Smart,3287.0,8.0,21.7,39.5,18.0,7.8,No,742.4,1505.6
CUST00423,Lalitpur,Residential,Autumn,Standard,4171.0,6.0,27.0,42.0,11.0,16.5,Yes,197.0,1405.8
CUST00164,Chitwan,Commercial,Autumn,Smart,2439.0,6.0,21.9,39.0,17.0,7.3,No,770.5,1304.7
CUST00204,Chitwan,Office,Summer,Smart,4485.0,3.0,12.6,32.9,10.0,10.7,Yes,644.0,1438.9
CUST01415,Kathmandu,Commercial,Autumn,Smart,4311.0,12.0,29.9,66.1,6.0,3.7,No,704.1,1432.8
CUST00290,Pokhara,Residential,Winter,Smart,2069.0,10.0,9.0,52.1,10.0,3.4,No,1781.3,1292.1
CUST00938,Chitwan,Residential,Autumn,Smart,5940.0,13.0,28.5,40.6,14.0,14.8,No,842.6,2048.0
CUST00781,Kathmandu,Commercial,Autumn,Smart,2685.0,7.0,,73.6,15.0,17.4,No,781.5,1767.0
CUST00539,Lalitpur,Residential,Winter,Standard,1466.0,15.0,13.8,57.2,10.0,9.5,Yes,,1475.8
CUST01996,Biratnagar,Residential,Winter,Smart,5128.0,11.0,29.4,58.1,6.0,3.6,No,1323.1,1550.2
CUST00009,Bhaktapur,Office,Autumn,Smart,1420.0,6.0,9.0,67.3,2.0,7.8,No,1007.9,1174.8
CUST01812,Bhaktapur,Residential,Winter,Smart,2642.0,6.0,5.4,50.2,17.0,12.1,No,636.5,1644.3
CUST01455,Bhaktapur,Office,Summer,Smart,2789.0,9.0,11.7,41.3,19.0,7.1,No,1121.9,1972.7
CUST01393,Kathmandu,Office,Summer,Smart,4707.0,5.0,5.4,65.7,10.0,10.0,No,106.2,1718.0
CUST00219,Lalitpur,Office,Summer,Standard,5591.0,11.0,19.1,49.8,13.0,16.3,No,108.3,2173.0
CUST01961,Kathmandu,Commercial,Winter,Smart,3258.0,14.0,8.9,66.7,12.0,12.8,No,841.2,1960.9
CUST01669,Bhaktapur,Office,Winter,Standard,2897.0,15.0,27.8,69.2,3.0,17.8,No,1468.3,1975.4
CUST01327,Biratnagar,Residential,Autumn,Standard,2547.0,6.0,9.1,56.0,20.0,6.4,No,1236.6,1415.4
CUST00611,Pokhara,Commercial,Winter,Standard,3534.0,9.0,11.2,56.0,16.0,4.4,No,1154.7,1696.5
CUST00722,Kathmandu,Residential,Winter,Smart,3389.0,8.0,33.3,68.4,4.0,15.9,Yes,434.6,1545.8
CUST00060,Pokhara,Residential,Autumn,Smart,3211.0,7.0,23.5,49.5,11.0,12.6,No,1252.5,1650.7
CUST01709,Lalitpur,Office,Summer,Standard,2867.0,1.0,30.4,78.7,5.0,6.6,No,1234.1,1660.0
CUST01406,Bhaktapur,Commercial,Spring,Smart,1379.0,7.0,14.3,66.6,20.0,5.1,No,230.7,1207.0
CUST00074,Pokhara,Residential,Autumn,Smart,5759.0,4.0,7.6,84.3,15.0,10.5,No,315.5,1668.8
CUST00163,Biratnagar,Commercial,Summer,Standard,1081.0,6.0,16.5,64.0,11.0,14.6,Yes,1702.6,1846.2
CUST00367,Bhaktapur,Office,Winter,Smart,5008.0,6.0,27.1,56.4,10.0,2.7,No,400.8,1691.6
CUST00533,Bhaktapur,Commercial,Winter,Smart,3824.0,6.0,5.2,45.2,10.0,17.2,No,1034.4,1932.5
CUST00562,Lalitpur,Residential,Autumn,Smart,3011.0,4.0,33.5,79.9,10.0,2.3,No,1163.7,1171.0
CUST01826,Lalitpur,Office,Winter,Standard,5826.0,1.0,29.0,71.0,20.0,16.5,No,499.6,2189.6
CUST00603,Pokhara,Residential,Summer,Smart,2029.0,10.0,33.6,31.9,17.0,2.9,No,357.1,1363.1
CUST01965,Bhaktapur,Residential,Spring,Smart,2304.0,4.0,32.7,31.4,11.0,13.2,Yes,189.1,1111.0
CUST00046,Kathmandu,Commercial,Spring,Smart,4826.0,5.0,21.6,80.5,15.0,8.7,No,656.0,1726.6
CUST00979,Lalitpur,Residential,Winter,Smart,5012.0,3.0,34.7,65.6,4.0,10.7,No,157.2,1360.1
CUST00355,Biratnagar,Residential,Autumn,Smart,1216.0,13.0,32.3,70.1,19.0,5.1,No,856.5,1385.4
CUST01648,Chitwan,Commercial,Autumn,Smart,915.0,15.0,8.6,49.3,15.0,14.6,No,1670.7,1818.6
CUST01001,Chitwan,Residential,Spring,Smart,5284.0,12.0,29.2,86.3,9.0,15.7,No,1209.2,2069.2
CUST00077,Lalitpur,Residential,Spring,Standard,4539.0,4.0,14.4,31.2,18.0,7.4,No,1287.6,1448.0
CUST01947,Kathmandu,Office,Summer,Standard,1940.0,13.0,22.9,65.8,3.0,17.0,Yes,1243.9,1778.3
CUST01789,Pokhara,Office,Summer,Smart,1498.0,4.0,29.8,40.8,13.0,12.0,No,520.5,1704.3
CUST00681,Lalitpur,Industrial,Spring,Smart,5312.0,4.0,19.1,58.9,3.0,3.3,No,1014.5,1685.5
CUST01332,Bhaktapur,Residential,Autumn,Standard,989.0,13.0,11.8,48.7,9.0,13.7,No,1501.8,1555.0
CUST00983,Kathmandu,Office,Winter,Standard,4188.0,10.0,17.2,33.8,13.0,5.4,No,292.7,1751.7
CUST00394,Biratnagar,Commercial,Spring,Smart,900.0,13.0,12.3,31.5,18.0,3.5,Yes,936.5,1148.9
CUST00837,Bhaktapur,Commercial,Summer,Standard,5695.0,1.0,29.3,35.4,18.0,15.4,No,1750.2,2353.9
CUST00031,Bhaktapur,Residential,Winter,Standard,5303.0,2.0,19.8,51.6,18.0,9.2,No,1236.7,1824.3
CUST01107,Bhaktapur,Residential,Autumn,Standard,3220.0,15.0,9.1,75.1,,5.4,No,696.8,1203.6
CUST01612,Pokhara,Residential,Autumn,Smart,788.0,12.0,26.4,70.9,4.0,8.4,No,1684.7,1339.7
CUST00716,Pokhara,Residential,Summer,Smart,1662.0,7.0,6.5,70.8,12.0,10.4,No,952.6,1534.0
CUST00977,Kathmandu,Commercial,Spring,Smart,2145.0,12.0,29.3,40.4,8.0,3.3,Yes,208.4,970.6
CUST01557,Biratnagar,Residential,Summer,Standard,4739.0,3.0,21.8,52.0,19.0,14.2,No,1741.2,2170.6
CUST00825,Chitwan,Residential,Spring,Standard,1369.0,13.0,13.9,73.8,3.0,16.3,Yes,125.2,1289.1
CUST01958,,Commercial,Spring,Standard,2154.0,13.0,19.8,38.8,6.0,12.8,No,333.0,1532.6
CUST01574,Pokhara,Residential,Winter,Standard,5184.0,13.0,13.6,59.0,20.0,17.4,No,887.4,2159.6
CUST01977,Chitwan,Industrial,Winter,Smart,4285.0,6.0,19.3,46.2,19.0,4.9,No,,2014.6
CUST00375,Lalitpur,Residential,Autumn,Smart,3773.0,12.0,8.0,82.6,15.0,13.8,No,235.0,1791.5
CUST01597,Pokhara,Office,Summer,Standard,,1.0,20.7,47.3,20.0,17.7,No,1072.3,2365.4
CUST00045,Biratnagar,Commercial,Summer,Smart,5162.0,15.0,23.9,54.9,16.0,6.6,No,1139.2,2007.8
CUST01695,Kathmandu,Commercial,Summer,Standard,2891.0,3.0,30.7,68.2,4.0,12.0,No,1224.3,1585.5
CUST00169,Pokhara,Residential,Summer,Standard,2768.0,8.0,26.3,30.1,5.0,10.8,No,1796.0,1508.7
CUST00304,Kathmandu,Residential,Spring,Smart,3868.0,6.0,30.6,33.7,8.0,17.0,No,814.9,1526.3
CUST01966,Chitwan,Residential,Summer,Smart,802.0,2.0,30.6,52.5,7.0,5.6,No,1765.0,1050.8
CUST01614,Chitwan,Commercial,Summer,Standard,1027.0,2.0,13.8,42.8,5.0,7.4,Yes,938.8,909.5
CUST01955,Chitwan,Residential,Summer,Smart,1026.0,1.0,26.0,87.7,8.0,14.6,Yes,1242.4,1304.8
CUST00620,Bhaktapur,Industrial,Summer,Standard,3247.0,11.0,23.4,63.5,11.0,2.9,No,1037.4,2047.9
CUST01436,Kathmandu,Office,Summer,Smart,2911.0,4.0,6.4,35.7,6.0,8.5,No,1451.6,1531.1
CUST00721,Chitwan,Residential,Spring,Smart,5445.0,1.0,9.0,72.9,20.0,8.5,No,353.1,1412.6
CUST01774,Pokhara,Office,Summer,Smart,2085.0,13.0,18.3,73.3,9.0,16.8,No,1100.8,2369.8
CUST01320,Pokhara,Commercial,Autumn,Smart,2332.0,3.0,16.6,63.0,17.0,3.0,No,697.2,1384.3
CUST00594,Chitwan,Residential,Winter,Smart,1724.0,4.0,16.4,55.4,6.0,9.3,No,317.3,1228.0
CUST01970,Kathmandu,Residential,Spring,Standard,5641.0,2.0,15.9,52.4,19.0,13.7,No,910.3,1796.5
CUST01293,Biratnagar,Office,Autumn,Standard,1067.0,7.0,17.5,47.7,8.0,9.3,No,958.8,1477.4
CUST01613,Lalitpur,Residential,Winter,Standard,2311.0,14.0,18.1,51.0,8.0,5.7,Yes,1508.9,1280.2
CUST01090,Bhaktapur,Residential,Spring,Smart,5144.0,10.0,16.6,33.0,10.0,3.8,No,1063.8,1225.0
CUST00508,Biratnagar,Residential,Spring,Standard,5301.0,14.0,28.4,86.0,20.0,6.1,No,1329.0,1902.4
CUST00186,Pokhara,Residential,Summer,Smart,5653.0,3.0,33.6,54.4,19.0,14.6,No,,1915.2
CUST00652,Lalitpur,Office,Summer,Standard,4705.0,10.0,23.7,74.4,3.0,13.3,No,979.2,1986.6
CUST00428,Chitwan,Commercial,Winter,Standard,752.0,10.0,20.4,65.3,4.0,17.0,Yes,,1463.2
CUST00487,Chitwan,Commercial,Spring,Smart,3784.0,9.0,30.7,81.8,16.0,9.2,Yes,1201.6,1890.3
CUST01221,Biratnagar,Residential,Winter,Standard,4882.0,8.0,19.9,42.7,9.0,13.8,No,437.2,1714.1
CUST00301,Chitwan,Industrial,Summer,Smart,4102.0,8.0,16.1,75.7,10.0,13.7,No,1762.2,2539.3
CUST01051,Biratnagar,Residential,Spring,Smart,2195.0,6.0,23.2,85.2,4.0,14.9,No,1378.9,1653.0
CUST00742,Pokhara,Office,Summer,Standard,4547.0,1.0,24.6,52.7,19.0,17.9,Yes,1255.5,2249.1
CUST00555,Lalitpur,Commercial,Summer,Smart,3263.0,15.0,12.9,52.5,9.0,16.2,Yes,1702.8,2040.4
CUST01624,Pokhara,Office,Summer,Smart,2023.0,2.0,5.3,53.6,,5.8,No,1736.5,1640.2
CUST01672,Lalitpur,Office,Summer,Standard,2854.0,2.0,22.9,39.0,20.0,2.8,No,1780.7,1736.1
CUST01963,Biratnagar,Residential,Spring,Smart,933.0,9.0,20.2,41.7,20.0,15.4,No,300.8,1547.6
CUST01385,Kathmandu,Residential,Autumn,Standard,4310.0,5.0,28.6,36.3,13.0,4.9,No,377.3,1339.3
CUST00999,Kathmandu,Residential,Winter,Standard,3175.0,5.0,20.6,30.9,17.0,2.4,No,1653.0,1443.8
CUST00176,Lalitpur,Commercial,Winter,Standard,1857.0,15.0,27.1,85.4,17.0,4.7,No,452.1,1656.4
CUST00582,,Residential,Summer,Smart,2749.0,12.0,19.3,59.1,5.0,12.7,No,951.0,1880.5
CUST01481,Lalitpur,Residential,Spring,Smart,1495.0,1.0,26.1,69.7,2.0,4.5,No,840.4,830.5
CUST01733,Pokhara,Residential,Autumn,Smart,942.0,12.0,26.0,31.9,14.0,2.6,No,643.0,1188.6
CUST00124,Biratnagar,Office,Winter,Smart,3408.0,9.0,16.3,32.3,10.0,7.9,No,835.2,1557.7
CUST00454,Pokhara,Office,Autumn,Standard,2933.0,15.0,29.2,66.1,8.0,14.5,No,1621.1,2031.4
CUST00412,Pokhara,Office,Autumn,Standard,2702.0,1.0,26.6,38.3,10.0,6.1,No,880.0,1485.5
CUST01007,Bhaktapur,Office,Autumn,Smart,5432.0,14.0,10.2,67.8,15.0,15.5,No,81.7,1933.1
CUST00040,Pokhara,Commercial,Spring,Smart,691.0,12.0,28.4,77.4,2.0,15.9,No,583.8,1517.0
CUST00807,Kathmandu,Office,Summer,Smart,502.0,15.0,28.5,31.3,5.0,3.2,Yes,1028.4,1178.0
CUST01924,,Residential,Spring,Smart,5135.0,6.0,11.6,32.2,20.0,5.9,No,1103.6,1572.7
CUST00332,Chitwan,Residential,Autumn,Smart,591.0,5.0,30.1,37.7,4.0,9.2,No,1610.8,1220.3
CUST01652,Kathmandu,Residential,Summer,Standard,2931.0,3.0,24.4,77.6,15.0,17.6,No,214.0,1514.6
CUST00195,Kathmandu,Industrial,Autumn,Smart,3566.0,9.0,,86.2,8.0,12.5,Yes,966.7,1848.9
CUST00536,Bhaktapur,Office,Winter,Standard,1169.0,12.0,19.7,49.4,17.0,11.7,No,643.8,1879.6
CUST01572,Biratnagar,Commercial,Autumn,Smart,971.0,10.0,32.2,45.1,11.0,6.3,No,802.4,1415.0
CUST01739,Bhaktapur,Office,Summer,Standard,886.0,1.0,11.3,58.6,8.0,16.9,Yes,1589.0,1614.2
CUST00323,Kathmandu,Office,Summer,Smart,2127.0,5.0,26.6,89.4,2.0,2.0,No,559.1,1273.8
CUST01386,Lalitpur,Residential,Spring,Smart,5800.0,9.0,34.5,42.6,4.0,14.0,No,1118.5,1675.1
CUST00267,Kathmandu,Office,Summer,Smart,534.0,7.0,33.5,81.1,5.0,7.7,No,1434.9,1668.3
CUST00671,Pokhara,Residential,Summer,Smart,4222.0,9.0,30.3,37.6,16.0,14.6,No,,2082.5
CUST01451,Bhaktapur,Commercial,Autumn,Standard,5211.0,11.0,6.6,48.8,20.0,14.4,No,877.2,2186.3
CUST00068,Pokhara,Office,Autumn,Standard,2178.0,11.0,16.8,81.8,16.0,17.8,No,1369.3,2048.0
CUST01260,Chitwan,Office,Summer,Smart,2059.0,3.0,31.7,65.7,19.0,3.9,Yes,1195.9,1622.3
CUST00549,Lalitpur,Commercial,Autumn,Smart,4763.0,4.0,25.1,55.0,9.0,9.1,No,782.0,1499.4
CUST01803,Lalitpur,Commercial,Autumn,Smart,2003.0,11.0,9.2,50.8,20.0,12.1,No,584.5,1815.6
CUST00986,Lalitpur,Commercial,Spring,Standard,2545.0,11.0,22.7,48.9,15.0,13.6,No,479.6,1529.1
CUST01418,Chitwan,Residential,Spring,Smart,580.0,13.0,17.3,59.3,17.0,6.2,No,661.7,1277.7
CUST01705,Pokhara,Office,Autumn,Smart,1044.0,10.0,18.0,33.6,8.0,17.6,No,331.9,1768.1
CUST01432,Kathmandu,Residential,Winter,Standard,1712.0,7.0,19.5,45.4,5.0,2.6,No,542.9,874.9
CUST01638,Kathmandu,Residential,Autumn,Standard,1749.0,13.0,6.1,78.4,5.0,8.9,No,513.0,1203.4
CUST01817,Bhaktapur,Office,Autumn,Smart,3275.0,14.0,13.6,44.7,12.0,10.0,No,86.2,1587.1
CUST00906,Biratnagar,Residential,Autumn,Smart,1439.0,1.0,34.6,30.6,17.0,16.9,No,1417.4,1671.9
CUST01182,Pokhara,Industrial,Autumn,Standard,1424.0,8.0,27.9,73.6,,15.1,No,1533.1,1976.5
CUST01658,Chitwan,Residential,Summer,Smart,1781.0,12.0,21.0,33.3,4.0,6.8,No,869.1,1224.7
CUST00991,Lalitpur,Residential,Spring,Standard,4824.0,8.0,22.2,75.5,18.0,13.0,No,492.2,1776.7
CUST01517,Bhaktapur,Commercial,Winter,Standard,2355.0,,28.3,84.1,5.0,10.7,No,1627.3,1747.2
CUST00893,Bhaktapur,Commercial,Spring,Smart,5201.0,10.0,13.1,60.5,2.0,15.2,No,1435.6,1859.7
CUST00417,Kathmandu,Commercial,Summer,Standard,633.0,6.0,7.4,75.7,18.0,3.9,No,925.3,1637.4
CUST01845,Chitwan,Residential,Winter,Smart,3702.0,5.0,21.1,77.8,6.0,14.0,No,188.3,1558.7
CUST01554,Bhaktapur,Commercial,Autumn,Smart,4516.0,11.0,25.9,36.7,4.0,12.0,No,1064.7,1685.0
CUST01603,Biratnagar,Industrial,Autumn,Smart,3512.0,12.0,16.1,44.7,8.0,2.7,No,171.9,1566.6
CUST01683,Pokhara,Industrial,Winter,Smart,3401.0,12.0,17.3,36.1,17.0,16.6,Yes,1231.5,2317.1
CUST00889,Pokhara,Office,Winter,Standard,5874.0,9.0,8.2,81.5,5.0,6.0,No,953.2,1514.0
CUST00744,Biratnagar,Residential,Winter,Smart,1598.0,13.0,29.4,51.1,3.0,9.6,No,1003.8,1413.8
CUST00545,Chitwan,Residential,Spring,Standard,4132.0,1.0,21.0,64.9,4.0,12.3,No,957.9,1283.0
CUST01934,Pokhara,Commercial,Spring,Standard,2460.0,13.0,17.3,79.4,6.0,14.9,Yes,885.9,1629.4
CUST00907,Chitwan,Office,Summer,Smart,2110.0,9.0,10.4,31.3,14.0,6.0,No,547.0,1515.3
CUST00932,Pokhara,Industrial,Winter,Standard,5911.0,2.0,20.4,58.2,5.0,11.8,No,1693.9,2220.0
CUST00262,Lalitpur,Residential,Summer,Smart,2772.0,12.0,16.8,31.1,14.0,11.1,Yes,110.3,1288.3
CUST00591,Chitwan,Residential,Winter,Standard,3747.0,3.0,10.7,54.0,19.0,7.5,No,1371.5,1538.6
CUST00989,Chitwan,Residential,Summer,Standard,901.0,9.0,34.2,83.4,3.0,3.2,No,387.5,940.2
CUST00241,Chitwan,Office,Winter,Smart,5284.0,15.0,26.5,51.7,11.0,7.7,No,747.2,1937.9
CUST01475,Chitwan,Residential,Summer,Smart,1340.0,2.0,17.5,60.0,13.0,10.2,No,1574.7,1516.8
CUST00706,Biratnagar,Residential,Spring,Smart,4287.0,3.0,19.9,36.0,11.0,9.8,Yes,817.8,1061.8
CUST01663,Kathmandu,Commercial,Spring,Standard,2256.0,7.0,27.9,65.5,3.0,11.6,No,1706.7,1649.4
CUST01101,Chitwan,Commercial,Autumn,Standard,608.0,8.0,21.5,41.8,14.0,5.2,No,1272.6,1566.9
CUST01053,Bhaktapur,Commercial,Summer,Smart,5314.0,11.0,33.2,89.4,15.0,6.9,Yes,98.5,1814.8
CUST00366,Biratnagar,Office,Summer,Smart,1863.0,13.0,16.5,46.0,7.0,13.7,No,1362.8,1954.8
CUST01037,Chitwan,Office,Summer,Standard,5583.0,6.0,6.2,37.3,19.0,16.4,No,961.2,2321.5
CUST01784,Pokhara,Residential,Summer,Smart,2773.0,13.0,,39.9,20.0,14.9,Yes,1180.6,1834.4
CUST00600,,Residential,Spring,Smart,5295.0,10.0,27.1,67.6,17.0,12.7,No,266.0,1759.4
CUST01337,Chitwan,Office,Spring,Smart,2960.0,8.0,12.0,70.8,16.0,11.0,No,356.0,1751.7
CUST00515,Lalitpur,Residential,Spring,Smart,2334.0,2.0,17.3,58.0,17.0,9.5,Yes,213.2,966.7
CUST00592,Kathmandu,Commercial,Spring,Smart,3092.0,9.0,30.8,89.2,12.0,5.6,Yes,143.2,1185.1
CUST00072,Chitwan,Office,Spring,Smart,2068.0,4.0,23.3,56.0,3.0,4.9,No,338.0,1009.9
CUST01024,Kathmandu,Commercial,Winter,Smart,5059.0,5.0,31.7,44.6,16.0,7.8,No,791.2,1767.9
CUST00260,Kathmandu,Residential,Spring,Standard,3152.0,7.0,24.7,52.3,3.0,13.6,No,1089.2,1267.6
CUST00052,Lalitpur,Residential,Autumn,Standard,956.0,13.0,7.5,81.5,6.0,6.9,Yes,1597.0,1154.0
CUST00199,Bhaktapur,Commercial,Autumn,Smart,3423.0,4.0,30.6,35.3,6.0,8.1,No,649.1,1213.0
CUST01241,Pokhara,Office,Spring,Smart,5999.0,1.0,15.1,77.8,18.0,8.9,No,729.5,1863.9
CUST01387,Bhaktapur,Residential,Autumn,Smart,4400.0,10.0,5.6,88.2,19.0,5.3,No,991.1,1489.0
CUST00333,Biratnagar,Residential,Spring,Standard,4734.0,11.0,7.8,45.9,5.0,10.3,Yes,1000.9,1351.8
CUST01379,Pokhara,Office,Spring,Smart,1742.0,15.0,11.4,33.2,4.0,2.2,No,710.2,1064.2
CUST01768,Chitwan,Industrial,Autumn,Smart,4411.0,14.0,21.7,59.4,13.0,17.3,No,1106.5,2603.5
CUST01461,Chitwan,Commercial,Winter,Smart,4979.0,14.0,5.9,65.2,3.0,3.0,No,943.7,1423.2
CUST00589,Bhaktapur,Commercial,Winter,Smart,1925.0,7.0,23.8,67.3,6.0,4.2,No,1619.9,1314.1
CUST00974,Pokhara,Office,Autumn,Smart,1152.0,2.0,31.7,65.3,9.0,11.8,No,318.2,1453.5
CUST00586,Kathmandu,Office,Winter,Smart,3191.0,11.0,14.7,31.1,14.0,5.9,No,1669.0,1904.0
CUST01742,Biratnagar,Commercial,Winter,Standard,5944.0,2.0,17.1,79.2,,10.0,No,570.5,1592.6
CUST01038,Lalitpur,Office,Winter,Smart,4106.0,12.0,5.7,33.9,18.0,6.5,Yes,908.5,1559.8
CUST01069,Kathmandu,Residential,Summer,Smart,2289.0,12.0,8.1,63.9,,7.1,No,1325.9,1441.4
CUST00427,Lalitpur,Residential,Autumn,Smart,3417.0,10.0,11.6,72.4,5.0,6.3,No,688.4,1299.5
CUST00577,Bhaktapur,Commercial,Spring,Standard,5393.0,1.0,26.5,77.1,14.0,10.4,No,1188.5,1803.7
CUST01904,Chitwan,Residential,Winter,Standard,5743.0,12.0,22.6,67.7,14.0,8.9,No,1704.4,2037.9
CUST01263,Kathmandu,Commercial,Spring,Standard,4363.0,1.0,29.6,85.4,4.0,6.7,No,1757.2,1401.4
CUST01002,Biratnagar,Office,Spring,Standard,1780.0,5.0,25.8,77.4,16.0,17.4,No,364.8,1918.1
CUST01641,Bhaktapur,Residential,Spring,Smart,4028.0,7.0,14.5,69.3,14.0,3.8,No,633.3,1194.7
CUST00007,Bhaktapur,Residential,Autumn,Smart,5502.0,3.0,15.5,52.1,10.0,9.5,No,1404.2,1638.9
CUST00479,Bhaktapur,Residential,Winter,Smart,3386.0,3.0,21.2,40.2,4.0,5.3,No,1306.4,1123.0
CUST00737,Pokhara,Residential,Autumn,Smart,2822.0,8.0,17.0,69.4,14.0,9.3,No,908.9,1597.9
CUST00399,Kathmandu,Office,Autumn,Smart,2375.0,7.0,20.2,48.2,8.0,4.6,No,1073.9,1261.1
CUST01575,Chitwan,Residential,Summer,Smart,1910.0,1.0,20.0,49.9,16.0,16.0,No,1268.4,1599.8
CUST00437,Pokhara,Commercial,Autumn,Standard,4505.0,14.0,8.0,42.8,11.0,17.1,No,1388.9,2070.5
CUST00193,Chitwan,Office,Summer,Smart,3248.0,13.0,33.5,50.8,18.0,5.1,No,1295.1,2015.4
CUST01456,Bhaktapur,Commercial,Summer,Standard,4372.0,6.0,26.2,30.5,12.0,4.4,No,300.2,1509.8
CUST00850,Lalitpur,Residential,Spring,Smart,744.0,5.0,12.7,71.4,18.0,5.6,No,1245.2,1246.8
CUST00293,Pokhara,Residential,Spring,Smart,2366.0,13.0,8.8,48.6,11.0,7.8,Yes,1416.8,1133.2
CUST00950,Chitwan,Industrial,Spring,Standard,3416.0,7.0,12.6,41.6,18.0,9.0,No,410.4,1913.2
CUST01482,Lalitpur,Industrial,Autumn,Smart,1687.0,1.0,32.2,58.0,6.0,12.5,No,1610.7,1912.5
CUST01657,Bhaktapur,Office,Winter,Smart,1492.0,3.0,26.2,66.2,18.0,9.0,No,407.2,1657.5
CUST01976,,Commercial,Summer,Smart,4074.0,1.0,24.5,41.5,3.0,15.0,No,833.8,1671.3
CUST00022,Kathmandu,Office,Autumn,Smart,4651.0,13.0,29.3,60.8,15.0,14.6,Yes,202.1,1971.4
CUST00142,Lalitpur,Commercial,Winter,Standard,5113.0,15.0,23.9,33.1,11.0,10.5,No,1543.0,2010.4
CUST00746,Pokhara,Commercial,Summer,Smart,2234.0,12.0,11.2,32.0,15.0,4.5,No,1790.8,1638.6
CUST00003,Bhaktapur,Office,Autumn,Smart,1468.0,3.0,25.9,88.2,9.0,16.4,No,721.0,1650.1
CUST00766,Lalitpur,Residential,Autumn,Smart,4892.0,11.0,6.4,50.6,8.0,12.2,No,1653.9,1789.3
CUST01978,Bhaktapur,Residential,Winter,Standard,3014.0,13.0,30.6,81.2,16.0,3.3,No,1087.9,1618.7
CUST01176,Pokhara,Commercial,Summer,Smart,,10.0,21.9,63.4,5.0,16.6,No,429.0,1976.2
CUST00340,Chitwan,Office,Autumn,Standard,1298.0,10.0,23.0,66.4,11.0,4.8,Yes,1710.2,1436.9
CUST01462,Lalitpur,Residential,Autumn,Smart,2938.0,3.0,11.0,42.1,16.0,10.9,No,978.0,1436.0
CUST00409,Chitwan,Office,Winter,Standard,3102.0,9.0,20.7,35.4,7.0,10.1,Yes,1421.7,1626.7
CUST01287,Bhaktapur,Commercial,Summer,Smart,4665.0,15.0,16.7,45.1,17.0,9.0,No,1074.9,1890.6
CUST00266,Kathmandu,Residential,Winter,Standard,3900.0,1.0,26.3,56.9,14.0,16.8,No,1600.8,1728.8
CUST00377,Lalitpur,Office,Winter,Smart,3105.0,2.0,25.7,46.8,15.0,11.7,No,1644.3,2090.9
CUST00702,Lalitpur,Office,Winter,Smart,849.0,7.0,16.4,78.5,8.0,12.2,No,118.2,1390.8
CUST00994,Bhaktapur,Residential,Winter,Standard,5630.0,14.0,7.4,61.9,8.0,10.8,No,1481.3,1850.7
CUST00440,Chitwan,Residential,Autumn,Smart,1050.0,4.0,30.4,62.9,18.0,7.9,No,138.2,1206.6
CUST00272,Pokhara,Residential,Winter,Smart,,13.0,28.3,63.8,11.0,15.8,No,1103.1,1774.4
CUST00185,Kathmandu,Commercial,Spring,Smart,,7.0,22.1,53.2,13.0,3.8,No,237.5,1036.8
CUST01245,Chitwan,Residential,Winter,Smart,1569.0,13.0,20.4,47.8,15.0,12.7,No,859.8,1664.8
CUST00245,Pokhara,Office,Spring,Standard,5434.0,3.0,29.3,61.9,13.0,8.8,No,1791.5,2002.7
CUST00614,Biratnagar,Residential,Winter,Smart,1685.0,6.0,34.4,66.6,3.0,16.5,No,1007.7,1567.3
CUST01118,Bhaktapur,Commercial,Winter,Smart,864.0,13.0,15.6,38.5,4.0,10.7,No,1122.1,1561.9
CUST00446,Biratnagar,Commercial,Summer,Smart,3996.0,11.0,9.9,72.5,10.0,4.2,No,829.8,1682.6
CUST00608,Kathmandu,Residential,Summer,Standard,5163.0,3.0,19.0,33.5,19.0,3.1,No,689.1,1290.2
CUST00875,Biratnagar,Residential,Winter,Smart,2160.0,14.0,5.6,68.7,3.0,9.8,No,1322.1,1464.6
CUST01740,Biratnagar,Commercial,Spring,Standard,2541.0,8.0,24.8,58.2,10.0,9.2,Yes,1518.9,1470.3
CUST01764,Biratnagar,Commercial,Spring,Standard,3135.0,4.0,30.1,51.5,12.0,16.8,Yes,978.3,1836.2
CUST01291,Kathmandu,Residential,Autumn,Smart,4800.0,12.0,6.6,70.4,15.0,17.3,No,1131.7,1893.5
CUST00694,Kathmandu,Residential,Winter,Standard,1481.0,15.0,8.2,81.7,10.0,6.5,No,1011.0,1397.0
CUST00416,Bhaktapur,Commercial,Autumn,Standard,1304.0,12.0,5.7,79.0,16.0,8.3,Yes,1274.1,1346.5
CUST00274,Kathmandu,Office,Spring,Smart,2058.0,15.0,24.8,48.6,7.0,9.6,No,1368.5,1699.5
CUST00745,Kathmandu,Office,Winter,Standard,5747.0,10.0,19.8,40.0,4.0,17.3,No,1162.3,2268.6
CUST01972,Pokhara,Office,Spring,Standard,1296.0,9.0,20.2,48.0,16.0,7.5,No,740.9,1369.4
CUST01476,Bhaktapur,Residential,Autumn,Smart,3154.0,3.0,15.5,77.6,7.0,13.2,No,1392.9,1536.5
CUST00251,Pokhara,Commercial,Spring,Smart,3336.0,11.0,18.8,56.0,4.0,17.9,No,1382.6,1729.7
CUST00414,Lalitpur,Office,Autumn,Smart,2796.0,4.0,13.7,46.9,7.0,13.8,No,1799.8,1725.0
CUST00629,Chitwan,Residential,Summer,Smart,2043.0,10.0,6.3,47.6,3.0,9.5,No,845.9,1280.2
CUST01420,Pokhara,Commercial,Spring,Smart,3209.0,14.0,32.8,42.8,7.0,15.2,No,1578.9,1891.7
CUST01238,Lalitpur,Residential,Winter,Smart,4193.0,10.0,34.2,54.4,11.0,6.1,No,989.0,1646.0
CUST00311,Bhaktapur,Commercial,Spring,Smart,4550.0,11.0,7.3,71.6,3.0,17.5,Yes,1482.7,1760.8
CUST00583,Chitwan,Office,Autumn,Smart,2027.0,14.0,6.3,79.9,19.0,9.5,No,1398.2,1970.0
CUST00382,Lalitpur,Residential,Autumn,Smart,1907.0,3.0,19.8,41.2,16.0,15.1,No,88.7,1308.8
CUST01842,Bhaktapur,Commercial,Summer,Smart,3648.0,6.0,7.9,38.5,3.0,2.0,No,1767.7,1405.1
CUST00426,Pokhara,Office,Summer,Smart,2598.0,5.0,17.1,56.4,2.0,10.2,No,510.9,1417.1
CUST01905,Biratnagar,Commercial,Spring,Smart,4614.0,13.0,15.6,86.1,11.0,9.3,No,1299.9,1749.9
CUST01838,Chitwan,Commercial,Winter,Standard,914.0,,10.5,59.3,6.0,7.5,No,1384.0,1463.1
CUST01171,Biratnagar,Commercial,Spring,Smart,1286.0,3.0,31.9,62.6,17.0,2.9,No,1545.7,1423.2
CUST01375,Bhaktapur,Commercial,Spring,Smart,4809.0,5.0,15.0,83.9,19.0,10.6,No,826.5,1904.7
CUST00708,Chitwan,Residential,Winter,Standard,1083.0,11.0,17.1,46.6,8.0,14.7,No,1719.5,1690.3
CUST01600,Chitwan,Residential,Autumn,Standard,4519.0,5.0,34.2,89.4,16.0,9.6,No,1709.3,1902.5
CUST01487,Kathmandu,Residential,Summer,Standard,3482.0,9.0,19.6,41.6,9.0,7.3,No,1620.4,1403.9
CUST00927,Chitwan,Office,Winter,Smart,3209.0,12.0,5.6,68.5,9.0,11.0,Yes,866.1,1530.0
CUST01617,Kathmandu,Commercial,Winter,Smart,4074.0,13.0,15.7,35.3,8.0,16.1,Yes,1091.3,1976.1
CUST00183,Bhaktapur,Commercial,Spring,Smart,2158.0,9.0,5.9,72.8,19.0,2.4,No,1321.3,1149.8
CUST00171,Pokhara,Commercial,Summer,Smart,2313.0,3.0,30.0,73.7,13.0,8.2,No,1742.2,1755.4
CUST00573,Pokhara,Office,Summer,Smart,3121.0,13.0,13.9,60.5,9.0,5.6,No,846.8,1659.4
CUST01252,Bhaktapur,Commercial,Summer,Smart,3758.0,11.0,7.8,89.7,2.0,9.3,No,1737.3,1690.3
CUST01907,Lalitpur,Residential,Summer,Smart,3867.0,7.0,22.9,51.5,13.0,16.3,Yes,813.5,1804.8
CUST00012,Bhaktapur,Commercial,Winter,Smart,5630.0,9.0,32.7,84.6,2.0,16.9,No,1018.7,2054.0
CUST01382,Chitwan,Residential,Spring,Smart,5779.0,1.0,13.0,35.4,2.0,2.5,No,1707.9,1207.4
CUST01731,Chitwan,Commercial,Autumn,Smart,4799.0,7.0,12.6,55.5,2.0,15.2,No,1783.4,1803.1
CUST00273,Lalitpur,Industrial,Spring,Smart,3200.0,6.0,21.6,39.7,2.0,15.9,No,1429.3,2172.6
CUST01573,Lalitpur,Commercial,Autumn,Smart,2002.0,6.0,15.9,87.3,10.0,11.2,No,343.2,1635.5
CUST00705,Biratnagar,Industrial,Summer,Standard,3459.0,,31.7,59.7,16.0,5.1,No,154.8,2046.7
CUST01562,Lalitpur,Residential,Summer,Smart,4650.0,2.0,28.4,70.7,7.0,7.8,Yes,833.3,1304.6
CUST00372,Biratnagar,Residential,Spring,Smart,2822.0,14.0,27.0,41.2,18.0,5.1,No,119.7,1302.5
CUST00223,Kathmandu,Residential,Winter,Smart,2473.0,3.0,9.1,53.5,10.0,3.5,No,1454.0,1208.0
CUST01809,Pokhara,Commercial,Summer,Standard,1582.0,8.0,,35.7,5.0,4.4,No,450.5,986.9
CUST00945,Lalitpur,Commercial,Summer,Standard,4971.0,6.0,23.8,33.1,3.0,11.6,Yes,459.5,1318.0
CUST00793,Chitwan,Residential,Spring,Standard,3602.0,3.0,21.9,66.5,20.0,15.3,No,1794.1,1933.9
CUST00519,Pokhara,Commercial,Winter,Standard,2447.0,1.0,14.0,75.3,18.0,13.3,Yes,475.7,1554.6
CUST00335,Chitwan,Office,Winter,Smart,5952.0,3.0,33.8,49.6,6.0,8.8,No,1593.7,1869.0
CUST01310,Kathmandu,Residential,Autumn,Standard,5093.0,,20.4,32.4,14.0,16.2,No,1126.4,1719.6
CUST01685,Biratnagar,Residential,Summer,Smart,2515.0,8.0,31.0,70.8,10.0,6.5,No,1752.4,1739.3
CUST01424,Biratnagar,Residential,Summer,Smart,1167.0,14.0,17.8,75.8,11.0,5.8,No,1077.0,1521.5
CUST01404,Lalitpur,Office,Autumn,Standard,4712.0,11.0,19.1,32.4,6.0,6.2,No,304.4,1458.0
CUST00016,Pokhara,Residential,Winter,Standard,4122.0,1.0,16.2,36.0,3.0,8.3,No,1493.7,1219.4
CUST01660,Biratnagar,Commercial,Winter,Smart,2273.0,12.0,31.2,68.9,8.0,6.0,No,507.5,1510.4
CUST01993,Chitwan,Office,Spring,Smart,801.0,9.0,21.7,42.5,20.0,4.7,Yes,225.3,1197.2
CUST01563,Pokhara,Office,Spring,Smart,1830.0,13.0,30.2,79.9,17.0,4.0,No,1066.0,1797.3
CUST01711,Chitwan,Industrial,Winter,Smart,3127.0,12.0,15.6,37.3,17.0,7.4,No,410.5,1949.8
CUST00618,Kathmandu,Office,Winter,Standard,2340.0,5.0,8.4,66.2,3.0,12.7,Yes,,1432.4
CUST00922,Kathmandu,Commercial,Winter,Smart,771.0,12.0,21.3,70.0,9.0,7.2,No,1670.4,1535.3
CUST00466,Lalitpur,Commercial,Autumn,Standard,1103.0,1.0,15.1,80.2,16.0,8.2,No,788.5,1388.7
CUST01266,Chitwan,Commercial,Autumn,Standard,3281.0,12.0,23.0,70.2,9.0,4.2,Yes,642.0,1321.0
CUST00200,Chitwan,Residential,Autumn,Smart,4753.0,3.0,28.2,81.7,19.0,5.3,No,526.1,1533.8
CUST01224,Pokhara,Residential,Autumn,Smart,4043.0,2.0,26.5,67.6,2.0,14.3,No,929.0,1578.2
CUST01466,Kathmandu,Commercial,Spring,Standard,4065.0,11.0,19.7,84.7,10.0,12.7,No,361.6,1687.2
CUST01538,Chitwan,Office,Spring,Smart,2824.0,10.0,,74.6,16.0,8.1,No,1077.0,1808.2
CUST01319,Kathmandu,Commercial,Winter,Standard,4978.0,9.0,19.1,83.4,18.0,17.0,No,1680.2,2540.1
CUST01712,Biratnagar,Residential,Summer,Smart,4431.0,5.0,32.2,65.7,20.0,17.5,No,459.6,2182.6
CUST01987,Kathmandu,Residential,Autumn,Standard,3231.0,7.0,6.6,61.0,9.0,12.4,No,627.0,1412.5
CUST01421,Biratnagar,Office,Winter,Smart,2922.0,1.0,29.9,55.1,10.0,14.5,No,1631.7,2035.1
CUST01434,Lalitpur,Commercial,Winter,Smart,1411.0,9.0,31.2,59.5,7.0,16.2,No,490.7,1815.0
CUST01119,Biratnagar,Residential,Summer,Standard,2300.0,6.0,23.1,30.2,4.0,13.2,No,576.8,1388.2
CUST01594,Biratnagar,Residential,Autumn,Standard,2131.0,13.0,12.6,43.6,13.0,13.0,Yes,1331.8,1564.5
CUST00044,Bhaktapur,Residential,Winter,Smart,5614.0,8.0,24.1,58.4,6.0,4.9,No,937.4,1565.7
CUST00275,Pokhara,Residential,Spring,Smart,5190.0,,14.7,84.0,4.0,10.2,No,1063.4,1393.4
CUST01114,Lalitpur,Industrial,Autumn,Smart,1338.0,,19.6,56.9,9.0,6.3,No,115.7,1602.8
CUST00102,Kathmandu,Commercial,Summer,Smart,891.0,,21.7,83.5,13.0,4.5,No,654.6,1412.4
CUST00887,Bhaktapur,Office,Summer,Standard,3903.0,4.0,33.0,36.9,12.0,12.5,No,1598.3,2218.8
CUST01839,Pokhara,Residential,Summer,Smart,,6.0,18.3,45.5,8.0,7.6,No,138.0,1289.7
CUST01589,Biratnagar,Residential,Spring,Standard,3898.0,11.0,33.6,76.9,12.0,15.9,No,195.4,1600.3
CUST00108,Bhaktapur,Residential,Spring,Smart,3809.0,9.0,8.5,53.4,7.0,14.5,No,1514.5,1633.0
CUST01076,Bhaktapur,Residential,Winter,Smart,1473.0,6.0,31.2,35.6,3.0,4.7,No,1413.2,1067.5
CUST00498,Lalitpur,Residential,Summer,Smart,5889.0,4.0,20.6,76.2,14.0,4.8,No,,1649.1
CUST00011,Pokhara,Commercial,Summer,Smart,4772.0,7.0,5.1,46.9,12.0,12.1,Yes,786.5,1620.3
CUST01129,Bhaktapur,Office,Winter,Smart,1686.0,8.0,14.8,39.3,6.0,16.0,No,1239.6,1676.8
CUST01180,Bhaktapur,Office,Winter,Smart,4677.0,10.0,11.7,80.7,,16.6,No,112.0,2065.2
CUST00655,Biratnagar,Residential,Spring,Smart,5338.0,10.0,26.6,38.5,8.0,5.4,No,542.7,1351.0
CUST01448,Bhaktapur,Commercial,Winter,Smart,1404.0,4.0,34.3,66.9,19.0,5.8,No,560.8,1493.3
CUST01316,Chitwan,Office,Winter,Smart,5005.0,1.0,23.8,59.1,9.0,8.0,No,1010.6,1667.7
CUST01673,,Office,Winter,Smart,5773.0,12.0,17.8,64.8,11.0,12.5,No,203.9,2093.6
CUST00965,Chitwan,Commercial,Spring,Smart,5519.0,3.0,21.1,86.2,5.0,6.7,Yes,1130.8,1382.9
CUST00073,Lalitpur,Residential,Spring,Smart,3847.0,9.0,24.3,41.5,13.0,17.1,No,647.1,2010.8
CUST00768,Chitwan,Residential,Spring,Smart,4533.0,1.0,9.7,85.7,5.0,4.9,No,135.5,970.8
CUST01232,Biratnagar,Residential,Autumn,Smart,824.0,13.0,29.8,67.0,4.0,14.1,No,937.5,1422.6
CUST01587,Chitwan,Residential,Spring,Smart,3541.0,15.0,34.8,48.5,20.0,15.4,No,982.8,2083.8
CUST01915,Chitwan,Commercial,Autumn,Smart,3268.0,4.0,27.5,85.5,8.0,14.5,No,942.3,1700.8
CUST00482,Bhaktapur,Industrial,Winter,Standard,1588.0,12.0,6.7,51.8,11.0,6.1,No,1568.4,1856.9
CUST01084,Chitwan,Office,Autumn,Smart,3629.0,15.0,14.9,50.0,2.0,5.3,Yes,1371.8,1329.9
CUST00507,Chitwan,Commercial,Winter,Standard,3211.0,4.0,22.4,85.3,19.0,5.5,No,845.1,1747.5
CUST00756,Biratnagar,Office,Summer,Smart,1167.0,10.0,26.7,85.1,13.0,12.3,No,332.6,1648.3
CUST00786,Biratnagar,Residential,Summer,Standard,,5.0,22.7,31.0,7.0,10.6,No,1306.8,1421.2
CUST00020,Pokhara,Industrial,Winter,Smart,1323.0,9.0,6.0,53.2,9.0,17.3,No,480.1,2025.1
CUST01940,Kathmandu,Office,Spring,Smart,5556.0,12.0,7.0,71.8,15.0,12.9,No,365.2,1898.7
CUST00675,Lalitpur,Residential,Autumn,Standard,2646.0,13.0,28.2,60.4,3.0,6.9,No,864.8,1316.9
CUST01623,Pokhara,Office,Summer,Smart,1298.0,13.0,30.5,42.7,4.0,12.9,No,1719.5,1982.1
CUST00312,Biratnagar,Residential,Spring,Smart,825.0,10.0,13.2,86.4,6.0,6.1,No,1146.8,1034.5
CUST01756,Bhaktapur,Commercial,Summer,Smart,5342.0,10.0,9.0,39.3,19.0,2.8,No,837.0,1716.0
CUST00406,Pokhara,Residential,Summer,Standard,2910.0,15.0,9.4,86.0,17.0,13.4,No,104.0,1721.3
CUST01117,Chitwan,Commercial,Summer,Smart,1757.0,7.0,24.0,46.5,3.0,6.9,No,377.1,1144.3
CUST01161,Chitwan,Industrial,Spring,Standard,4267.0,7.0,5.2,88.5,17.0,8.0,No,889.6,1961.7
CUST00310,Chitwan,Industrial,Autumn,Smart,1114.0,14.0,6.0,86.6,3.0,12.8,No,,1623.5
CUST00227,Lalitpur,Residential,Autumn,Smart,3141.0,1.0,23.4,68.8,10.0,15.6,No,575.1,1620.0
CUST01724,Lalitpur,Residential,Summer,Smart,4588.0,2.0,7.3,42.5,16.0,7.2,No,1149.5,1606.9
CUST01006,Chitwan,Residential,Winter,Smart,2363.0,15.0,32.3,67.7,15.0,12.6,No,695.1,1697.3
CUST01552,Kathmandu,Office,Autumn,Smart,3718.0,1.0,,38.6,7.0,14.1,Yes,154.9,1369.1
CUST01850,Biratnagar,Residential,Autumn,Smart,1538.0,12.0,33.2,69.7,9.0,11.0,No,1708.4,1651.7
CUST00846,Chitwan,Residential,Winter,Smart,3648.0,15.0,15.6,52.5,15.0,13.5,No,408.6,1883.3
CUST00149,Pokhara,Residential,Autumn,Smart,4777.0,9.0,16.0,70.5,20.0,11.8,No,952.6,1979.5
CUST00638,Kathmandu,Office,Summer,Smart,,6.0,20.5,48.5,11.0,2.4,No,554.3,1466.0
CUST00728,Bhaktapur,Office,Spring,Standard,5734.0,9.0,20.3,58.4,18.0,4.4,No,945.3,2134.6
CUST01133,Bhaktapur,Industrial,Spring,Smart,4960.0,15.0,30.7,30.3,13.0,9.4,No,252.3,1971.8
CUST00833,Pokhara,Residential,Summer,Smart,5447.0,4.0,21.6,50.1,15.0,17.0,No,1558.4,2231.9
CUST01199,Bhaktapur,Commercial,Summer,Standard,2217.0,13.0,6.1,77.6,20.0,13.3,No,1261.8,2075.1
CUST00576,Kathmandu,Residential,Winter,Smart,4149.0,15.0,5.0,83.4,4.0,16.9,No,818.2,1772.3
CUST00558,Lalitpur,Residential,Autumn,Smart,3738.0,4.0,32.7,72.2,2.0,4.2,No,1238.7,1227.9
CUST00711,Pokhara,Industrial,Spring,Smart,3901.0,12.0,6.5,47.2,14.0,3.4,No,1714.7,1943.6
CUST01279,Pokhara,Residential,Summer,Smart,4247.0,15.0,19.1,87.7,17.0,12.3,Yes,971.9,1790.8
CUST01376,Pokhara,Residential,Winter,Smart,2608.0,8.0,29.9,50.0,11.0,9.3,No,528.3,1375.4
CUST01179,Bhaktapur,Commercial,Summer,Smart,2923.0,11.0,9.2,51.5,18.0,11.4,Yes,1004.1,1938.3
CUST01507,Bhaktapur,Residential,Autumn,Smart,1574.0,9.0,23.2,80.5,5.0,5.6,No,1350.3,1292.0
CUST01390,Kathmandu,Commercial,Autumn,Standard,5242.0,13.0,6.2,76.6,11.0,10.2,No,1070.3,1902.9
CUST00287,Bhaktapur,Residential,Spring,Smart,1882.0,14.0,21.3,81.3,11.0,14.4,No,1199.4,1780.0
CUST01628,Biratnagar,Residential,Autumn,Standard,3190.0,3.0,12.4,78.3,2.0,16.2,No,1275.9,1431.6
CUST00753,Pokhara,Residential,Summer,Smart,5324.0,5.0,30.8,77.1,4.0,10.3,No,780.4,1417.9
CUST00599,Bhaktapur,Residential,Winter,Smart,2940.0,14.0,5.6,34.9,14.0,10.9,No,1125.9,1584.0
CUST00951,Bhaktapur,Residential,Winter,Standard,4671.0,10.0,,39.7,15.0,7.7,No,537.7,1584.8
CUST01008,Chitwan,Office,Spring,Smart,4984.0,14.0,13.6,89.2,11.0,14.3,No,1463.4,2046.6
CUST01661,Chitwan,Office,Autumn,Smart,4061.0,3.0,18.0,54.2,20.0,5.2,No,597.2,1692.5
CUST01611,Lalitpur,Office,Summer,Smart,1684.0,12.0,9.0,49.8,5.0,4.5,Yes,868.5,1199.0
CUST01055,Biratnagar,Commercial,Autumn,Smart,1519.0,5.0,11.4,89.9,14.0,3.0,No,,1286.1
CUST01248,Bhaktapur,Residential,Autumn,Smart,4186.0,1.0,12.9,36.7,17.0,12.3,No,1625.7,1736.0
CUST00005,Biratnagar,Residential,Spring,Standard,732.0,,22.0,75.2,4.0,10.4,No,777.4,789.3
CUST00923,Lalitpur,Office,Autumn,Smart,5795.0,13.0,28.1,82.2,9.0,13.0,Yes,1006.5,1715.8
CUST01303,Pokhara,Office,Autumn,Smart,2835.0,8.0,,66.8,17.0,6.4,No,203.4,1634.2
CUST01222,Lalitpur,Residential,Summer,Smart,2285.0,14.0,6.0,34.5,16.0,8.4,No,1007.6,1539.9
CUST00783,Bhaktapur,Commercial,Summer,Standard,2817.0,4.0,25.2,36.0,3.0,15.6,No,1740.6,1852.1
CUST00610,Chitwan,Residential,Spring,Smart,1804.0,7.0,31.5,89.9,9.0,11.3,No,1768.3,1322.9
CUST01059,,Commercial,Summer,Smart,1163.0,9.0,31.1,43.9,16.0,16.3,Yes,199.2,1726.7
CUST00813,Bhaktapur,Residential,Summer,Standard,2385.0,11.0,22.4,43.2,11.0,13.2,No,1018.0,1826.0
CUST01443,Lalitpur,Residential,Spring,Smart,4241.0,11.0,26.7,46.4,8.0,6.4,No,1069.7,1473.8
CUST01121,Kathmandu,Office,Spring,Smart,5293.0,3.0,32.3,36.4,11.0,9.0,Yes,1453.2,1636.5
CUST00494,Pokhara,Office,Summer,Smart,2164.0,1.0,30.1,36.6,7.0,5.8,No,1625.0,1555.6
CUST01339,Bhaktapur,Commercial,Summer,Smart,5621.0,1.0,10.2,77.6,7.0,9.9,No,747.1,1686.0
CUST00278,Lalitpur,Residential,Autumn,Standard,4939.0,,17.1,76.0,14.0,6.2,No,435.7,1403.2
CUST01876,Biratnagar,Industrial,Autumn,Standard,3032.0,4.0,11.7,85.4,13.0,3.4,No,822.9,1646.3
CUST00359,Bhaktapur,Commercial,Summer,Smart,,8.0,22.7,54.1,6.0,12.9,Yes,1758.9,1748.3
CUST01570,Lalitpur,Residential,Autumn,Smart,5580.0,6.0,24.3,83.2,10.0,3.5,No,795.1,1235.5
CUST00237,Biratnagar,Office,Summer,Standard,5539.0,6.0,16.3,89.4,5.0,2.3,No,1609.1,1600.0
CUST00552,Lalitpur,Residential,Autumn,Smart,604.0,3.0,19.0,55.0,,15.9,No,335.5,1403.4
CUST01897,Pokhara,Office,Winter,Standard,1550.0,4.0,26.3,49.5,6.0,9.7,No,830.2,1330.1
CUST00916,Lalitpur,Commercial,Winter,Smart,3914.0,7.0,17.0,81.5,10.0,13.1,Yes,999.6,1553.0
CUST00209,Chitwan,Office,Winter,Standard,2862.0,12.0,27.6,84.7,2.0,9.5,No,1484.7,1723.2
CUST01407,Chitwan,Commercial,Winter,Smart,2662.0,4.0,18.5,37.2,7.0,4.1,No,823.0,1211.3
CUST01584,Lalitpur,Residential,Spring,Smart,1491.0,11.0,16.8,60.5,19.0,5.9,No,494.9,1259.7
CUST00059,Pokhara,Residential,Spring,Smart,844.0,7.0,6.1,65.7,17.0,10.5,No,1095.2,1467.2
CUST00632,Bhaktapur,Office,Autumn,Smart,5647.0,,24.4,62.8,2.0,6.3,No,493.3,1507.3
CUST01608,Biratnagar,Residential,Spring,Smart,3444.0,12.0,22.2,72.3,11.0,9.6,Yes,1597.6,1444.8
CUST01889,Pokhara,Residential,Autumn,Standard,1576.0,6.0,23.2,38.2,17.0,12.8,Yes,1068.8,1334.1
CUST01601,Kathmandu,Residential,Autumn,Standard,4727.0,,32.3,76.7,17.0,15.6,Yes,411.8,1716.6
CUST00364,Kathmandu,Commercial,Summer,Standard,5763.0,,17.1,72.2,13.0,4.0,No,180.8,1742.2
CUST00506,Lalitpur,Residential,Summer,Smart,4288.0,4.0,28.7,51.0,3.0,5.0,No,1387.3,1308.9
CUST01981,Pokhara,Residential,Spring,Smart,5760.0,9.0,13.7,39.0,12.0,10.7,No,671.5,1393.9
CUST01139,Pokhara,Residential,Winter,Smart,3528.0,13.0,15.0,34.8,15.0,3.5,Yes,308.0,1239.1
CUST01627,Biratnagar,Residential,Autumn,Smart,3388.0,6.0,14.7,77.6,15.0,10.5,No,399.4,1495.9
CUST01234,Lalitpur,Office,Winter,Smart,4922.0,8.0,22.7,40.6,13.0,16.8,No,935.5,2228.3
CUST01646,Bhaktapur,Commercial,Winter,Smart,5513.0,10.0,26.4,42.1,13.0,9.7,Yes,1201.4,1882.8
CUST01890,Chitwan,Office,Summer,Smart,1600.0,12.0,21.7,40.4,13.0,7.5,No,1662.4,1734.2
CUST00944,Biratnagar,Office,Spring,Smart,2630.0,8.0,27.2,73.6,3.0,10.2,No,360.3,1265.3
CUST00119,Kathmandu,Office,Winter,Standard,1731.0,2.0,24.5,65.5,15.0,8.1,No,1650.3,1824.6
CUST01822,Lalitpur,Office,Spring,Standard,4808.0,10.0,18.2,61.3,6.0,16.1,No,1125.9,1994.9
CUST00782,Chitwan,Residential,Spring,Smart,5438.0,10.0,16.3,46.2,3.0,17.0,No,796.4,1646.5
CUST00523,Bhaktapur,Industrial,Autumn,Smart,1661.0,2.0,31.3,58.9,5.0,15.3,No,1621.9,2108.8
CUST00514,,Residential,Autumn,Smart,1686.0,9.0,25.9,74.7,18.0,17.8,No,730.2,1791.5
CUST00082,Chitwan,Commercial,Spring,Standard,2632.0,15.0,14.1,50.4,11.0,9.7,No,630.6,1577.1
CUST01891,Kathmandu,Residential,Winter,Standard,,7.0,24.5,33.3,10.0,2.3,No,159.8,858.5
CUST01034,Biratnagar,Commercial,Winter,Smart,2902.0,1.0,26.5,34.0,7.0,16.6,No,671.8,1709.7
CUST00381,Chitwan,Office,Winter,Smart,4972.0,2.0,26.1,55.6,7.0,2.5,No,224.7,1369.6
CUST01044,Pokhara,Office,Autumn,Smart,2931.0,14.0,,76.8,6.0,2.8,No,260.1,1313.9
CUST01714,Biratnagar,Industrial,Winter,Standard,3630.0,11.0,34.3,32.1,8.0,10.0,Yes,494.0,1809.3
CUST00085,Chitwan,Residential,Winter,Standard,2264.0,5.0,32.9,85.7,16.0,8.7,No,1506.0,1605.7
CUST01703,Bhaktapur,Residential,Autumn,Smart,1707.0,12.0,26.2,76.7,3.0,14.3,No,753.1,1399.0
CUST00988,Biratnagar,Commercial,Winter,Smart,1888.0,7.0,24.4,47.3,20.0,15.7,No,1751.6,2132.5
CUST00330,Chitwan,Residential,Autumn,Smart,4345.0,3.0,33.0,42.4,,12.1,Yes,1589.6,1735.1
CUST00007,Bhaktapur,Residential,Autumn,Smart,5502.0,3.0,15.5,52.1,10.0,9.5,No,1404.2,1638.9
CUST00760,Biratnagar,Residential,Spring,Standard,3346.0,8.0,16.7,33.9,10.0,14.8,No,339.5,1487.8
CUST00773,Kathmandu,Office,Winter,Standard,2652.0,5.0,11.0,52.9,9.0,11.7,No,1785.2,1904.4
CUST00933,Kathmandu,Residential,Spring,Smart,2245.0,4.0,22.2,82.3,17.0,17.7,No,227.6,1646.1
CUST01844,Kathmandu,Residential,Spring,Smart,1482.0,10.0,23.8,40.9,12.0,14.0,No,839.2,1402.4
CUST00452,Kathmandu,Office,Autumn,Standard,4572.0,13.0,21.7,86.7,9.0,11.1,No,1749.9,2084.4
CUST00491,Chitwan,Residential,Winter,Smart,1289.0,15.0,,65.9,19.0,15.7,No,,1843.3
CUST01504,Bhaktapur,Office,Autumn,Smart,3522.0,11.0,29.6,79.8,17.0,9.6,No,676.2,2107.2
CUST00288,Bhaktapur,Commercial,Summer,Standard,3074.0,12.0,21.3,31.3,14.0,13.8,No,328.0,1891.8
CUST01854,Bhaktapur,Office,Spring,Standard,1349.0,4.0,13.6,34.3,11.0,2.2,No,545.6,1116.6
CUST00016,Pokhara,Residential,Winter,Standard,4122.0,1.0,16.2,36.0,3.0,8.3,No,1493.7,1219.4
CUST01388,Kathmandu,Office,Autumn,Smart,3105.0,15.0,26.0,70.1,14.0,13.0,No,1769.8,2372.1
CUST00808,Biratnagar,Residential,Winter,Smart,1759.0,,18.7,50.2,20.0,11.7,Yes,618.3,1189.0
CUST01360,Pokhara,Residential,Autumn,Smart,4825.0,12.0,34.0,41.8,20.0,2.4,No,1722.2,1807.3
CUST00963,Kathmandu,Commercial,Summer,Smart,3971.0,3.0,28.7,47.4,18.0,15.1,No,1409.4,2165.2
CUST01727,Bhaktapur,Commercial,Winter,Smart,707.0,3.0,9.2,73.0,18.0,17.1,No,809.2,1763.3
CUST00814,Biratnagar,Residential,Autumn,Standard,5758.0,11.0,33.4,48.6,8.0,4.6,No,458.4,1342.9
CUST01484,Kathmandu,Residential,Autumn,Smart,4811.0,7.0,19.6,39.4,19.0,16.3,No,1541.5,2010.9
CUST00939,Chitwan,Residential,Spring,Smart,1230.0,12.0,11.0,51.8,16.0,2.6,No,126.7,794.4
CUST01104,Biratnagar,Residential,Winter,Standard,4553.0,12.0,26.5,82.7,5.0,11.5,Yes,1019.1,1736.9
CUST01675,Kathmandu,Commercial,Winter,Smart,1476.0,4.0,7.7,73.3,11.0,17.1,Yes,337.3,1521.8
CUST00328,Chitwan,Residential,Spring,Standard,692.0,13.0,32.1,66.5,3.0,10.1,No,1293.6,1217.6
CUST00443,Chitwan,Residential,Autumn,Smart,2322.0,8.0,9.2,33.1,19.0,5.2,Yes,243.7,993.3
CUST01478,Bhaktapur,Office,Spring,Smart,1065.0,9.0,8.8,69.6,5.0,9.5,No,114.7,1267.5
CUST01095,Biratnagar,Residential,Spring,Smart,3627.0,7.0,27.7,87.2,6.0,12.6,Yes,201.9,1233.6
CUST00943,Lalitpur,Residential,Summer,Smart,4154.0,13.0,28.7,36.9,12.0,4.5,No,1079.5,1523.0
CUST01433,Biratnagar,Office,Winter,Smart,5059.0,13.0,34.3,83.5,14.0,7.2,No,1377.2,2150.8
CUST00178,Kathmandu,Office,Autumn,Standard,1816.0,2.0,9.4,64.5,11.0,5.0,No,1741.5,1390.9
CUST01341,Pokhara,Office,Autumn,Smart,2475.0,3.0,14.6,75.8,6.0,16.3,No,1608.3,1831.8
CUST01365,Pokhara,Residential,Summer,Smart,5333.0,6.0,28.7,34.9,2.0,6.1,Yes,1790.7,1480.3
CUST00087,Kathmandu,Commercial,Spring,Smart,3369.0,14.0,22.3,90.0,7.0,7.7,No,400.4,1532.2
CUST01429,Lalitpur,Commercial,Summer,Smart,1845.0,15.0,,54.6,10.0,15.8,Yes,530.8,1670.3
CUST01930,Kathmandu,Commercial,Winter,Smart,5581.0,6.0,29.6,77.5,20.0,9.1,No,199.4,1983.1
CUST00458,Lalitpur,Residential,Spring,Smart,5406.0,2.0,11.3,66.2,8.0,16.2,Yes,818.4,1378.1
CUST01857,Bhaktapur,Residential,Winter,Standard,5081.0,5.0,12.3,33.5,8.0,17.7,No,1553.5,1876.9
CUST00055,Lalitpur,Commercial,Spring,Smart,1504.0,15.0,29.9,59.7,17.0,15.6,No,923.1,2097.3
CUST01525,Kathmandu,Residential,Spring,Smart,1100.0,11.0,34.3,57.1,3.0,9.1,No,1237.5,1295.2
CUST00644,Chitwan,Commercial,Autumn,Smart,2501.0,5.0,7.7,83.0,11.0,13.4,No,1254.3,1885.2
CUST00678,Bhaktapur,Residential,Summer,Smart,2116.0,11.0,10.6,80.0,11.0,7.2,No,978.3,1456.9
CUST00222,Biratnagar,Residential,Spring,Smart,1371.0,11.0,14.9,73.1,5.0,11.8,No,1672.8,1465.4
CUST00114,Biratnagar,Residential,Autumn,Smart,3182.0,12.0,14.9,86.3,6.0,12.8,No,1119.8,1518.6
CUST01974,Pokhara,Industrial,Winter,Standard,4088.0,10.0,22.2,85.1,16.0,6.6,No,424.4,2122.5
CUST01246,Lalitpur,Residential,Spring,Smart,4869.0,15.0,14.6,55.6,15.0,9.5,No,1610.1,1819.9
CUST01895,Chitwan,Office,Winter,Smart,2386.0,8.0,27.5,82.5,10.0,4.8,No,1562.7,1569.5
CUST00175,Bhaktapur,Commercial,Winter,Smart,3238.0,3.0,30.4,45.3,8.0,14.7,No,1545.2,1999.3
CUST01147,Biratnagar,Industrial,Summer,Smart,743.0,7.0,27.8,88.8,13.0,17.0,No,1716.7,2611.0
CUST00590,Kathmandu,Residential,Summer,Standard,3312.0,10.0,9.4,31.5,8.0,11.5,No,1443.1,1654.2
CUST01583,Biratnagar,Office,Autumn,Smart,1098.0,10.0,26.5,30.4,18.0,6.0,No,952.4,1694.5
CUST00019,Lalitpur,Residential,Autumn,Smart,4289.0,5.0,18.3,34.8,5.0,9.5,No,759.9,1219.2
CUST00424,Chitwan,Office,Autumn,Smart,4236.0,10.0,23.3,86.8,10.0,16.7,No,1254.0,1997.5
CUST01362,Lalitpur,Office,Autumn,Standard,1136.0,7.0,5.6,77.1,16.0,3.4,No,1341.9,1231.8
CUST00286,Kathmandu,Commercial,Spring,Smart,3456.0,13.0,17.3,81.7,17.0,9.1,No,1604.4,2009.1
CUST01607,Bhaktapur,Commercial,Autumn,Smart,5229.0,11.0,20.7,66.3,7.0,7.3,No,305.7,1431.1
CUST00429,Chitwan,Residential,Autumn,Standard,5561.0,7.0,21.5,49.1,11.0,9.3,No,930.1,1753.5
CUST01533,Kathmandu,Office,Summer,Smart,2723.0,7.0,27.4,51.6,5.0,5.4,No,273.5,1342.7
CUST00765,Kathmandu,Commercial,Autumn,Standard,5422.0,6.0,31.2,59.1,10.0,9.5,No,,1582.0
CUST00670,Biratnagar,Residential,Autumn,Standard,3456.0,15.0,15.9,84.1,,11.3,No,198.3,1572.8
CUST00032,Lalitpur,Commercial,Autumn,Smart,5699.0,12.0,5.3,66.7,12.0,10.4,No,156.3,1854.3
CUST01861,Pokhara,Residential,Spring,Smart,829.0,15.0,31.6,84.4,10.0,15.5,Yes,514.0,1571.1
CUST00723,Biratnagar,Commercial,Winter,Smart,1877.0,1.0,29.1,69.8,6.0,17.0,No,1786.2,1858.7
CUST01684,Chitwan,Commercial,Autumn,Standard,2163.0,10.0,33.6,66.3,7.0,9.2,Yes,1648.7,1493.5
CUST00215,Kathmandu,Office,Autumn,Standard,5084.0,7.0,27.9,46.4,9.0,6.9,No,1475.1,1942.9
CUST00830,Pokhara,Residential,Autumn,Standard,2275.0,14.0,16.8,76.3,,17.6,No,210.0,1818.1
CUST01264,Biratnagar,Commercial,Autumn,Smart,2190.0,12.0,19.8,46.2,3.0,10.8,No,1622.8,1511.3
CUST00327,Chitwan,Residential,Summer,Smart,5746.0,14.0,29.4,68.4,16.0,4.1,Yes,1143.0,1680.8
CUST00561,Pokhara,Residential,Summer,Smart,3578.0,13.0,17.0,61.8,17.0,9.0,Yes,1655.7,1856.9
CUST01305,Lalitpur,Residential,Summer,Smart,5683.0,8.0,15.3,75.2,14.0,9.2,No,1107.1,1805.7
CUST00701,Chitwan,Office,Winter,Standard,3701.0,6.0,21.0,55.9,9.0,10.7,No,372.8,1772.0
CUST01164,Biratnagar,Office,Autumn,Smart,5455.0,10.0,32.4,74.9,20.0,9.8,No,85.8,2115.2
CUST01207,Kathmandu,Residential,Autumn,Smart,1049.0,14.0,31.8,49.4,2.0,8.9,No,,1259.9
CUST00342,Pokhara,Commercial,Spring,Standard,4449.0,7.0,33.0,84.1,7.0,5.6,No,1699.4,1625.8
CUST00630,Lalitpur,Office,Spring,Smart,2189.0,9.0,15.5,54.9,8.0,15.7,No,1771.2,1880.4
CUST00148,Biratnagar,Residential,Spring,Smart,2777.0,7.0,13.6,60.8,3.0,16.1,No,503.8,1352.3
CUST01290,Biratnagar,Industrial,Autumn,Smart,2745.0,11.0,13.4,38.3,7.0,7.5,No,1616.5,1890.6
CUST00361,Kathmandu,Commercial,Winter,Smart,727.0,10.0,13.0,84.9,20.0,15.5,No,817.7,1929.8
CUST00084,Chitwan,Office,Spring,Smart,1554.0,3.0,28.4,33.5,7.0,9.4,No,275.6,1221.2
CUST00049,Kathmandu,Residential,Autumn,Smart,4835.0,2.0,28.3,69.1,10.0,11.6,Yes,832.8,1437.6
CUST00469,Chitwan,Industrial,Summer,Smart,2085.0,2.0,28.0,38.4,10.0,7.3,No,444.4,1630.3
CUST00156,Biratnagar,Residential,Autumn,Smart,3303.0,13.0,6.2,53.9,17.0,9.6,No,1433.8,1617.8
CUST00788,Lalitpur,Commercial,Autumn,Smart,,12.0,13.6,51.6,5.0,13.1,No,1172.3,1713.5
CUST01636,Biratnagar,Residential,Autumn,Smart,1392.0,3.0,13.9,75.9,13.0,5.3,No,188.5,864.4
CUST01786,Biratnagar,Residential,Spring,Smart,2614.0,12.0,34.8,71.6,17.0,4.9,No,456.9,1545.5
CUST01423,Chitwan,Residential,Summer,Smart,5099.0,15.0,8.2,75.9,15.0,16.9,No,690.3,2194.0
CUST01405,Biratnagar,Industrial,Spring,Smart,2078.0,8.0,16.9,51.8,20.0,5.5,Yes,187.0,1515.6
CUST01654,Kathmandu,Residential,Summer,Smart,1595.0,7.0,23.6,58.1,20.0,11.1,No,481.3,1680.3
CUST00501,Kathmandu,Residential,Autumn,Standard,4286.0,6.0,10.8,52.3,17.0,6.0,Yes,1460.9,1396.4
CUST01791,Pokhara,Office,Spring,Smart,5552.0,5.0,22.1,57.3,16.0,2.3,Yes,1515.5,1513.7
CUST00180,Kathmandu,Office,Summer,Smart,2409.0,5.0,34.3,85.5,12.0,8.5,Yes,1256.0,1732.0
CUST01062,Biratnagar,Office,Autumn,Smart,1538.0,9.0,21.0,47.8,3.0,10.4,No,684.3,1345.8
CUST01782,Lalitpur,Office,Spring,Smart,1540.0,15.0,11.4,50.7,5.0,6.7,No,475.9,1459.6
CUST00915,Chitwan,Commercial,Spring,Standard,532.0,3.0,34.9,62.7,8.0,6.9,No,712.9,1138.3
CUST00017,Chitwan,Residential,Summer,Standard,2600.0,15.0,11.4,85.9,19.0,4.7,No,725.5,1430.3
CUST01174,Bhaktapur,Office,Summer,Standard,2669.0,14.0,,44.3,15.0,5.2,No,1222.5,1786.7
CUST01643,Biratnagar,Office,Autumn,Standard,1210.0,14.0,18.0,88.9,12.0,5.1,No,379.0,1421.3
CUST00529,Kathmandu,Residential,Autumn,Smart,1939.0,13.0,35.0,40.2,5.0,12.5,No,1143.5,1599.0
CUST00347,Bhaktapur,Commercial,Summer,Standard,2032.0,5.0,,53.0,8.0,14.6,No,1575.7,2057.1
CUST01408,Lalitpur,Residential,Autumn,Smart,2072.0,6.0,16.5,85.4,11.0,16.9,No,631.9,1653.7
CUST01991,Bhaktapur,Residential,Summer,Smart,2209.0,12.0,28.8,61.7,9.0,6.8,No,475.0,1379.8
CUST00937,Pokhara,Commercial,Summer,Standard,4644.0,5.0,32.9,53.7,12.0,3.0,No,1412.7,1720.0
CUST00003,Bhaktapur,Office,Autumn,Smart,1468.0,3.0,25.9,88.2,9.0,16.4,No,721.0,1650.1
CUST01030,Lalitpur,Residential,Spring,Standard,4667.0,11.0,29.4,37.4,16.0,10.4,No,1671.3,2078.0
CUST00602,Pokhara,Residential,Summer,Smart,940.0,11.0,29.4,70.3,9.0,9.5,No,1669.2,1490.4
CUST01064,Pokhara,Residential,Winter,Standard,3503.0,6.0,18.4,30.2,14.0,14.8,No,332.6,1572.6
CUST00244,Kathmandu,Office,Autumn,Smart,3709.0,7.0,9.3,77.4,8.0,14.9,No,1220.1,1889.1
CUST01453,Biratnagar,Commercial,Summer,Smart,3146.0,9.0,21.0,42.9,9.0,3.9,No,1718.8,1551.1
CUST01990,Chitwan,Industrial,Spring,Standard,1563.0,15.0,23.8,82.6,7.0,17.8,No,1430.2,2131.8
CUST01499,Bhaktapur,Office,Spring,Smart,2148.0,15.0,31.6,50.2,14.0,13.5,No,602.4,1915.8
CUST00313,Kathmandu,Residential,Winter,Smart,4240.0,14.0,11.0,63.3,2.0,9.8,No,1730.7,1766.8
CUST00436,Pokhara,Residential,Spring,Smart,3263.0,3.0,33.3,69.9,10.0,3.1,Yes,456.5,881.6
CUST01929,,Office,Autumn,Smart,1579.0,6.0,15.2,40.5,19.0,11.6,No,152.3,1745.2
CUST00953,Biratnagar,Commercial,Autumn,Smart,4103.0,14.0,25.9,60.9,6.0,5.8,Yes,1152.0,1499.5
CUST00309,Lalitpur,Residential,Autumn,Smart,4588.0,7.0,30.7,73.1,9.0,15.2,No,520.9,1733.0
CUST00431,Pokhara,Commercial,Winter,Standard,1629.0,4.0,22.0,73.8,19.0,8.9,No,1141.0,1615.1
CUST00661,Pokhara,Office,Summer,Smart,4928.0,1.0,25.2,34.2,5.0,7.3,No,481.2,1391.3
CUST00371,Biratnagar,Office,Winter,Smart,4044.0,9.0,18.6,67.7,6.0,8.7,No,832.5,1719.5
CUST00567,Biratnagar,Residential,Autumn,Smart,2537.0,11.0,29.9,58.5,12.0,13.1,No,403.8,1600.6
CUST01000,Biratnagar,Office,Winter,Standard,5971.0,8.0,33.0,78.5,16.0,2.9,No,800.5,1720.3
CUST00182,Kathmandu,Residential,Summer,Standard,4370.0,1.0,18.7,52.1,15.0,10.4,No,383.5,1531.9
CUST01622,Kathmandu,Commercial,Spring,Standard,3633.0,10.0,6.5,74.3,12.0,15.3,No,1276.8,1781.1
CUST00622,Pokhara,Office,Winter,Standard,4764.0,9.0,32.0,39.9,7.0,11.1,No,342.9,1864.9
CUST00835,Chitwan,Office,Autumn,Smart,3644.0,2.0,27.3,85.6,3.0,13.2,No,1631.6,1811.1
CUST01348,Kathmandu,Residential,Autumn,Standard,,5.0,34.3,67.0,20.0,13.6,No,351.1,1719.1
CUST01795,Kathmandu,Residential,Winter,Smart,4355.0,3.0,21.2,30.5,7.0,15.5,No,1647.9,1606.0
CUST01442,Chitwan,Residential,Autumn,Smart,2522.0,4.0,12.8,84.6,2.0,9.0,No,238.2,867.7
CUST01869,Lalitpur,Office,Spring,Smart,1219.0,3.0,30.6,49.6,4.0,6.1,No,960.3,1069.7
CUST00941,Pokhara,Residential,Autumn,Standard,2148.0,10.0,25.3,89.6,17.0,2.4,No,1601.9,1349.0
CUST01223,Chitwan,Office,Autumn,Smart,5338.0,1.0,23.4,47.3,14.0,3.1,No,558.1,1614.7
CUST00297,Chitwan,Residential,Winter,Standard,2563.0,7.0,17.1,70.3,11.0,15.4,Yes,1078.8,1614.6
CUST01262,Kathmandu,Office,Autumn,Standard,1125.0,7.0,7.2,49.7,9.0,3.7,No,1309.4,1190.9
CUST00462,Pokhara,Residential,Spring,Smart,1579.0,10.0,10.5,86.7,16.0,10.1,No,1175.0,1410.7
CUST01321,Lalitpur,Industrial,Autumn,Smart,5164.0,12.0,16.3,54.8,12.0,5.1,No,1465.6,1958.8
CUST01194,Chitwan,Office,Spring,Standard,5305.0,9.0,18.4,78.6,8.0,10.5,No,153.5,1621.0
CUST00378,Chitwan,Residential,Summer,Smart,2688.0,2.0,15.0,43.9,12.0,2.4,Yes,260.6,831.9
CUST00799,Bhaktapur,Residential,Autumn,Smart,1937.0,13.0,12.7,89.9,7.0,5.5,No,1078.6,1277.5
CUST01489,Biratnagar,Commercial,Spring,Smart,4906.0,5.0,25.7,81.3,15.0,7.1,No,1438.4,1844.8
CUST00106,Pokhara,Industrial,Summer,Smart,2884.0,13.0,22.1,69.4,18.0,14.3,No,639.3,2481.6
CUST00127,Chitwan,Residential,Summer,Smart,4498.0,7.0,22.6,70.7,14.0,10.3,No,1340.2,1694.1
CUST00995,Biratnagar,Residential,Autumn,Smart,5939.0,5.0,21.8,51.4,19.0,8.5,Yes,621.4,1462.8
CUST00024,Lalitpur,Office,Winter,Smart,1297.0,12.0,26.7,33.3,10.0,16.0,No,872.5,1899.5
CUST00856,Lalitpur,Office,Summer,Smart,641.0,,10.1,45.2,17.0,8.1,No,1493.1,1669.7
CUST00356,Chitwan,Residential,Summer,Standard,5737.0,3.0,30.4,55.8,12.0,9.5,No,742.0,1675.2
CUST01640,Pokhara,Office,Winter,Smart,5003.0,7.0,27.2,41.2,20.0,17.1,No,1411.8,2408.7
CUST00683,Chitwan,Residential,Winter,Smart,2436.0,10.0,8.2,55.4,15.0,4.8,No,547.5,1278.4
CUST01380,Kathmandu,Commercial,Winter,Standard,2559.0,5.0,19.3,81.3,19.0,3.2,No,,1634.9
CUST00890,Pokhara,Industrial,Winter,Smart,3151.0,7.0,19.8,74.2,11.0,9.5,No,795.1,2064.9
CUST00210,Lalitpur,Residential,Winter,Smart,2724.0,1.0,17.7,52.1,16.0,6.3,No,1743.3,1591.0
CUST00987,Kathmandu,Office,Spring,Standard,3548.0,4.0,20.1,88.4,10.0,15.0,No,560.9,1686.4
CUST00141,Lalitpur,Residential,Summer,Smart,723.0,4.0,18.1,48.9,4.0,12.2,No,1512.5,1299.3
CUST01458,Kathmandu,Office,Winter,Standard,3651.0,4.0,21.6,55.9,2.0,14.2,No,1409.3,1804.1
CUST01358,Kathmandu,Residential,Summer,Smart,746.0,13.0,25.4,34.5,3.0,15.6,No,93.9,1442.1
CUST01122,Kathmandu,Residential,Autumn,Smart,2678.0,3.0,31.1,53.5,19.0,8.8,Yes,1413.7,1458.3
CUST01816,Biratnagar,Residential,Spring,Standard,4042.0,5.0,10.6,74.7,16.0,5.1,No,698.0,1480.2
CUST01113,Biratnagar,Residential,Autumn,Smart,3013.0,9.0,10.6,81.6,18.0,13.8,No,214.8,1727.9
CUST00866,Biratnagar,Residential,Spring,Smart,5358.0,10.0,10.6,37.6,17.0,15.5,No,664.2,1786.7
CUST00910,Kathmandu,Office,Summer,Smart,2087.0,2.0,10.3,44.4,13.0,7.1,Yes,953.0,1405.7
CUST00712,Biratnagar,Industrial,Spring,Standard,5944.0,2.0,16.4,76.9,16.0,16.5,No,140.9,2115.3
CUST01285,Bhaktapur,Commercial,Summer,Standard,638.0,9.0,20.6,30.9,,8.3,Yes,110.3,1051.9
CUST01103,Biratnagar,Office,Autumn,Smart,3739.0,7.0,22.0,57.2,18.0,17.5,No,180.6,2100.0
CUST01659,Biratnagar,Commercial,Summer,Standard,,1.0,25.4,80.5,15.0,3.1,Yes,1135.4,1676.1
CUST00011,Pokhara,Commercial,Summer,Smart,4772.0,7.0,5.1,46.9,12.0,12.1,Yes,786.5,1620.3
CUST01720,Biratnagar,Industrial,Winter,Smart,3836.0,5.0,19.2,75.4,8.0,17.7,Yes,1430.0,2136.8
CUST01286,Bhaktapur,Office,Summer,Standard,3006.0,8.0,30.7,37.8,7.0,12.3,No,1030.7,1956.9
CUST00283,Biratnagar,Office,Autumn,Standard,4414.0,1.0,17.3,70.2,4.0,17.3,No,411.1,1626.4
CUST00811,Chitwan,Residential,Autumn,Standard,5094.0,9.0,9.8,84.3,14.0,3.1,No,1104.2,1522.2
CUST01108,Chitwan,Industrial,Winter,Smart,777.0,12.0,7.0,35.7,13.0,14.5,Yes,1621.7,2087.4
CUST00292,Kathmandu,Residential,Spring,Smart,2743.0,3.0,10.1,79.9,5.0,9.3,No,1103.1,1121.0
CUST00755,Pokhara,Commercial,Spring,Smart,2691.0,14.0,33.2,32.2,2.0,14.1,No,876.8,1611.3
CUST00627,Lalitpur,Residential,Summer,Standard,2711.0,13.0,15.9,59.0,11.0,6.4,No,1104.9,1413.9
CUST00964,Kathmandu,Commercial,Summer,Standard,512.0,15.0,19.3,50.4,14.0,7.9,No,1312.0,1722.3
CUST00880,Biratnagar,Residential,Spring,Smart,2610.0,15.0,30.6,48.4,7.0,15.3,No,,1633.3
CUST00130,Kathmandu,Office,Autumn,Smart,3903.0,10.0,15.2,81.0,5.0,12.5,No,1758.0,1844.7
CUST01193,Biratnagar,Office,Summer,Smart,3660.0,,19.3,60.6,20.0,12.9,No,193.2,1914.0
CUST00844,Bhaktapur,Residential,Autumn,Smart,3373.0,14.0,5.1,87.0,20.0,6.4,No,1458.3,1819.4
CUST00324,Pokhara,Commercial,Autumn,Smart,3002.0,7.0,26.9,35.4,7.0,6.9,No,843.5,1258.8
CUST01106,Bhaktapur,Commercial,Autumn,Smart,1745.0,14.0,27.5,45.5,11.0,6.2,Yes,1797.0,1602.7
CUST01477,Biratnagar,Office,Winter,Standard,4618.0,3.0,30.8,39.0,14.0,15.7,No,1574.0,2244.1
CUST01488,Kathmandu,Residential,Autumn,Standard,1613.0,9.0,22.3,69.4,13.0,17.7,No,812.4,1588.1
CUST01894,Kathmandu,Office,Spring,Smart,1123.0,14.0,10.5,52.4,17.0,11.9,No,548.3,1738.0
CUST00006,Lalitpur,Residential,Summer,Smart,2742.0,9.0,24.5,61.5,15.0,2.5,No,1159.5,1389.8
CUST01808,Biratnagar,Residential,Summer,Smart,2171.0,6.0,32.3,34.3,,6.7,No,714.3,1195.6
CUST00696,Kathmandu,Office,Summer,Standard,4029.0,9.0,25.9,37.3,4.0,6.0,Yes,1255.9,1514.4
CUST00216,Bhaktapur,Office,Winter,Smart,5297.0,7.0,26.7,37.9,4.0,10.5,No,213.3,1623.8
CUST01642,Pokhara,Residential,Summer,Smart,1397.0,2.0,28.9,52.5,19.0,9.2,No,,1543.9
CUST01945,Biratnagar,Office,Winter,Smart,1778.0,2.0,16.2,49.4,16.0,13.1,No,1233.3,1782.3
CUST00159,Chitwan,Residential,Autumn,Smart,893.0,6.0,31.1,32.5,11.0,13.0,Yes,1385.8,1221.1
CUST01074,Bhaktapur,Residential,Autumn,Smart,4799.0,14.0,19.2,77.5,3.0,16.1,No,1535.5,1852.5
CUST01779,Chitwan,Residential,Summer,Smart,5541.0,7.0,31.8,70.7,14.0,10.5,No,,1630.3
CUST00969,Kathmandu,Commercial,Spring,Standard,4183.0,11.0,31.9,78.1,11.0,12.1,Yes,766.7,1706.5
CUST00842,Chitwan,Office,Summer,Smart,605.0,2.0,15.4,38.9,6.0,13.3,No,1535.1,1648.9
CUST00635,Bhaktapur,Commercial,Summer,Smart,4041.0,9.0,17.8,53.9,13.0,2.5,No,1157.3,1557.7
CUST00517,Biratnagar,Residential,Autumn,Smart,5444.0,7.0,13.9,42.0,11.0,15.6,No,575.6,1707.9
CUST01449,Biratnagar,Industrial,Autumn,Smart,3526.0,5.0,13.4,70.8,8.0,12.9,No,360.5,1789.5
CUST01544,Biratnagar,Residential,Autumn,Smart,5195.0,12.0,13.1,32.6,15.0,2.6,No,1300.1,1596.3
CUST00598,Biratnagar,Residential,Spring,Smart,5192.0,2.0,25.5,44.3,5.0,6.9,No,1217.5,1303.0
CUST00196,Bhaktapur,Office,Spring,Smart,1941.0,12.0,11.6,40.0,18.0,5.1,No,878.7,1416.0
CUST01667,Kathmandu,Residential,Autumn,Smart,4684.0,11.0,5.9,41.3,10.0,15.3,No,548.3,1576.4
CUST00888,Chitwan,Office,Spring,Smart,5445.0,,15.4,62.0,4.0,5.7,No,845.3,1516.3
CUST00411,Bhaktapur,Office,Autumn,Smart,522.0,4.0,16.4,36.8,3.0,3.1,Yes,509.6,649.6
CUST00097,Pokhara,Residential,Summer,Standard,,11.0,30.6,81.2,14.0,15.4,Yes,1671.8,1844.9
CUST01781,Kathmandu,Office,Summer,Smart,3744.0,14.0,33.4,89.5,3.0,12.2,No,126.9,1810.5
CUST00967,Chitwan,Commercial,Autumn,Standard,5828.0,7.0,24.8,32.5,11.0,12.2,No,565.2,1702.6
CUST00157,Bhaktapur,Office,Summer,Smart,1609.0,2.0,24.8,87.2,19.0,15.4,No,1152.8,2161.9
CUST00420,Biratnagar,Industrial,Autumn,Standard,933.0,2.0,26.6,87.9,11.0,13.8,No,931.3,1910.4
CUST01831,Biratnagar,Commercial,Spring,Smart,5217.0,9.0,10.8,78.8,5.0,17.0,No,1127.6,1860.5
CUST00478,Biratnagar,Commercial,Spring,Smart,1566.0,15.0,,53.9,4.0,10.7,No,1187.7,1627.2
CUST01885,Biratnagar,Residential,Spring,Smart,2001.0,13.0,31.0,75.0,19.0,10.3,No,701.2,1524.5
CUST00669,Bhaktapur,Residential,Summer,Smart,4437.0,15.0,33.0,35.0,10.0,5.1,No,739.6,1610.6
CUST01054,Pokhara,Office,Autumn,Standard,1280.0,9.0,8.7,82.4,11.0,3.6,No,1593.2,1468.3
CUST01902,,Office,Summer,Smart,4518.0,8.0,28.9,75.7,15.0,11.3,No,1347.2,2097.2
CUST01318,Pokhara,Residential,Winter,Smart,1940.0,1.0,25.4,46.7,8.0,13.4,No,1413.9,1511.5
CUST00448,Pokhara,Residential,Spring,Smart,,2.0,12.9,36.5,15.0,2.8,No,177.8,1149.9
CUST00554,Lalitpur,Office,Spring,Smart,645.0,7.0,22.9,85.5,20.0,3.3,No,1748.8,1774.3
CUST00179,Chitwan,Industrial,Summer,Smart,661.0,15.0,14.5,71.7,19.0,14.2,No,1708.9,2517.7
CUST00391,Kathmandu,Residential,Summer,Standard,5775.0,2.0,14.1,84.1,4.0,16.7,No,240.1,1670.3
CUST00579,Bhaktapur,Office,Autumn,Smart,1605.0,11.0,8.1,62.7,3.0,7.5,No,265.5,1143.5
CUST01028,Chitwan,Residential,Spring,Smart,5802.0,12.0,,70.5,17.0,14.8,No,1124.1,2016.5
CUST01732,Bhaktapur,Office,Winter,Standard,3064.0,1.0,30.8,34.5,10.0,4.4,No,1349.4,1374.1
CUST01306,Chitwan,Commercial,Summer,Smart,5562.0,5.0,19.9,63.2,6.0,9.0,No,506.0,1651.8
CUST01668,Biratnagar,Industrial,Autumn,Standard,1207.0,11.0,27.5,41.5,6.0,9.6,No,861.3,1823.4
CUST00917,Kathmandu,Office,Autumn,Standard,1656.0,6.0,23.5,70.7,18.0,14.0,No,806.8,1900.9
CUST00821,Pokhara,Industrial,Summer,Standard,1447.0,8.0,29.6,46.3,19.0,11.4,No,1793.4,2345.3
CUST01853,Chitwan,Industrial,Winter,Smart,858.0,14.0,6.1,36.8,16.0,14.1,No,682.4,2045.2
CUST01005,Pokhara,Office,Spring,Standard,5038.0,7.0,10.9,31.3,16.0,17.0,Yes,742.9,1786.1
CUST01068,Pokhara,Commercial,Autumn,Standard,5970.0,2.0,29.7,71.4,11.0,10.2,No,713.4,1668.2
CUST00665,Pokhara,Industrial,Autumn,Smart,,15.0,7.8,80.3,7.0,9.9,No,290.5,1742.7
CUST00143,Pokhara,Residential,Summer,Standard,735.0,9.0,15.2,86.9,15.0,14.3,No,1461.9,1757.6
CUST01616,Kathmandu,Commercial,Summer,Smart,2208.0,9.0,19.6,46.3,18.0,15.2,No,1055.1,2131.6
CUST01450,Pokhara,Office,Autumn,Smart,2528.0,5.0,33.6,51.1,19.0,9.9,No,909.2,1729.8
CUST00865,Kathmandu,Office,Spring,Smart,3505.0,1.0,11.1,74.7,7.0,3.3,No,1281.6,1231.2
CUST00422,Lalitpur,Residential,Spring,Smart,5468.0,15.0,30.4,82.8,19.0,13.8,No,866.2,2130.6
CUST00637,Pokhara,Residential,Winter,Smart,3523.0,2.0,11.4,90.0,10.0,3.8,No,1142.8,1243.6
CUST01753,Bhaktapur,Residential,Winter,Standard,5090.0,4.0,20.3,69.0,18.0,8.6,Yes,,1444.1
CUST00800,Biratnagar,Industrial,Autumn,Smart,3852.0,10.0,12.9,67.8,17.0,12.0,No,646.4,2252.6
CUST01300,Lalitpur,Residential,Summer,Smart,4920.0,4.0,19.2,62.8,9.0,4.1,No,1563.1,1418.0
CUST00616,Bhaktapur,Commercial,Spring,Smart,5628.0,2.0,13.4,48.9,6.0,5.5,No,699.0,1325.5
CUST00295,Kathmandu,Residential,Spring,Smart,1205.0,4.0,23.1,40.8,4.0,12.8,No,1744.6,1273.8
CUST00942,Chitwan,Industrial,Autumn,Smart,4728.0,3.0,21.8,89.7,16.0,15.8,No,963.9,2440.2
CUST01356,Lalitpur,Office,Autumn,Standard,5012.0,15.0,21.3,36.1,17.0,5.7,Yes,550.1,1793.8
CUST01933,Chitwan,Industrial,Autumn,Smart,3347.0,13.0,15.2,87.1,11.0,13.4,No,782.4,2172.5
CUST00089,Biratnagar,Residential,Autumn,Smart,1167.0,14.0,29.7,76.3,16.0,4.9,No,1229.8,1344.2
CUST00042,Bhaktapur,Residential,Spring,Smart,5722.0,1.0,23.2,66.5,16.0,7.3,Yes,1421.5,1573.3
CUST01830,Bhaktapur,Office,Spring,Standard,2594.0,14.0,33.7,60.9,17.0,13.3,Yes,1104.3,2007.8
CUST01964,Bhaktapur,Commercial,Spring,Smart,4012.0,2.0,5.8,75.9,4.0,4.7,No,698.3,1221.3
CUST00132,Biratnagar,Residential,Spring,Smart,5508.0,8.0,13.9,82.2,18.0,16.1,Yes,1653.9,1973.3
CUST01800,Chitwan,Residential,Autumn,Smart,4298.0,1.0,,70.1,15.0,10.0,Yes,1549.9,1437.1
CUST01010,Chitwan,Office,Spring,Standard,646.0,5.0,12.9,49.9,7.0,9.7,Yes,1747.5,1222.2
CUST01085,Biratnagar,Commercial,Autumn,Standard,604.0,2.0,13.1,46.3,20.0,10.8,No,966.3,1507.5
CUST01884,Pokhara,Commercial,Autumn,Smart,5495.0,13.0,31.3,35.5,12.0,10.4,No,587.6,1966.1
CUST01363,Lalitpur,Office,Winter,Standard,4275.0,5.0,21.4,59.1,9.0,17.8,Yes,1685.7,2128.4
CUST01522,Chitwan,Residential,Spring,Smart,5108.0,9.0,31.8,57.4,11.0,9.8,No,643.6,1639.4
CUST00165,Kathmandu,Residential,Winter,Smart,632.0,10.0,8.4,58.1,9.0,10.6,No,988.8,1326.0
CUST00725,Chitwan,Commercial,Autumn,Smart,2449.0,11.0,17.2,32.7,16.0,17.3,No,1734.6,2135.4
CUST00291,Chitwan,Commercial,Spring,Standard,2394.0,7.0,19.9,54.9,15.0,16.8,No,825.4,1948.5
CUST01160,Chitwan,Industrial,Autumn,Standard,3880.0,3.0,32.3,81.3,10.0,5.9,Yes,1575.5,1718.4
CUST01559,Bhaktapur,Residential,Autumn,Standard,4928.0,2.0,18.4,56.1,6.0,17.9,No,327.1,1492.1
CUST01927,Kathmandu,Residential,Winter,Smart,5219.0,8.0,15.3,51.6,12.0,12.9,No,1002.0,1751.3
CUST01035,Pokhara,Office,Spring,Smart,996.0,15.0,25.4,83.7,9.0,3.5,No,1584.3,1506.4
CUST01381,Lalitpur,Residential,Summer,Smart,3986.0,3.0,14.5,85.6,9.0,5.6,No,188.3,1213.5
CUST00779,Biratnagar,Commercial,Autumn,Smart,2390.0,9.0,20.0,79.3,5.0,12.4,No,1043.2,1727.1
CUST00840,Biratnagar,Office,Autumn,Smart,1267.0,8.0,26.5,36.4,16.0,9.5,No,1071.3,1734.3
CUST00349,Bhaktapur,Commercial,Autumn,Smart,2377.0,10.0,33.3,72.6,18.0,17.8,No,1163.8,2242.5
CUST01975,,Commercial,Summer,Standard,1261.0,5.0,31.7,54.0,18.0,8.0,No,169.5,1620.8
CUST00572,Kathmandu,Office,Autumn,Smart,2761.0,10.0,13.9,79.0,10.0,16.9,No,366.8,1777.7
CUST00918,Chitwan,Residential,Winter,Smart,3626.0,2.0,16.0,47.8,11.0,4.4,No,568.9,1193.0
CUST01203,Pokhara,Office,Spring,Standard,4074.0,11.0,24.6,55.7,12.0,3.9,Yes,882.6,1343.7
CUST01917,Bhaktapur,Residential,Autumn,Standard,1711.0,15.0,11.1,58.9,8.0,8.4,No,438.3,1203.8
CUST01491,Lalitpur,Industrial,Summer,Smart,3519.0,15.0,,49.6,12.0,10.5,Yes,1711.9,2144.9
CUST01615,Biratnagar,Residential,Autumn,Standard,1416.0,,6.5,52.5,14.0,18.0,No,1287.2,1628.9
CUST01336,Bhaktapur,Residential,Autumn,Smart,4911.0,6.0,11.0,47.6,5.0,14.8,No,628.2,1470.3
CUST01873,Chitwan,Residential,Winter,Smart,1600.0,6.0,11.3,58.1,17.0,14.1,No,795.8,1795.1
CUST00137,Lalitpur,Office,Spring,Standard,4991.0,12.0,33.0,63.8,7.0,5.0,No,1027.4,1821.2
CUST00459,Biratnagar,Office,Spring,Smart,2962.0,8.0,31.5,64.7,9.0,15.4,No,1480.5,1908.3
CUST00376,Kathmandu,Residential,Summer,Smart,4549.0,11.0,19.9,57.7,16.0,14.4,No,1607.9,2099.4
CUST01361,Bhaktapur,Industrial,Winter,Smart,1291.0,14.0,12.8,59.1,8.0,9.9,No,1311.8,2091.2
CUST00334,Bhaktapur,Commercial,Spring,Standard,980.0,14.0,27.2,80.1,,15.0,No,556.9,1854.9
CUST01325,Bhaktapur,Office,Spring,Smart,4651.0,6.0,31.2,66.8,2.0,11.2,No,957.9,1693.1
CUST01177,Pokhara,Residential,Spring,Standard,1679.0,15.0,8.0,42.4,2.0,15.0,No,816.6,1446.0
CUST01953,Chitwan,Office,Winter,Standard,1861.0,14.0,22.3,36.1,3.0,4.5,No,1746.3,1465.7
CUST01787,Biratnagar,Commercial,Spring,Smart,2177.0,9.0,25.4,85.0,14.0,12.3,No,1563.7,1819.2
CUST01952,Lalitpur,Commercial,Autumn,Standard,5689.0,8.0,26.2,30.2,9.0,15.5,Yes,1558.5,1889.4
CUST00817,Chitwan,Residential,Winter,Standard,1576.0,11.0,14.9,43.1,19.0,15.4,No,1753.4,2084.2
CUST01132,Chitwan,Commercial,Summer,Smart,5105.0,8.0,8.7,88.7,11.0,8.9,No,794.8,1940.1
CUST00606,Bhaktapur,Office,Winter,Smart,3786.0,6.0,20.4,42.7,3.0,15.9,Yes,870.5,1536.0
CUST01886,Pokhara,Residential,Autumn,Standard,4294.0,,18.5,40.5,9.0,16.0,No,1151.0,1769.5
CUST01928,Kathmandu,Industrial,Summer,Standard,4056.0,7.0,28.6,47.6,5.0,6.3,No,965.7,1811.9
CUST01335,Lalitpur,Office,Summer,Smart,2182.0,12.0,27.9,39.7,11.0,4.0,No,1750.8,1781.7
CUST00911,Biratnagar,Office,Autumn,Smart,4521.0,13.0,17.6,43.3,13.0,7.0,No,668.5,1850.9
CUST01960,Pokhara,Residential,Summer,Smart,687.0,4.0,33.6,38.7,6.0,5.9,No,744.0,1073.4
CUST01226,Kathmandu,Residential,Spring,Smart,795.0,15.0,27.7,66.7,12.0,16.8,No,542.8,1696.9
CUST00329,Chitwan,Residential,Autumn,Standard,3174.0,10.0,5.5,39.2,17.0,13.1,Yes,1505.6,1687.1
CUST01690,Bhaktapur,Residential,Autumn,Standard,4372.0,12.0,22.3,47.4,14.0,12.7,Yes,,1752.2
CUST00319,Biratnagar,Office,Spring,Standard,4196.0,7.0,17.2,84.3,14.0,7.8,Yes,296.7,1500.2
CUST01553,Chitwan,Office,Summer,Standard,4257.0,12.0,29.8,36.1,5.0,10.4,No,1397.2,2087.6
CUST01545,Lalitpur,Office,Spring,Standard,3838.0,10.0,22.7,43.0,15.0,15.8,Yes,577.5,1790.1
CUST01759,,Residential,Autumn,Smart,3939.0,13.0,13.7,81.6,16.0,3.4,No,1710.9,1679.1
CUST00168,Pokhara,Commercial,Winter,Smart,4270.0,1.0,15.4,46.4,4.0,4.3,No,1131.3,1156.2
CUST00013,Chitwan,Residential,Summer,Smart,1969.0,12.0,8.4,48.2,13.0,14.1,No,874.6,1780.0
CUST01957,Lalitpur,Commercial,Spring,Smart,1792.0,4.0,17.9,60.8,17.0,17.8,No,1151.2,1955.5
CUST00172,Pokhara,Residential,Summer,Smart,3763.0,15.0,18.6,77.9,10.0,10.0,No,679.2,1731.7
CUST00650,Bhaktapur,Office,Winter,Smart,2652.0,6.0,7.3,81.3,2.0,17.0,No,377.5,1666.1
CUST01524,Lalitpur,Industrial,Winter,Smart,2832.0,15.0,8.9,75.3,7.0,3.8,No,641.6,1792.4
CUST00261,Kathmandu,Residential,Autumn,Smart,2874.0,13.0,31.9,68.1,10.0,2.4,No,1214.6,1274.9
CUST01231,Kathmandu,Office,Autumn,Standard,4798.0,7.0,30.4,80.9,9.0,5.5,No,1225.4,1673.3
CUST01430,,Office,Autumn,Smart,1689.0,4.0,14.5,89.3,4.0,7.3,No,1643.2,1481.4
CUST00902,Biratnagar,Commercial,Autumn,Standard,1441.0,10.0,31.5,55.9,4.0,12.0,No,1325.4,1574.7
CUST00673,Bhaktapur,Commercial,Autumn,Smart,2333.0,3.0,18.2,81.1,13.0,3.7,No,1631.4,1333.7
CUST00259,Pokhara,Commercial,Spring,Smart,5828.0,5.0,19.0,42.3,14.0,11.8,No,553.1,1797.3
CUST00845,Bhaktapur,Office,Winter,Standard,3846.0,6.0,18.5,89.8,11.0,2.1,No,1432.5,1571.9
CUST00868,Pokhara,Office,Spring,Smart,5219.0,1.0,9.2,72.6,15.0,15.8,No,1728.0,2153.3
CUST01212,Bhaktapur,Residential,Winter,Smart,5953.0,12.0,34.5,54.3,20.0,3.2,Yes,645.4,1544.2
CUST00139,Bhaktapur,Commercial,Autumn,Smart,901.0,2.0,20.8,38.3,16.0,8.5,Yes,907.5,1292.7
CUST00894,Bhaktapur,Commercial,Winter,Smart,4308.0,14.0,12.3,78.6,9.0,6.7,No,297.6,1592.0
CUST01866,Kathmandu,Office,Winter,Smart,5222.0,3.0,10.3,64.2,8.0,2.3,No,310.4,1394.1
CUST00550,Bhaktapur,Residential,Winter,Standard,1056.0,9.0,27.6,34.4,9.0,7.7,No,783.2,1315.6
CUST00320,Pokhara,Residential,Autumn,Standard,4396.0,4.0,8.4,77.7,9.0,2.3,No,465.5,1008.7
CUST01550,Bhaktapur,Residential,Spring,Smart,3632.0,5.0,12.1,42.8,17.0,11.1,Yes,967.6,1494.2
CUST01329,Kathmandu,Office,Spring,Standard,3340.0,11.0,14.0,44.0,,11.0,Yes,638.6,1399.5
CUST01828,Pokhara,Office,Winter,Standard,3859.0,13.0,26.8,65.5,12.0,5.2,No,290.5,1778.8
CUST00559,Bhaktapur,Commercial,Winter,Smart,1145.0,6.0,21.5,45.6,14.0,12.7,No,198.4,1613.2
CUST00140,Kathmandu,Residential,Autumn,Smart,1474.0,2.0,26.7,65.5,13.0,13.2,No,1502.7,1494.0
CUST01761,Lalitpur,Commercial,Spring,Smart,3097.0,8.0,32.1,42.1,14.0,13.5,No,953.5,1841.7
CUST00532,Bhaktapur,Commercial,Winter,Smart,555.0,9.0,16.3,77.3,3.0,12.3,No,1682.2,1633.7
CUST00225,Bhaktapur,Residential,Winter,Standard,2310.0,1.0,34.4,63.6,14.0,6.0,No,1467.3,1541.3
CUST00724,Chitwan,Office,Winter,Smart,5773.0,3.0,10.4,54.9,4.0,17.9,No,1375.3,1933.4
CUST00787,Kathmandu,Commercial,Spring,Standard,949.0,13.0,11.0,78.9,19.0,13.9,No,1404.5,1877.3
CUST01743,Lalitpur,Commercial,Summer,Smart,2218.0,15.0,11.2,57.1,16.0,11.7,No,1443.7,1888.4
CUST01178,Lalitpur,Commercial,Summer,Smart,3809.0,6.0,32.7,67.4,10.0,6.9,No,1276.9,1849.6
CUST00410,Pokhara,Office,Autumn,Standard,3434.0,14.0,24.9,63.8,19.0,2.5,No,963.0,1759.6
CUST00326,Bhaktapur,Residential,Autumn,Smart,4308.0,14.0,33.6,47.0,17.0,8.3,No,1245.0,1929.9
CUST01546,Chitwan,Residential,Winter,Smart,3088.0,11.0,23.3,88.3,18.0,7.8,No,186.7,1659.5
CUST00300,Bhaktapur,Residential,Summer,Standard,3487.0,15.0,28.1,80.1,16.0,8.5,Yes,1583.5,1784.3
CUST01281,Kathmandu,Residential,Autumn,Smart,5325.0,6.0,16.9,40.5,3.0,17.9,No,1151.0,1534.6
CUST01158,Lalitpur,Commercial,Summer,Standard,2515.0,12.0,10.3,54.0,17.0,8.3,Yes,851.8,1613.3
CUST00026,Biratnagar,Commercial,Winter,Standard,3350.0,5.0,14.3,79.2,18.0,9.9,No,619.1,1931.5
CUST01888,Bhaktapur,Commercial,Spring,Standard,3580.0,8.0,17.8,31.7,15.0,2.7,No,1663.0,1607.3
CUST00715,Bhaktapur,Office,Summer,Smart,5785.0,3.0,27.3,85.0,7.0,2.9,Yes,509.2,1403.6
CUST00847,Pokhara,Residential,Autumn,Standard,3648.0,5.0,,65.9,13.0,15.3,No,1198.3,1896.8
CUST00194,Biratnagar,Residential,Spring,Smart,2166.0,6.0,30.8,66.0,10.0,14.9,No,,1631.6
CUST00441,Biratnagar,Residential,Spring,Standard,5911.0,13.0,20.2,37.0,18.0,14.2,No,849.7,1922.7
CUST00574,Lalitpur,Commercial,Autumn,Smart,1456.0,12.0,26.8,59.8,13.0,11.8,No,665.1,1522.8
CUST00947,Bhaktapur,Residential,Autumn,Smart,4866.0,2.0,21.0,36.3,17.0,7.5,Yes,820.9,1223.6
CUST00998,Kathmandu,Office,Summer,Standard,1612.0,3.0,30.5,84.6,19.0,8.5,No,1612.1,1914.0
CUST00504,Biratnagar,Office,Autumn,Standard,810.0,7.0,20.9,55.2,20.0,11.0,No,191.8,1430.0
CUST01190,Bhaktapur,Residential,Spring,Smart,5586.0,6.0,,69.0,18.0,5.7,No,1517.2,1807.3
CUST01903,Chitwan,Office,Autumn,Smart,1829.0,2.0,23.9,62.7,16.0,14.7,No,680.5,1768.3
CUST01814,Biratnagar,Residential,Spring,Standard,753.0,15.0,31.3,47.7,19.0,2.6,No,559.8,1194.4
CUST00004,Biratnagar,Office,Winter,Smart,868.0,11.0,17.5,32.3,12.0,2.8,No,1341.3,1429.1
CUST01269,Lalitpur,Residential,Spring,Standard,4802.0,8.0,12.0,46.4,2.0,11.9,No,252.5,1371.2
CUST00468,Lalitpur,Residential,Spring,Standard,5676.0,10.0,25.9,80.0,19.0,8.9,No,117.9,1590.9
CUST00006,Lalitpur,Residential,Summer,Smart,2742.0,9.0,24.5,61.5,15.0,2.5,No,1159.5,1389.8
CUST01394,Kathmandu,Commercial,Summer,Smart,4551.0,4.0,22.6,48.9,11.0,15.7,No,1267.2,1982.6
CUST00548,Bhaktapur,Industrial,Summer,Smart,2415.0,2.0,9.7,37.2,19.0,4.3,No,427.3,1739.9
CUST00229,Pokhara,Commercial,Summer,Smart,3891.0,9.0,7.1,77.7,16.0,10.3,Yes,241.9,1686.3
CUST00543,Biratnagar,Commercial,Spring,Standard,5397.0,7.0,17.2,65.4,4.0,2.3,No,648.2,1276.7
CUST00243,Kathmandu,Office,Spring,Smart,2272.0,4.0,13.7,36.2,9.0,11.5,No,645.6,1630.8
CUST00899,Bhaktapur,Residential,Autumn,Smart,1245.0,13.0,9.4,36.7,2.0,14.8,No,1402.8,1397.5
CUST01778,,Office,Summer,Standard,5317.0,3.0,22.2,54.2,11.0,5.4,Yes,534.7,1614.9
CUST01209,Lalitpur,Residential,Spring,Smart,5163.0,5.0,29.2,54.9,4.0,2.7,Yes,878.5,1003.2
CUST01790,Pokhara,Residential,Autumn,Smart,2784.0,3.0,30.3,47.1,2.0,2.6,No,803.3,923.8
CUST00843,Lalitpur,Residential,Summer,Standard,4416.0,13.0,10.2,68.2,14.0,8.3,No,1188.6,1772.4
CUST01702,Bhaktapur,Residential,Spring,Standard,3527.0,1.0,6.4,53.1,11.0,14.5,No,183.3,1259.9
CUST01713,Pokhara,Industrial,Winter,Smart,2974.0,13.0,32.0,50.7,12.0,3.6,No,161.4,1780.6
CUST02000,Lalitpur,Residential,Winter,Smart,3604.0,14.0,8.2,61.2,17.0,6.7,Yes,1117.0,1335.2
CUST00662,Kathmandu,Commercial,Winter,Standard,5752.0,5.0,7.2,64.2,6.0,9.1,No,1184.8,1588.2
CUST00029,Kathmandu,Commercial,Summer,Smart,3806.0,12.0,30.0,35.5,3.0,7.8,No,408.5,1491.6
CUST00315,Kathmandu,Residential,Spring,Smart,4277.0,4.0,28.9,88.6,7.0,5.8,No,202.2,1181.8
CUST00692,Pokhara,Residential,Spring,Smart,1292.0,2.0,24.4,66.4,9.0,17.7,No,1305.9,1679.4
CUST01527,Bhaktapur,Residential,Winter,Standard,4784.0,8.0,31.8,45.6,12.0,10.1,No,742.9,1649.1
CUST00425,Kathmandu,Commercial,Spring,Smart,4539.0,12.0,29.6,50.5,20.0,10.6,No,160.2,1731.6
CUST00595,Pokhara,Residential,Summer,Standard,3087.0,2.0,31.1,48.4,14.0,8.4,No,462.5,1383.2
CUST01994,Pokhara,Residential,Summer,Smart,5705.0,14.0,26.3,78.0,10.0,8.3,No,197.8,1879.9
CUST00623,Biratnagar,Commercial,Autumn,Smart,3633.0,4.0,23.7,54.2,13.0,2.6,No,136.3,1279.2
CUST01188,Lalitpur,Residential,Winter,Smart,2877.0,13.0,29.3,46.7,4.0,16.9,Yes,864.7,1489.9
CUST01058,Kathmandu,Commercial,Summer,Standard,1926.0,11.0,13.3,79.4,16.0,16.7,No,1274.1,2157.7
CUST00228,Biratnagar,Residential,Summer,Smart,2728.0,1.0,18.0,87.2,19.0,11.3,Yes,132.7,1282.3
CUST01135,Lalitpur,Office,Spring,Standard,5702.0,5.0,33.4,48.4,17.0,12.8,No,953.3,1979.6
CUST01823,Lalitpur,Industrial,Winter,Smart,3381.0,11.0,13.9,85.3,19.0,16.6,No,941.3,2658.3
CUST01115,Kathmandu,Office,Summer,Standard,3301.0,3.0,29.9,85.0,20.0,7.6,No,717.8,1892.1
CUST00067,Lalitpur,Residential,Spring,Standard,4494.0,3.0,34.4,82.4,16.0,4.4,No,,1529.7
CUST00025,Chitwan,Office,Spring,Smart,1279.0,5.0,25.9,47.1,3.0,5.3,No,1723.4,1111.1
CUST00145,Bhaktapur,Industrial,Winter,Standard,4711.0,2.0,22.3,82.6,4.0,11.9,No,736.1,1928.6
CUST00537,Kathmandu,Commercial,Spring,Standard,4971.0,15.0,5.7,62.7,17.0,14.9,No,769.1,2077.2
CUST00812,Kathmandu,Office,Autumn,Smart,3068.0,10.0,,32.2,5.0,17.9,No,1498.9,1903.3
CUST01767,Biratnagar,Commercial,Winter,Smart,3840.0,7.0,20.7,74.3,2.0,14.5,No,274.7,1623.8
CUST00086,Pokhara,Office,Winter,Smart,4958.0,6.0,12.4,43.4,13.0,14.5,No,1388.9,2256.9
CUST01351,Biratnagar,Commercial,Autumn,Smart,1476.0,9.0,22.1,89.0,2.0,9.1,No,606.3,1191.5
CUST01201,Pokhara,Office,Winter,Standard,5808.0,4.0,11.9,68.8,8.0,9.9,No,1113.0,1814.0
CUST01086,Bhaktapur,Commercial,Winter,Smart,4067.0,3.0,20.3,62.9,17.0,3.8,No,228.8,1468.4
CUST01833,Biratnagar,Residential,Autumn,Smart,5022.0,15.0,29.3,66.9,16.0,12.2,No,1200.0,2122.9
CUST01936,Kathmandu,Office,Summer,Standard,5388.0,8.0,27.9,70.4,17.0,6.8,No,1127.9,2109.3
CUST01392,Biratnagar,Commercial,Summer,Smart,5068.0,4.0,33.1,77.8,7.0,2.6,No,346.8,1450.4
CUST01162,Biratnagar,Commercial,Spring,Standard,4270.0,11.0,27.1,56.4,5.0,6.8,No,1753.4,1424.0
CUST00363,Biratnagar,Residential,Winter,Smart,1569.0,15.0,32.8,55.4,6.0,11.2,No,1076.5,1583.9
CUST01700,Kathmandu,Office,Winter,Standard,4053.0,12.0,7.7,70.7,13.0,12.1,No,1451.0,2101.1
CUST01170,Pokhara,Residential,Autumn,Smart,1574.0,9.0,31.3,75.4,5.0,11.9,No,373.3,1356.1
CUST01027,Bhaktapur,Commercial,Autumn,Standard,3723.0,11.0,13.9,53.9,9.0,4.1,No,1354.9,1533.3
CUST01031,Bhaktapur,Residential,Spring,Smart,,7.0,26.6,60.0,14.0,10.2,No,1029.2,1628.6
CUST01235,Pokhara,Office,Spring,Standard,1486.0,8.0,26.6,82.4,7.0,8.0,No,831.7,1381.1
CUST01515,Pokhara,Commercial,Spring,Standard,2676.0,15.0,20.4,72.9,15.0,17.8,No,630.0,2157.4
CUST01088,Lalitpur,Residential,Spring,Smart,4890.0,14.0,20.4,89.6,16.0,5.3,No,1513.2,1824.4
CUST00666,Pokhara,Office,Summer,Standard,3282.0,11.0,34.7,63.3,6.0,6.8,No,1459.6,1646.3
CUST00365,Chitwan,Residential,Summer,Standard,5227.0,3.0,31.7,86.6,15.0,13.0,No,337.4,2016.4
CUST00078,Lalitpur,Residential,Spring,Standard,4451.0,6.0,18.9,67.3,15.0,17.8,No,1270.7,1955.3
CUST00028,Kathmandu,Commercial,Summer,Smart,2393.0,12.0,13.2,81.3,10.0,8.4,No,473.6,1484.9
CUST01457,Pokhara,Office,Autumn,Standard,1985.0,14.0,10.7,88.2,10.0,15.0,No,1794.0,2092.5
CUST00526,Lalitpur,Residential,Autumn,Standard,4433.0,1.0,18.9,89.4,12.0,3.6,No,674.8,1180.5
CUST01898,Pokhara,Residential,Winter,Smart,5689.0,6.0,6.4,39.0,20.0,9.3,No,282.2,1637.7
CUST00056,Biratnagar,Office,Spring,Smart,5952.0,2.0,18.3,66.6,13.0,6.1,No,702.3,1528.3
CUST00639,Lalitpur,Industrial,Winter,Smart,5021.0,5.0,27.1,83.1,18.0,6.4,No,167.7,2191.8
CUST00303,Bhaktapur,Office,Autumn,Smart,4185.0,3.0,29.6,62.0,18.0,14.9,No,1508.9,2196.8
CUST00719,Kathmandu,Commercial,Winter,Smart,2439.0,9.0,21.4,45.0,9.0,3.6,No,695.6,1368.7
CUST00625,Biratnagar,Residential,Autumn,Smart,1965.0,15.0,10.6,54.1,14.0,11.8,No,1765.1,1645.9
CUST00008,Bhaktapur,Residential,Spring,Smart,3583.0,12.0,32.5,34.0,2.0,16.2,No,1022.9,1722.8
CUST00804,,Residential,Autumn,Smart,3259.0,7.0,,64.5,8.0,5.7,Yes,1795.1,1324.4
CUST01050,Chitwan,Office,Spring,Smart,1715.0,12.0,7.9,42.2,20.0,2.4,No,1603.2,1599.6
CUST00337,Bhaktapur,Industrial,Autumn,Smart,4935.0,14.0,22.1,86.5,7.0,9.0,Yes,1638.6,2125.4
CUST00048,Pokhara,Commercial,Autumn,Smart,3121.0,12.0,27.0,30.3,,10.4,No,877.0,1651.4
CUST01503,Pokhara,Commercial,Spring,Standard,2779.0,11.0,16.4,39.2,13.0,2.0,No,397.4,1295.0
CUST00107,Bhaktapur,Commercial,Summer,Smart,1309.0,4.0,7.0,41.7,11.0,15.6,No,1168.3,1621.6
CUST00350,Kathmandu,Office,Autumn,Smart,4472.0,13.0,6.9,69.7,14.0,11.5,No,1769.5,2112.4
CUST01080,Chitwan,Commercial,Summer,Smart,1799.0,4.0,5.4,44.4,12.0,14.7,Yes,678.7,1467.9
CUST00239,Lalitpur,Residential,Winter,Smart,1818.0,7.0,28.8,82.5,3.0,16.2,No,556.8,1472.5
CUST00214,Kathmandu,Residential,Winter,Smart,1337.0,9.0,28.5,54.5,15.0,10.8,No,1743.9,1645.5
CUST01271,Kathmandu,Residential,Summer,Standard,5111.0,13.0,18.8,36.8,18.0,6.0,No,708.4,1692.9
CUST01315,Bhaktapur,Residential,Summer,Smart,2572.0,5.0,17.8,66.3,8.0,13.4,No,583.1,1408.8
CUST00794,Pokhara,Office,Spring,Smart,2349.0,10.0,33.3,87.0,,13.2,No,1460.3,1887.4
CUST01097,Kathmandu,Residential,Autumn,Standard,4314.0,3.0,12.0,84.8,9.0,6.7,No,894.4,1328.3
CUST01197,Kathmandu,Office,Spring,Smart,3086.0,12.0,14.5,63.9,17.0,10.3,No,430.4,1837.9
CUST01592,Biratnagar,Office,Autumn,Smart,2224.0,5.0,29.4,48.0,17.0,6.5,No,1295.9,1700.2
CUST01606,Kathmandu,Office,Autumn,Smart,2005.0,5.0,29.0,63.1,9.0,14.5,No,1157.3,1884.8
CUST01697,Pokhara,Residential,Spring,Smart,4761.0,12.0,34.1,65.2,20.0,10.6,No,1466.2,1936.5
CUST00524,Pokhara,Office,Summer,Standard,3758.0,11.0,32.4,32.7,5.0,3.3,No,1087.0,1606.0
CUST00233,Bhaktapur,Commercial,Spring,Standard,5379.0,13.0,31.2,48.9,9.0,4.0,Yes,1562.6,1548.7
CUST00645,Chitwan,Industrial,Summer,Smart,4378.0,11.0,23.3,39.6,13.0,8.7,No,1041.5,2074.8
CUST01531,Lalitpur,Industrial,Spring,Standard,2254.0,9.0,21.4,82.3,16.0,16.0,No,264.9,2057.0
CUST00534,Biratnagar,Residential,Winter,Smart,605.0,10.0,5.3,75.8,14.0,2.7,No,1674.3,1208.2
CUST01532,Lalitpur,Residential,Summer,Smart,2964.0,15.0,6.5,79.6,16.0,9.4,No,1431.0,1670.0
CUST00604,Biratnagar,Office,Spring,Smart,3465.0,1.0,32.8,38.0,14.0,5.0,No,1106.9,1448.9
CUST01227,Kathmandu,Residential,Winter,Standard,2553.0,8.0,11.8,63.0,14.0,2.8,No,1284.7,1289.7
CUST01075,Chitwan,Commercial,Autumn,Smart,1576.0,7.0,25.3,55.0,17.0,5.1,Yes,862.3,1445.7
CUST01323,Kathmandu,Commercial,Autumn,Standard,3899.0,15.0,19.8,72.8,2.0,15.9,No,762.1,1882.0
CUST00061,Pokhara,Office,Summer,Standard,5252.0,10.0,29.8,31.5,10.0,2.7,No,1687.0,1853.7
CUST01282,Kathmandu,Residential,Spring,Smart,739.0,13.0,23.7,58.4,,3.6,Yes,239.9,1003.4
CUST00093,Lalitpur,Residential,Spring,Smart,4570.0,3.0,14.7,81.5,3.0,17.9,No,486.8,1370.8
CUST00667,Chitwan,Residential,Winter,Standard,3168.0,8.0,33.5,71.4,3.0,4.5,No,1428.6,1394.0
CUST00281,Pokhara,Commercial,Winter,Standard,5909.0,1.0,20.3,76.3,2.0,15.7,No,,1978.6
CUST00026,Biratnagar,Commercial,Winter,Standard,3350.0,5.0,14.3,79.2,18.0,9.9,No,619.1,1931.5
CUST00360,Pokhara,Industrial,Autumn,Standard,1579.0,4.0,21.0,75.9,4.0,11.4,No,621.9,1626.5
CUST01256,Bhaktapur,Residential,Winter,Standard,941.0,7.0,7.8,77.3,19.0,16.6,Yes,1771.6,1679.3
CUST01342,Biratnagar,Residential,Autumn,Standard,3716.0,2.0,9.8,34.1,19.0,11.2,No,1784.0,1701.4
CUST00848,Lalitpur,Residential,Spring,Standard,1965.0,3.0,10.6,81.4,12.0,8.3,No,423.4,1018.8
CUST01605,Chitwan,Residential,Winter,Smart,5816.0,12.0,15.8,38.2,12.0,2.3,Yes,575.6,1153.9
CUST00111,Bhaktapur,Commercial,Spring,Standard,2031.0,9.0,7.4,70.1,17.0,13.3,No,992.8,1834.8
CUST00043,Biratnagar,Office,Winter,Smart,895.0,9.0,23.8,54.7,11.0,11.6,No,1736.6,1801.3
CUST00126,Pokhara,Residential,Summer,Standard,2125.0,11.0,29.5,82.2,17.0,9.4,No,1730.4,1916.4
CUST00205,Kathmandu,Industrial,Spring,Smart,2592.0,7.0,20.2,50.1,9.0,11.2,No,1287.3,1750.8
CUST00053,Lalitpur,Residential,Winter,Standard,2780.0,11.0,19.5,34.6,11.0,4.0,No,1545.6,1299.2
CUST00546,Lalitpur,Office,Autumn,Standard,4935.0,12.0,11.0,60.4,10.0,13.5,Yes,948.7,1881.4
CUST00069,Lalitpur,Residential,Summer,Smart,722.0,13.0,11.8,52.3,14.0,16.2,No,1383.0,1789.2
CUST01921,Pokhara,Residential,Autumn,Smart,3154.0,7.0,26.2,45.0,19.0,7.5,No,632.9,1450.7
CUST01862,Chitwan,Commercial,Spring,Smart,5766.0,8.0,25.8,71.9,4.0,7.8,Yes,1771.5,1522.3
CUST00184,Chitwan,Residential,Summer,Smart,3625.0,11.0,16.9,32.4,12.0,13.5,Yes,1143.0,1699.3
CUST00138,Chitwan,Office,Summer,Smart,3674.0,10.0,32.4,62.0,3.0,6.4,No,1159.2,1539.7
CUST00900,Bhaktapur,Residential,Summer,Standard,1057.0,9.0,34.1,63.9,16.0,10.5,Yes,682.5,1469.4
CUST00797,Biratnagar,Residential,Winter,Smart,3699.0,5.0,,47.9,20.0,14.6,No,340.0,1925.8
CUST00133,Chitwan,Office,Autumn,Standard,5180.0,12.0,20.4,51.6,3.0,14.5,No,602.6,2048.1
CUST00081,Lalitpur,Residential,Summer,Smart,1514.0,15.0,32.9,49.2,13.0,5.5,No,621.5,1496.7
CUST01506,Pokhara,Residential,Spring,Smart,3639.0,1.0,23.0,46.9,4.0,17.6,No,909.2,1490.7
CUST01564,Kathmandu,Commercial,Summer,Smart,3417.0,9.0,,57.5,20.0,3.9,No,,1948.1
CUST00542,Biratnagar,Residential,Spring,Standard,3964.0,9.0,10.0,80.4,11.0,10.6,No,1298.1,1678.0
CUST01619,Chitwan,Industrial,Winter,Standard,1906.0,4.0,25.8,81.2,5.0,7.5,No,874.8,1735.2
CUST00984,Pokhara,Residential,Summer,Smart,1879.0,12.0,30.4,84.2,15.0,11.8,No,1190.6,1710.7
CUST00166,Biratnagar,Commercial,Spring,Smart,3338.0,11.0,34.9,79.9,10.0,4.2,No,291.1,1497.2
CUST00249,Bhaktapur,Residential,Spring,Smart,4644.0,1.0,20.8,42.6,17.0,10.8,Yes,706.5,1258.8
CUST00447,Lalitpur,Office,Spring,Standard,4909.0,12.0,15.5,34.1,20.0,18.0,Yes,1774.9,2407.3
CUST01166,Biratnagar,Residential,Autumn,Smart,5872.0,15.0,24.6,56.9,19.0,13.1,No,1113.9,2051.9
CUST00859,Chitwan,Residential,Autumn,Smart,2899.0,12.0,18.9,81.9,12.0,16.8,No,1622.6,1986.0
CUST01229,Bhaktapur,Commercial,Spring,Smart,1180.0,15.0,9.8,44.7,12.0,13.6,Yes,171.3,1328.7
CUST00098,Biratnagar,Residential,Spring,Smart,2202.0,2.0,12.9,48.9,5.0,17.0,No,180.8,1221.3
CUST00004,Biratnagar,Office,Winter,Smart,868.0,11.0,17.5,32.3,12.0,2.8,No,1341.3,1429.1
CUST00738,Lalitpur,Office,Winter,Standard,3056.0,12.0,5.6,53.1,8.0,8.0,No,984.0,1736.8
CUST01274,Kathmandu,Residential,Winter,Standard,4990.0,6.0,8.6,75.8,6.0,5.6,No,122.0,1328.5
CUST00103,Kathmandu,Office,Summer,Smart,1575.0,6.0,24.8,40.0,18.0,6.1,No,1020.5,1601.4
CUST00435,Pokhara,Residential,Spring,Smart,,4.0,29.0,37.9,3.0,7.4,Yes,1299.4,935.7
CUST00075,Chitwan,Commercial,Winter,Standard,2236.0,2.0,31.8,41.9,20.0,15.6,No,1326.9,2054.5
CUST01819,,Residential,Summer,Standard,3833.0,15.0,33.6,74.9,9.0,13.7,No,1282.8,1949.1
CUST01645,Biratnagar,Residential,Winter,Smart,3186.0,12.0,20.4,87.4,10.0,17.4,No,1263.4,1847.4
CUST00919,Lalitpur,Residential,Autumn,Smart,560.0,3.0,16.8,63.7,5.0,8.4,No,1635.1,1196.9
CUST01737,Kathmandu,Residential,Summer,Smart,4016.0,,19.2,63.5,18.0,10.9,No,104.6,1825.2
CUST01747,Pokhara,Commercial,Winter,Standard,1189.0,12.0,31.1,83.4,20.0,9.0,No,497.4,1903.7
CUST01811,Bhaktapur,Office,Autumn,Smart,4351.0,9.0,10.4,33.1,5.0,8.6,No,1513.1,1698.4
CUST00763,Bhaktapur,Office,Winter,Standard,3029.0,,14.9,34.3,6.0,15.3,No,1794.8,2018.7
CUST00990,Pokhara,Office,Winter,Smart,3153.0,14.0,6.7,82.8,12.0,7.5,No,959.3,1685.3
CUST00389,Kathmandu,Commercial,Spring,Smart,5298.0,9.0,24.0,73.1,18.0,3.2,No,1343.0,1773.6
CUST00236,Chitwan,Industrial,Winter,Smart,3239.0,4.0,33.1,73.9,19.0,10.7,No,940.1,2384.5
CUST01558,,Commercial,Autumn,Smart,4436.0,3.0,10.6,88.7,7.0,7.7,No,474.2,1501.4
CUST00268,Lalitpur,Residential,Winter,Smart,5042.0,3.0,12.3,76.5,19.0,9.3,No,1156.5,1759.8
CUST01205,Biratnagar,Office,Winter,Standard,770.0,15.0,27.6,88.6,10.0,2.5,No,1144.9,1645.0
CUST00118,Pokhara,Residential,Winter,Standard,5764.0,5.0,27.6,71.6,4.0,6.0,No,930.6,1410.4
CUST01630,Bhaktapur,Residential,Winter,Standard,1741.0,5.0,12.1,50.2,14.0,16.5,No,569.7,1490.9
CUST00674,Lalitpur,Residential,Spring,Smart,5587.0,,24.0,84.4,6.0,14.0,Yes,486.6,1405.4
CUST00250,Pokhara,Office,Winter,Standard,4247.0,2.0,21.2,31.8,15.0,3.7,No,370.0,1525.5
CUST01474,Kathmandu,Residential,Winter,Standard,4388.0,10.0,12.5,41.3,11.0,16.9,Yes,1026.0,1716.3
CUST00025,Chitwan,Office,Spring,Smart,1279.0,5.0,25.9,47.1,3.0,5.3,No,1723.4,1111.1
CUST00095,Pokhara,Residential,Summer,Smart,4150.0,13.0,30.5,72.1,14.0,10.9,No,1445.1,1975.4
CUST00034,Pokhara,Office,Autumn,Smart,521.0,3.0,14.7,34.0,11.0,3.0,No,863.8,1039.0
CUST01858,Bhaktapur,Office,Summer,Smart,2331.0,13.0,25.4,63.6,12.0,2.9,Yes,871.9,1397.3
CUST01693,Kathmandu,Residential,Autumn,Standard,,1.0,20.3,61.9,11.0,2.7,No,,1392.5
CUST00449,Lalitpur,Industrial,Summer,Standard,1212.0,3.0,15.5,60.5,15.0,9.1,No,1314.7,1895.9
CUST00717,Kathmandu,Residential,Summer,Smart,798.0,7.0,11.6,78.7,9.0,10.6,No,302.8,1111.7
CUST01856,Biratnagar,Office,Spring,Smart,3044.0,10.0,5.3,72.7,10.0,10.2,Yes,1679.5,1611.2
CUST01541,Bhaktapur,Office,Autumn,Standard,3853.0,,10.9,46.1,5.0,8.2,No,157.8,1410.8
CUST00001,Pokhara,Residential,Spring,Smart,,4.0,23.5,60.4,20.0,9.2,No,304.2,1278.6
CUST01395,Chitwan,Office,Spring,Standard,3863.0,2.0,20.0,63.7,16.0,11.4,No,249.1,1825.3
CUST01102,Bhaktapur,Residential,Spring,Smart,4912.0,3.0,,62.9,14.0,7.5,No,431.7,1427.0
CUST01109,Lalitpur,Commercial,Spring,Smart,3556.0,6.0,34.3,49.2,2.0,13.0,No,736.9,1635.2
CUST01766,Lalitpur,Industrial,Summer,Standard,4312.0,9.0,11.2,64.5,11.0,5.0,No,191.3,1783.7
CUST00083,Pokhara,Office,Summer,Standard,3168.0,1.0,30.9,70.8,9.0,2.7,No,1284.7,1514.3
CUST01629,Biratnagar,Residential,Winter,Standard,4591.0,11.0,5.3,42.4,15.0,8.1,No,201.5,1526.3
CUST00677,Chitwan,Residential,Winter,Smart,3891.0,8.0,22.8,72.5,19.0,13.4,No,718.5,1869.5
CUST01472,Pokhara,Industrial,Autumn,Standard,2681.0,4.0,10.0,50.6,16.0,16.1,Yes,633.7,1918.0
CUST01047,Kathmandu,Office,Autumn,Smart,3284.0,9.0,5.9,30.7,15.0,12.7,No,416.4,1781.6
CUST00771,Biratnagar,Residential,Autumn,Standard,3497.0,13.0,24.9,83.1,7.0,3.3,No,1400.5,1425.4
CUST01233,,Residential,Summer,Smart,2791.0,9.0,16.5,41.2,20.0,14.5,No,884.6,2078.8
CUST01299,Bhaktapur,Industrial,Summer,Smart,4461.0,12.0,23.5,67.7,20.0,16.1,No,429.1,2540.7
CUST01653,Lalitpur,Office,Spring,Smart,3015.0,7.0,19.8,56.0,4.0,10.9,No,176.1,1409.1
CUST01512,Lalitpur,Industrial,Winter,Smart,3133.0,15.0,34.9,84.7,11.0,2.7,No,792.9,1909.6
CUST00405,Biratnagar,Residential,Autumn,Smart,1853.0,8.0,13.4,42.3,10.0,5.3,No,906.5,1155.6
CUST01754,Lalitpur,Residential,Spring,Standard,3996.0,8.0,32.9,34.9,19.0,3.6,No,1497.5,1654.1
CUST01317,Lalitpur,Industrial,Summer,Smart,960.0,7.0,26.8,36.3,19.0,12.9,Yes,624.4,2016.0
CUST01359,Biratnagar,Office,Summer,Smart,3719.0,3.0,26.8,34.4,8.0,9.3,No,,1627.3
CUST00105,Kathmandu,Residential,Autumn,Smart,5908.0,7.0,27.1,64.6,16.0,6.3,No,1185.4,1785.0
CUST00689,Kathmandu,Commercial,Autumn,Standard,3703.0,11.0,33.4,73.4,15.0,10.2,No,1066.8,1977.0
CUST01324,Kathmandu,Residential,Winter,Smart,932.0,15.0,30.5,72.2,9.0,14.7,No,1694.1,1876.3
CUST00827,Bhaktapur,Office,Winter,Smart,593.0,14.0,30.1,69.2,2.0,10.9,No,1705.9,1632.2
CUST00063,Bhaktapur,Commercial,Autumn,Smart,1616.0,5.0,22.8,42.9,20.0,3.0,No,1187.4,1511.4
CUST00853,Chitwan,Residential,Spring,Smart,1905.0,15.0,20.0,54.2,7.0,9.8,No,236.9,1140.8
CUST01805,Lalitpur,Residential,Summer,Smart,4718.0,10.0,12.4,75.5,5.0,7.4,No,149.0,1314.0
CUST00224,Kathmandu,Office,Summer,Smart,5147.0,15.0,17.0,84.3,17.0,7.7,No,1768.7,2429.5
CUST00146,Kathmandu,Office,Spring,Smart,3734.0,8.0,19.9,70.6,2.0,14.6,No,1510.0,1578.2
CUST01089,Pokhara,Industrial,Autumn,Smart,1681.0,2.0,25.2,37.9,2.0,8.3,No,1634.1,1686.5
CUST00374,Bhaktapur,Commercial,Autumn,Smart,1097.0,5.0,5.6,61.7,7.0,8.1,Yes,1282.2,934.4
CUST01441,Lalitpur,Residential,Summer,Standard,2884.0,8.0,34.9,67.5,2.0,16.0,No,,1572.5
CUST01143,Biratnagar,Office,Spring,Smart,3137.0,7.0,31.0,85.7,4.0,8.9,No,1615.1,1660.8
CUST01855,Kathmandu,Office,Winter,Smart,5022.0,4.0,10.9,74.6,17.0,17.3,No,1115.1,2279.7
CUST01518,Biratnagar,Residential,Winter,Smart,1000.0,14.0,28.7,48.8,7.0,17.8,No,1355.9,1777.6
CUST01625,Bhaktapur,Residential,Spring,Standard,4607.0,3.0,33.1,33.8,2.0,8.0,No,1035.8,1210.2
CUST01289,Chitwan,Residential,Spring,Standard,5225.0,13.0,12.2,59.2,13.0,7.4,No,204.3,1490.0
CUST00010,Biratnagar,Residential,Winter,Smart,1188.0,6.0,25.1,65.1,13.0,16.9,No,231.8,1519.3
CUST00450,Chitwan,Residential,Summer,Smart,2675.0,10.0,26.2,57.9,18.0,9.2,Yes,1079.3,1547.8
CUST00709,Biratnagar,Residential,Summer,Smart,5027.0,1.0,8.1,56.6,8.0,14.2,No,1775.0,1711.0
CUST00256,Bhaktapur,Residential,Spring,Standard,1036.0,4.0,33.1,75.2,,9.0,No,1407.5,1421.5
CUST00883,Bhaktapur,Industrial,Spring,Smart,1830.0,15.0,25.6,39.9,13.0,7.2,No,101.9,1636.8
CUST00390,Kathmandu,Residential,Spring,Smart,2559.0,14.0,12.5,83.8,4.0,17.1,No,1697.6,1776.6
CUST00909,Chitwan,Residential,Autumn,Smart,1484.0,1.0,15.2,36.6,19.0,6.6,No,581.9,1107.5
CUST00925,Kathmandu,Residential,Spring,Smart,3888.0,10.0,11.3,64.7,13.0,13.4,No,294.7,1782.4
CUST01729,Biratnagar,Office,Autumn,Smart,1646.0,3.0,23.8,68.3,20.0,16.4,No,200.5,1923.6
CUST01250,Bhaktapur,Commercial,Spring,Standard,3581.0,7.0,26.1,46.1,3.0,3.5,Yes,1750.1,1157.9
CUST00461,Kathmandu,Commercial,Autumn,Smart,3894.0,6.0,17.9,32.8,12.0,8.2,No,1543.6,1707.0
CUST01288,Chitwan,Commercial,Autumn,Standard,4980.0,4.0,31.7,55.8,6.0,6.0,Yes,813.7,1288.7
CUST01918,Biratnagar,Office,Summer,Smart,1275.0,4.0,33.8,70.8,20.0,17.5,No,1445.6,2212.5
CUST01169,Pokhara,Commercial,Spring,Smart,1599.0,11.0,34.5,50.3,10.0,2.5,No,294.8,1326.4
CUST00959,Kathmandu,Residential,Autumn,Smart,3189.0,12.0,27.5,69.4,5.0,2.3,No,122.0,972.6
CUST00502,Chitwan,Industrial,Winter,Smart,523.0,12.0,13.5,44.6,14.0,10.0,No,744.9,1803.9
CUST00740,Pokhara,Residential,Summer,Smart,2361.0,8.0,10.1,87.0,2.0,9.0,No,1653.3,1492.0
CUST01879,Chitwan,Residential,Spring,Standard,4023.0,4.0,28.3,65.0,18.0,9.7,No,1552.8,1690.6
CUST00869,Lalitpur,Office,Winter,Smart,1155.0,8.0,27.4,42.5,3.0,9.2,No,189.7,1164.5
CUST00732,Pokhara,Residential,Winter,Smart,2992.0,11.0,12.9,82.4,17.0,5.0,No,702.3,1454.7
CUST00540,Bhaktapur,Residential,Winter,Standard,807.0,10.0,21.8,82.9,12.0,15.9,No,1671.6,1883.4
CUST01202,Pokhara,Residential,Summer,Smart,1370.0,15.0,9.4,85.8,6.0,6.8,No,1258.0,1419.7
CUST00698,Kathmandu,Residential,Winter,Standard,542.0,15.0,30.0,54.8,11.0,15.1,Yes,384.8,1458.4
CUST01413,Chitwan,Commercial,Spring,Smart,3469.0,12.0,19.4,53.4,11.0,14.1,Yes,256.2,1402.6
CUST01396,Chitwan,Office,Spring,Smart,4521.0,12.0,31.2,62.0,10.0,6.4,Yes,278.5,1383.2
CUST01146,Kathmandu,Office,Winter,Smart,5378.0,6.0,27.9,56.9,16.0,6.0,No,1265.9,2073.5
CUST01032,Lalitpur,Commercial,Winter,Standard,1806.0,10.0,26.9,50.2,10.0,3.4,No,1439.6,1565.0
CUST00373,Kathmandu,Commercial,Spring,Smart,1602.0,6.0,16.0,60.6,4.0,8.6,No,676.5,1133.5
CUST00668,Pokhara,Residential,Autumn,Smart,5214.0,11.0,7.3,88.3,6.0,2.8,No,117.1,1217.3
CUST01549,Lalitpur,Office,Winter,Smart,2279.0,14.0,28.6,82.8,14.0,4.4,Yes,416.6,1478.4
CUST00358,Chitwan,Industrial,Summer,Standard,1165.0,11.0,7.8,33.9,20.0,10.1,No,356.3,2032.7
CUST00968,Pokhara,Residential,Summer,Smart,4121.0,10.0,17.3,57.2,11.0,16.4,No,1602.3,2043.7
CUST00784,Bhaktapur,Residential,Spring,Smart,4121.0,7.0,28.5,51.1,8.0,16.7,No,1110.6,1640.0
CUST00736,Pokhara,Office,Spring,Smart,4740.0,10.0,12.3,42.9,12.0,3.7,No,1329.5,1688.6
CUST01036,Biratnagar,Industrial,Spring,Smart,3899.0,15.0,29.9,71.5,19.0,6.2,No,166.2,1971.1
CUST00971,Biratnagar,Commercial,Summer,Smart,5810.0,10.0,34.9,85.2,3.0,15.4,No,777.2,2296.9
CUST01548,Bhaktapur,Industrial,Autumn,Smart,4020.0,15.0,28.8,69.3,3.0,16.8,No,619.6,2297.3
CUST01510,Biratnagar,Industrial,Winter,Standard,5186.0,1.0,20.1,52.2,19.0,10.4,No,1300.5,2247.0
CUST01547,Pokhara,Residential,Spring,Smart,2282.0,13.0,9.6,88.8,9.0,12.2,No,1555.9,1528.1
CUST01369,Chitwan,Residential,Autumn,Smart,1212.0,8.0,14.9,88.6,20.0,16.8,No,1018.7,1868.3
CUST01882,Bhaktapur,Office,Summer,Standard,5282.0,1.0,18.5,83.7,13.0,3.2,Yes,1053.4,1449.4
CUST01666,Lalitpur,Commercial,Summer,Smart,1391.0,13.0,31.8,67.0,7.0,8.7,No,710.9,1604.5
CUST01253,Bhaktapur,Residential,Summer,Smart,2607.0,5.0,10.2,34.6,4.0,15.2,No,352.1,1202.8
CUST01719,Lalitpur,Commercial,Autumn,Smart,5897.0,8.0,34.7,84.9,,13.5,Yes,835.8,2021.6
CUST01741,Kathmandu,Residential,Summer,Standard,3053.0,5.0,32.3,53.3,13.0,13.8,No,587.8,1698.8
CUST01237,Biratnagar,Office,Spring,Smart,1260.0,9.0,10.0,69.6,6.0,7.8,No,939.5,1299.4
CUST00886,Kathmandu,Industrial,Autumn,Standard,3502.0,12.0,6.1,44.6,7.0,17.1,No,1574.0,2063.7
CUST00080,Lalitpur,Commercial,Summer,Smart,1856.0,5.0,30.9,48.7,6.0,4.3,Yes,312.6,939.4
CUST01173,Bhaktapur,Residential,Autumn,Smart,2254.0,4.0,15.3,62.6,3.0,13.0,No,1239.1,1260.8
CUST00815,Biratnagar,Industrial,Summer,Smart,1799.0,15.0,7.1,67.0,6.0,2.2,No,660.6,1569.5
CUST01304,Kathmandu,Residential,Summer,Smart,4821.0,1.0,17.6,81.7,19.0,11.1,No,916.3,1689.2
CUST00672,Chitwan,Industrial,Winter,Smart,4367.0,11.0,17.6,53.6,,4.7,No,1348.1,2031.5
CUST01555,Pokhara,Residential,Spring,Smart,3337.0,12.0,7.5,64.4,7.0,14.1,No,811.8,1515.5
CUST00058,Pokhara,Office,Autumn,Smart,5994.0,2.0,20.8,73.0,11.0,10.0,No,271.2,1721.9
CUST00134,Bhaktapur,Industrial,Spring,Standard,2458.0,9.0,10.0,85.6,20.0,5.1,No,1356.0,1898.4
CUST01141,Bhaktapur,Office,Summer,Smart,981.0,10.0,23.2,76.4,3.0,14.0,No,470.8,1745.9
CUST00934,Kathmandu,Office,Winter,Smart,3932.0,12.0,32.8,43.5,11.0,11.5,No,643.3,2001.8
CUST01710,Lalitpur,Commercial,Spring,Standard,4273.0,6.0,13.9,36.6,18.0,13.0,No,1108.6,1793.3
CUST00824,,Residential,Spring,Smart,4507.0,9.0,13.6,33.5,17.0,2.8,No,760.4,1507.1
CUST01215,Kathmandu,Residential,Winter,Smart,1862.0,13.0,18.3,62.9,11.0,15.7,No,85.8,1591.9
CUST00505,,Residential,Spring,Smart,1731.0,4.0,29.2,88.9,2.0,3.3,No,216.7,788.7
CUST01802,Chitwan,Residential,Summer,Standard,2471.0,12.0,22.7,56.8,17.0,8.6,No,1531.2,1881.6
CUST00348,Pokhara,Office,Summer,Smart,1013.0,9.0,32.3,38.5,20.0,7.8,No,1414.5,1880.1
CUST00387,Lalitpur,Residential,Spring,Standard,2129.0,2.0,14.2,81.1,16.0,16.2,No,,1584.3
CUST01025,Chitwan,Office,Autumn,Smart,4865.0,9.0,,47.9,10.0,15.6,No,701.9,2033.7
CUST00895,Biratnagar,Commercial,Spring,Smart,3377.0,11.0,34.8,80.3,9.0,14.9,No,1129.7,2000.0
CUST00829,Lalitpur,Residential,Autumn,Smart,5155.0,11.0,18.2,64.2,6.0,4.7,No,1019.1,1269.5
CUST01923,Kathmandu,Residential,Summer,Smart,5197.0,8.0,7.6,77.9,17.0,6.1,Yes,1470.5,1654.5
CUST00476,Biratnagar,Residential,Winter,Standard,1099.0,5.0,14.3,81.6,5.0,2.7,Yes,695.7,764.7
CUST01493,Bhaktapur,Office,Summer,Standard,3080.0,3.0,7.2,42.7,14.0,8.3,No,1386.0,1734.2
CUST01468,Pokhara,Industrial,Summer,Smart,2472.0,2.0,26.4,66.8,20.0,10.7,No,1349.7,2482.0
CUST01495,Lalitpur,Office,Summer,Standard,1861.0,3.0,16.3,76.4,2.0,11.1,No,927.4,1488.9
CUST00653,Biratnagar,Residential,Winter,Standard,1044.0,10.0,10.7,67.7,16.0,15.6,No,1310.8,1712.4
CUST00173,Chitwan,Commercial,Autumn,Smart,2043.0,13.0,26.6,86.7,15.0,16.0,No,1785.0,2304.7
CUST01150,Kathmandu,Commercial,Spring,Smart,1365.0,2.0,32.8,83.2,17.0,5.1,No,1084.5,1508.2
CUST00039,Pokhara,Residential,Spring,Standard,5712.0,3.0,32.4,65.3,19.0,5.8,No,1618.5,1677.2
CUST00714,Bhaktapur,Residential,Summer,Standard,2694.0,8.0,26.5,68.8,8.0,15.7,No,1185.5,1773.1
CUST00091,Lalitpur,Residential,Winter,Smart,1894.0,9.0,21.9,34.9,10.0,3.4,No,405.0,1150.6
CUST01967,Kathmandu,Residential,Spring,Smart,4682.0,5.0,20.7,36.6,4.0,3.1,No,283.9,689.9
CUST01206,Lalitpur,Industrial,Autumn,Smart,2043.0,15.0,20.1,81.8,2.0,5.4,No,1761.9,1796.6
CUST00876,Lalitpur,Residential,Spring,Smart,5887.0,15.0,14.4,72.8,10.0,2.6,No,1297.2,1436.2
CUST01565,Pokhara,Residential,Winter,Standard,1946.0,12.0,30.2,65.6,12.0,6.5,No,1409.6,1479.3
CUST01920,Kathmandu,Office,Spring,Standard,2883.0,3.0,32.5,38.2,10.0,13.7,No,1612.7,1836.1
CUST01094,Pokhara,Residential,Summer,Standard,4696.0,3.0,27.3,70.7,7.0,13.3,No,362.5,1460.7
CUST01156,Biratnagar,Residential,Autumn,Smart,4518.0,4.0,8.0,40.5,4.0,13.7,No,1000.0,1427.5
CUST01792,Lalitpur,Office,Spring,Standard,2089.0,3.0,16.5,47.4,,7.1,No,1406.1,1331.7
CUST01989,Lalitpur,Residential,Autumn,Smart,930.0,3.0,16.2,54.6,17.0,10.2,No,1372.8,1260.8
CUST00500,Pokhara,Residential,Winter,Standard,4024.0,9.0,17.6,75.5,9.0,12.9,No,745.1,1642.0
CUST00339,Biratnagar,Residential,Summer,Smart,3013.0,11.0,18.3,53.4,19.0,14.2,No,763.7,1897.2
CUST01189,Chitwan,Residential,Autumn,Smart,3980.0,15.0,18.8,49.8,16.0,3.9,No,785.6,1466.6
CUST00029,Kathmandu,Commercial,Summer,Smart,3806.0,12.0,30.0,35.5,3.0,7.8,No,408.5,1491.6
CUST01218,Kathmandu,Office,Summer,Standard,1386.0,1.0,22.7,64.9,6.0,2.3,No,121.8,1067.8
CUST01344,Biratnagar,Industrial,Winter,Standard,5015.0,8.0,28.7,83.9,3.0,7.2,No,1412.4,2020.5
CUST01849,Biratnagar,Industrial,Spring,Smart,2710.0,14.0,13.6,40.1,20.0,2.3,No,274.0,1643.9
CUST00946,Chitwan,Office,Autumn,Standard,2896.0,2.0,34.6,31.8,13.0,9.3,No,484.5,1581.0
CUST00170,Pokhara,Residential,Summer,Smart,1475.0,12.0,15.9,54.9,,12.4,No,1757.3,1807.4
CUST01425,Bhaktapur,Industrial,Autumn,Standard,2996.0,10.0,8.0,47.5,3.0,8.8,No,1341.5,1968.1
CUST01198,Pokhara,Commercial,Autumn,Smart,3148.0,14.0,12.7,87.1,17.0,15.6,Yes,1191.9,1921.9
CUST01254,Pokhara,Residential,Summer,Smart,3433.0,14.0,8.1,58.4,12.0,7.0,No,170.3,1306.8
CUST01419,Lalitpur,Office,Winter,Smart,3232.0,11.0,16.2,89.4,2.0,11.2,No,,1613.7
CUST00913,Pokhara,Residential,Autumn,Standard,3637.0,9.0,18.9,48.4,9.0,10.9,No,172.0,1380.3
CUST00492,Chitwan,Commercial,Summer,Standard,3975.0,13.0,7.3,78.0,5.0,17.0,Yes,750.1,1722.3
CUST00954,Lalitpur,Industrial,Summer,Smart,2166.0,,,64.2,11.0,17.8,No,836.9,2258.7
CUST01098,Biratnagar,Residential,Summer,Smart,5469.0,2.0,22.6,88.1,6.0,4.1,No,1796.4,1580.7
CUST01033,Bhaktapur,Office,Summer,Smart,2621.0,5.0,8.0,47.7,2.0,12.5,No,448.6,1458.3
CUST00588,Kathmandu,Commercial,Summer,Smart,2496.0,12.0,18.5,40.5,16.0,14.9,No,262.1,1882.5
CUST00751,Kathmandu,Office,Summer,Standard,2570.0,1.0,8.1,88.2,7.0,6.3,No,1133.8,1446.2
CUST00658,Biratnagar,Commercial,Spring,Smart,4265.0,10.0,14.7,71.2,20.0,6.0,No,590.0,1681.8
CUST00235,Kathmandu,Residential,Autumn,Standard,5509.0,13.0,7.6,79.6,18.0,12.8,No,1676.5,2070.1
CUST00733,Pokhara,Residential,Winter,Standard,3255.0,3.0,16.3,77.8,5.0,11.9,No,400.5,1264.0
CUST00019,Lalitpur,Residential,Autumn,Smart,4289.0,5.0,18.3,34.8,5.0,9.5,No,759.9,1219.2
CUST01656,Lalitpur,Commercial,Winter,Standard,3544.0,10.0,27.2,55.5,18.0,11.4,No,527.0,1917.7
CUST01157,Bhaktapur,Office,Winter,Smart,5692.0,3.0,12.8,34.2,3.0,6.0,No,1257.6,1585.2
CUST01492,Kathmandu,Office,Winter,Smart,2804.0,3.0,18.1,62.2,13.0,11.7,No,1068.3,1847.4
CUST01445,Chitwan,Residential,Spring,Standard,5248.0,7.0,12.1,87.5,15.0,4.3,No,1495.5,1440.8
CUST01651,Lalitpur,Industrial,Autumn,Smart,4762.0,2.0,18.3,61.0,7.0,16.2,No,1600.5,2387.4
CUST00935,Bhaktapur,Residential,Winter,Smart,837.0,8.0,24.4,58.6,12.0,13.6,Yes,843.8,1367.9
CUST01210,Kathmandu,Residential,Winter,Standard,4514.0,13.0,24.1,38.9,3.0,11.4,No,211.1,1678.0
CUST01066,Biratnagar,Residential,Summer,Standard,1575.0,5.0,30.1,58.0,,6.3,No,644.5,1297.9
CUST00109,Kathmandu,Commercial,Autumn,Smart,4238.0,14.0,22.9,86.8,10.0,12.1,No,374.3,1873.7
CUST01566,Biratnagar,Office,Spring,Standard,1940.0,10.0,8.1,46.0,16.0,2.9,No,1662.2,1605.2
CUST00569,Kathmandu,Office,Autumn,Standard,1860.0,13.0,10.7,67.6,7.0,11.9,No,404.6,1401.5
CUST01168,Biratnagar,Commercial,Winter,Smart,2846.0,8.0,5.2,60.1,5.0,10.7,No,899.5,1524.6
CUST01175,Bhaktapur,Office,Summer,Smart,5899.0,12.0,13.7,81.1,4.0,15.1,Yes,1108.0,2153.8
CUST00891,Kathmandu,Commercial,Autumn,Smart,,4.0,28.1,42.9,20.0,16.4,No,853.0,2084.2
CUST00948,Bhaktapur,Residential,Autumn,Smart,2006.0,9.0,8.4,87.9,20.0,9.5,Yes,1676.4,1516.6
CUST01049,Chitwan,Residential,Winter,Smart,4420.0,1.0,32.2,66.2,15.0,5.9,No,802.6,1398.3
CUST01371,Kathmandu,Office,Spring,Standard,5196.0,11.0,19.2,42.7,5.0,7.5,No,1147.0,1568.3
CUST01954,Lalitpur,Residential,Winter,Smart,1091.0,5.0,31.7,77.5,10.0,2.3,No,1198.8,1109.2
CUST01467,Lalitpur,Residential,Autumn,Smart,4642.0,5.0,31.2,41.7,4.0,7.8,No,228.5,1181.6
CUST00885,Bhaktapur,Office,Spring,Smart,2321.0,7.0,14.2,32.6,10.0,15.5,No,1018.5,1679.9
CUST01698,Lalitpur,Residential,Autumn,Smart,3247.0,8.0,8.5,76.7,16.0,13.4,No,997.8,1621.1
CUST00851,Lalitpur,Office,Summer,Smart,3125.0,5.0,11.8,54.5,19.0,12.0,Yes,1795.2,1865.6
CUST00735,Lalitpur,Commercial,Summer,Standard,1882.0,5.0,15.3,37.8,15.0,9.4,No,1049.5,1686.2
CUST00718,Lalitpur,Office,Winter,Standard,3847.0,12.0,13.2,36.5,2.0,15.8,Yes,1579.1,1712.7
CUST00455,Lalitpur,Residential,Spring,Standard,3801.0,5.0,16.1,57.3,17.0,7.3,No,1268.9,1608.2
CUST00265,Pokhara,Residential,Autumn,Smart,4363.0,6.0,23.0,53.9,4.0,8.5,No,651.0,1286.8
CUST00076,Biratnagar,Industrial,Autumn,Standard,5642.0,15.0,16.7,31.5,16.0,7.5,Yes,355.6,2067.6
CUST01682,Kathmandu,Office,Winter,Smart,4599.0,1.0,32.2,45.4,13.0,15.7,No,1682.2,2280.0
CUST00445,Pokhara,Office,Autumn,Smart,3717.0,6.0,27.0,38.5,18.0,7.5,No,1700.5,1897.6
CUST00396,Lalitpur,Residential,Autumn,Smart,2724.0,10.0,28.2,83.7,2.0,3.2,No,597.1,1132.3
CUST00177,Pokhara,Industrial,Summer,Smart,4634.0,11.0,11.4,76.5,6.0,2.6,No,950.0,1869.6
CUST01043,Kathmandu,Industrial,Summer,Standard,823.0,5.0,16.7,75.4,15.0,6.8,No,1063.3,1869.8
CUST01762,Chitwan,Residential,Autumn,Smart,4483.0,10.0,33.9,48.6,17.0,9.0,No,1523.8,1871.4
CUST01422,Lalitpur,Office,Spring,Smart,4141.0,5.0,8.3,47.5,6.0,16.2,Yes,663.0,1361.5
CUST01770,Kathmandu,Office,Autumn,Standard,4863.0,2.0,11.6,33.9,6.0,12.9,Yes,878.5,1596.0
CUST01799,Lalitpur,Industrial,Summer,Smart,5363.0,6.0,6.4,66.2,16.0,16.5,No,1007.7,2572.2
CUST00596,Kathmandu,Office,Winter,Smart,3564.0,10.0,24.9,84.3,19.0,11.5,No,1072.7,2238.9
CUST00062,Biratnagar,Residential,Summer,Smart,2962.0,6.0,9.7,75.0,4.0,13.5,Yes,1422.0,1593.6
CUST01297,Kathmandu,Commercial,Spring,Smart,5569.0,14.0,,39.2,8.0,5.4,Yes,1470.3,1553.7
CUST00873,Pokhara,Residential,Autumn,Smart,2811.0,5.0,23.1,72.5,3.0,12.0,No,1357.2,1496.3
CUST01513,Kathmandu,Industrial,Spring,Standard,,10.0,19.8,75.1,12.0,7.4,No,,1685.3
CUST01909,Biratnagar,Residential,Winter,Smart,4451.0,14.0,25.9,66.7,7.0,5.2,No,1071.4,1681.6
CUST00279,Kathmandu,Residential,Summer,Standard,1603.0,9.0,11.0,86.5,14.0,2.3,No,1420.7,1382.1
CUST00037,Chitwan,Residential,Winter,Standard,2260.0,7.0,33.3,48.7,17.0,4.4,No,959.2,1439.6
CUST01539,Biratnagar,Residential,Winter,Smart,2258.0,3.0,13.4,61.7,6.0,15.0,No,485.5,1297.8
CUST00663,Kathmandu,Residential,Spring,Standard,5187.0,10.0,18.8,75.4,2.0,10.5,No,863.2,1400.1
CUST01835,Bhaktapur,Residential,Autumn,Standard,1387.0,15.0,19.3,80.2,4.0,16.8,No,695.6,1556.5
CUST01465,Biratnagar,Commercial,Summer,Smart,1649.0,6.0,12.0,36.8,16.0,6.2,No,1633.1,1640.4
CUST00978,Biratnagar,Residential,Autumn,Smart,2743.0,7.0,30.8,30.7,10.0,13.8,No,341.9,1385.5
CUST01595,Pokhara,Office,Spring,Smart,1274.0,9.0,16.1,58.1,5.0,8.3,No,784.4,1187.9
CUST00739,Lalitpur,Residential,Winter,Smart,5798.0,1.0,28.2,80.2,11.0,11.2,No,,1696.3
CUST00192,Kathmandu,Residential,Spring,Smart,3689.0,7.0,22.3,89.3,8.0,15.3,No,1026.9,1698.2
CUST00920,Biratnagar,Residential,Summer,Standard,4428.0,11.0,25.9,72.9,8.0,9.7,No,397.8,1575.0
CUST00457,Biratnagar,Industrial,Autumn,Smart,2294.0,3.0,26.8,86.8,18.0,13.5,No,1630.9,2282.1
CUST00676,Bhaktapur,Residential,Summer,Smart,2670.0,4.0,6.0,65.6,5.0,17.2,Yes,397.3,1411.5
CUST00761,Chitwan,Residential,Spring,Smart,2632.0,13.0,27.2,33.0,8.0,12.3,No,295.2,1402.3
CUST01836,Pokhara,Commercial,Summer,Standard,653.0,7.0,26.8,86.2,6.0,12.3,No,1458.3,1877.9
CUST01626,Lalitpur,Industrial,Spring,Standard,5428.0,3.0,23.8,43.6,5.0,10.1,No,1123.4,1895.9
CUST00729,Pokhara,Residential,Spring,Smart,4242.0,15.0,8.8,84.0,19.0,7.6,No,930.8,1744.2
CUST01400,Lalitpur,Residential,Winter,Smart,5088.0,5.0,25.1,75.8,3.0,2.7,No,1657.9,1527.8
CUST00413,Lalitpur,Residential,Autumn,Smart,1709.0,13.0,15.1,48.0,20.0,10.7,No,1049.6,1648.2
CUST01099,Chitwan,Residential,Autumn,Standard,591.0,13.0,22.1,80.8,13.0,15.5,Yes,821.3,1591.6
CUST00826,Chitwan,Office,Spring,Smart,5666.0,13.0,16.5,49.7,20.0,5.6,No,465.9,1695.3
CUST01520,Biratnagar,Residential,Winter,Smart,5074.0,8.0,12.6,60.0,20.0,17.9,No,1110.4,2193.1
CUST00617,Pokhara,Residential,Autumn,Smart,2607.0,7.0,8.2,79.7,18.0,15.2,No,878.0,1732.9
CUST00115,Lalitpur,Industrial,Winter,Standard,753.0,8.0,26.6,74.2,19.0,13.2,Yes,774.7,1983.2
CUST00418,Lalitpur,Residential,Spring,Smart,4916.0,7.0,17.5,45.7,,14.5,No,689.7,1662.2
CUST01941,Lalitpur,Commercial,Winter,Smart,919.0,8.0,33.3,33.2,16.0,8.3,No,171.4,1364.2
CUST00970,Kathmandu,Commercial,Summer,Smart,3973.0,2.0,9.9,76.3,13.0,13.9,No,769.5,1845.2
CUST00605,Kathmandu,Commercial,Autumn,Standard,2867.0,14.0,32.3,71.2,5.0,11.0,No,668.0,1581.2
CUST01949,Pokhara,Office,Summer,Standard,2721.0,7.0,27.7,65.5,10.0,15.7,No,333.2,1974.0
CUST00090,Biratnagar,Industrial,Autumn,Smart,3870.0,14.0,5.2,43.4,13.0,11.5,Yes,1366.8,2168.7
CUST00849,Chitwan,Office,Summer,Standard,3087.0,5.0,30.8,37.0,8.0,11.0,No,1083.3,1810.4
CUST01543,Bhaktapur,Residential,Winter,Standard,5741.0,6.0,,34.3,18.0,16.3,No,1373.5,2073.8
CUST01948,Biratnagar,Office,Summer,Standard,1840.0,7.0,24.3,47.2,6.0,15.2,No,236.7,1551.7
CUST00754,Biratnagar,Industrial,Winter,Smart,2229.0,2.0,25.6,49.3,17.0,5.1,No,629.8,1773.0
CUST00499,Biratnagar,Residential,Winter,Standard,3863.0,5.0,29.9,55.7,15.0,2.8,No,526.1,1338.5
CUST01277,Chitwan,Office,Summer,Smart,2097.0,5.0,21.6,81.1,18.0,12.4,No,975.1,1850.9
CUST01326,Bhaktapur,Commercial,Autumn,Standard,2251.0,10.0,10.1,60.6,10.0,3.3,Yes,883.9,913.8
CUST00012,Bhaktapur,Commercial,Winter,Smart,5630.0,9.0,32.7,84.6,2.0,16.9,No,1018.7,2054.0
CUST00397,Bhaktapur,Residential,Spring,Smart,3912.0,8.0,8.9,46.5,8.0,3.1,No,1227.7,988.9
CUST00285,Kathmandu,Residential,Spring,Standard,5747.0,12.0,17.2,50.8,2.0,11.3,No,1358.6,1705.9
CUST01067,Lalitpur,Commercial,Autumn,Standard,3588.0,4.0,31.8,44.3,8.0,5.7,No,1614.2,1462.7
CUST01192,Lalitpur,Residential,Spring,Smart,3317.0,5.0,20.7,75.0,8.0,4.8,No,189.5,1217.5
CUST01771,Kathmandu,Commercial,Autumn,Standard,2262.0,9.0,16.0,62.3,10.0,7.4,No,644.3,1453.2
CUST00691,Biratnagar,Residential,Summer,Smart,1389.0,3.0,24.1,70.7,14.0,10.8,No,1244.5,1569.4
CUST01655,Kathmandu,Office,Summer,Smart,1309.0,15.0,21.3,89.2,12.0,6.8,Yes,1168.8,1577.2
CUST01906,Biratnagar,Commercial,Spring,Smart,5876.0,7.0,19.5,47.9,15.0,16.1,Yes,805.5,1945.5
CUST00690,Bhaktapur,Commercial,Summer,Smart,5673.0,5.0,27.0,78.7,2.0,5.4,Yes,407.1,1239.0
CUST00852,Lalitpur,Industrial,Summer,Smart,4349.0,3.0,19.4,42.4,8.0,2.2,No,132.5,1421.0
CUST00160,Pokhara,Commercial,Summer,Smart,1343.0,4.0,19.5,84.4,17.0,5.5,No,1109.9,1426.0
CUST00896,Lalitpur,Residential,Winter,Standard,3770.0,7.0,10.9,84.6,7.0,16.7,No,1793.0,1974.5
CUST01841,Bhaktapur,Residential,Spring,Standard,1784.0,7.0,34.5,73.3,14.0,8.1,No,1747.6,1619.8
CUST00258,Pokhara,Residential,Summer,Smart,733.0,4.0,31.7,74.8,4.0,10.3,No,464.7,1242.9
CUST00336,Bhaktapur,Residential,Autumn,Smart,3416.0,5.0,25.4,59.3,18.0,13.2,No,1011.3,1688.5
CUST01910,Kathmandu,Residential,Winter,Smart,5584.0,14.0,18.0,40.7,13.0,9.9,No,1295.0,1960.3
CUST01040,Pokhara,Residential,Autumn,Smart,872.0,7.0,9.5,70.9,14.0,10.6,No,564.9,1429.8
CUST00516,Kathmandu,Commercial,Summer,Standard,2064.0,11.0,31.3,43.7,11.0,15.9,No,100.8,1740.2
CUST01349,Biratnagar,Office,Summer,Smart,5029.0,12.0,14.9,60.5,11.0,14.4,No,202.1,2096.8
CUST01016,Chitwan,Commercial,Winter,Standard,513.0,13.0,26.6,68.1,12.0,9.4,No,1251.6,1813.4
CUST00769,Lalitpur,Residential,Winter,Smart,5849.0,2.0,25.9,84.6,18.0,11.9,No,1372.9,2020.1
CUST01914,Lalitpur,Office,Spring,Smart,3134.0,12.0,14.0,40.7,3.0,13.3,No,1125.5,1737.3
CUST00762,Lalitpur,Residential,Summer,Smart,2963.0,13.0,16.6,36.9,15.0,12.7,No,773.3,1700.0
CUST01247,Lalitpur,Residential,Summer,Smart,2755.0,8.0,10.0,41.2,18.0,14.5,Yes,1277.7,1699.5
CUST01204,Biratnagar,Commercial,Summer,Smart,5404.0,4.0,25.4,49.9,11.0,8.5,No,659.2,1605.5
CUST01490,,Office,Summer,Smart,1056.0,15.0,8.2,45.2,20.0,13.9,No,487.0,2022.7
CUST00014,Biratnagar,Residential,Autumn,Smart,5225.0,7.0,7.8,57.0,18.0,3.7,No,1629.3,1718.9
CUST00522,Pokhara,Residential,Spring,Standard,886.0,7.0,21.0,46.9,15.0,6.4,No,259.4,849.4
CUST00023,Pokhara,Commercial,Spring,Smart,,15.0,25.7,71.7,16.0,17.1,No,650.7,2070.3
CUST00357,Biratnagar,Residential,Winter,Smart,4586.0,11.0,8.8,56.5,14.0,15.8,No,,1989.3
CUST01278,Chitwan,Office,Winter,Smart,3908.0,7.0,6.0,66.1,17.0,16.7,No,750.0,2121.3
CUST01313,Lalitpur,Residential,Winter,Standard,1076.0,4.0,6.9,70.9,15.0,2.9,Yes,1792.7,883.5
CUST01916,Chitwan,Industrial,Winter,Smart,5802.0,5.0,28.8,75.7,13.0,11.0,No,1153.3,2444.5
CUST00341,Kathmandu,Commercial,Spring,Standard,5070.0,11.0,19.3,75.3,7.0,7.4,No,509.4,1635.1
CUST00432,Biratnagar,Residential,Autumn,Standard,3764.0,10.0,33.5,32.5,7.0,4.0,No,787.7,1128.7
CUST00474,Kathmandu,Office,Summer,Standard,,1.0,24.0,48.8,9.0,5.3,No,1258.5,1296.5
CUST00218,,Residential,Summer,Standard,3861.0,15.0,15.1,89.8,13.0,16.9,No,1001.1,2195.8
CUST00912,Kathmandu,Residential,Summer,Smart,1836.0,8.0,28.8,89.2,2.0,14.0,No,1057.6,1489.8
CUST01228,,Commercial,Autumn,Smart,3097.0,1.0,11.6,46.4,2.0,9.7,Yes,297.6,984.9
CUST01620,Kathmandu,Commercial,Autumn,Smart,1741.0,7.0,28.1,43.2,12.0,6.8,No,214.4,1429.9
CUST01012,Bhaktapur,Office,Spring,Standard,5225.0,5.0,23.0,79.5,6.0,6.7,Yes,1023.9,1542.3
CUST01980,Pokhara,Residential,Spring,Smart,1184.0,1.0,31.1,57.3,6.0,8.8,No,425.0,855.9
CUST00094,Kathmandu,Commercial,Winter,Standard,921.0,10.0,24.3,54.2,14.0,15.1,No,709.3,1970.7
CUST01009,Chitwan,Residential,Winter,Smart,1116.0,6.0,20.5,53.9,3.0,8.1,No,1609.7,980.4
CUST01071,Kathmandu,Residential,Spring,Standard,5338.0,9.0,5.1,39.8,14.0,9.3,No,1096.7,1632.7
CUST01093,Chitwan,Residential,Summer,Smart,4034.0,8.0,15.5,80.8,11.0,11.8,No,347.9,1613.5
CUST01609,Chitwan,Residential,Spring,Smart,3319.0,3.0,30.6,70.8,8.0,14.8,No,1505.1,1631.2
CUST01309,Pokhara,Office,Summer,Standard,1213.0,11.0,9.2,82.8,2.0,15.1,No,111.1,1542.6
CUST00697,Kathmandu,Commercial,Autumn,Standard,,1.0,22.6,80.9,19.0,8.1,No,1764.5,1692.8
CUST01821,Bhaktapur,Residential,Winter,Smart,3779.0,4.0,26.9,42.6,4.0,11.5,Yes,1774.0,1558.2
CUST00997,Biratnagar,Office,Spring,Smart,2225.0,5.0,9.6,75.5,6.0,15.0,No,496.8,1494.8
CUST01459,Bhaktapur,Residential,Summer,Standard,1940.0,,12.6,88.2,9.0,9.8,No,1588.8,1768.8
CUST00154,Biratnagar,Industrial,Autumn,Smart,4428.0,15.0,8.1,70.2,10.0,7.9,No,1725.2,2227.2
CUST01100,Pokhara,Residential,Autumn,Smart,946.0,13.0,19.5,48.6,8.0,14.0,No,1329.1,1427.1
CUST01744,Pokhara,Office,Winter,Smart,5275.0,12.0,24.5,66.2,8.0,6.8,Yes,1692.9,1638.6
CUST00028,Kathmandu,Commercial,Summer,Smart,2393.0,12.0,13.2,81.3,10.0,8.4,No,473.6,1484.9
CUST00790,Bhaktapur,Residential,Summer,Smart,5893.0,1.0,12.5,34.4,14.0,13.5,No,1583.4,1867.6
CUST00581,Lalitpur,Office,Spring,Smart,3052.0,10.0,16.4,56.6,17.0,8.3,No,1546.8,1832.0
CUST01471,Bhaktapur,Commercial,Summer,Smart,4718.0,9.0,25.8,87.4,2.0,13.5,Yes,1276.7,1767.2
CUST00704,Biratnagar,Commercial,Autumn,Smart,1629.0,3.0,23.6,30.2,15.0,8.9,No,1568.4,1589.1
CUST01213,Biratnagar,Commercial,Summer,Smart,2212.0,,13.2,82.5,,17.1,No,288.8,1802.4
CUST01296,Lalitpur,Office,Spring,Standard,1381.0,9.0,32.0,53.5,10.0,4.5,No,1123.8,1472.7
CUST01691,Pokhara,Residential,Autumn,Smart,1554.0,10.0,22.5,69.7,20.0,12.3,No,149.6,1637.0
CUST01261,Biratnagar,Commercial,Winter,Smart,2241.0,,26.6,88.4,6.0,2.3,Yes,622.1,998.4
CUST00488,Pokhara,Office,Summer,Smart,5066.0,9.0,8.4,53.6,4.0,14.7,No,1559.8,2174.9
CUST00560,Kathmandu,Office,Spring,Smart,5233.0,6.0,22.5,86.5,14.0,5.8,No,282.5,1532.4
CUST01142,Pokhara,Commercial,Autumn,Smart,4787.0,14.0,19.3,61.7,3.0,9.4,No,500.2,1537.0
CUST01120,Chitwan,Residential,Winter,Standard,1404.0,8.0,14.4,61.9,7.0,18.0,No,1450.8,1701.0
CUST00802,Biratnagar,Residential,Autumn,Smart,752.0,6.0,14.2,76.9,14.0,17.8,No,1391.4,1804.4
CUST00513,Lalitpur,Residential,Autumn,Standard,1446.0,8.0,12.4,57.0,9.0,4.7,No,1320.6,1038.3
CUST00634,Bhaktapur,Residential,Spring,Smart,3779.0,2.0,19.9,33.2,,16.6,No,730.4,1673.7
CUST01502,Lalitpur,Residential,Autumn,Smart,5427.0,13.0,5.1,66.5,5.0,2.1,No,1335.6,1317.2
CUST01815,Pokhara,Industrial,Spring,Smart,,14.0,23.4,75.8,8.0,5.9,No,1712.5,2023.2
CUST01569,Biratnagar,Office,Summer,Standard,4675.0,3.0,7.5,32.9,20.0,5.3,No,1180.2,1784.4
CUST01151,Chitwan,Residential,Autumn,Standard,3481.0,7.0,15.0,80.9,12.0,4.3,No,331.4,1225.5
CUST00791,Kathmandu,Office,Autumn,Smart,1793.0,4.0,11.7,40.5,3.0,18.0,No,1339.2,1668.6
CUST00117,Kathmandu,Residential,Autumn,Standard,3685.0,11.0,15.0,64.2,3.0,16.2,No,1122.2,1612.5
CUST01498,Pokhara,Commercial,Winter,Smart,3638.0,8.0,31.4,76.5,,11.2,No,160.5,1875.6
CUST00741,Lalitpur,Industrial,Summer,Standard,2366.0,7.0,6.3,78.3,5.0,2.3,No,1677.4,1778.4
CUST01776,Bhaktapur,Office,Autumn,Standard,2940.0,15.0,27.5,54.7,20.0,14.6,No,1433.4,2204.4
CUST01082,Pokhara,Office,Winter,Standard,5650.0,14.0,13.7,85.5,11.0,17.1,No,1316.5,2545.2
CUST00831,Kathmandu,Residential,Autumn,Smart,2760.0,5.0,30.4,85.7,2.0,9.8,No,572.6,1198.0
CUST00120,Pokhara,Residential,Summer,Smart,2923.0,10.0,24.1,82.7,8.0,14.4,Yes,728.6,1693.4
CUST00657,Bhaktapur,Commercial,Spring,Smart,1789.0,3.0,16.9,81.3,13.0,12.9,No,537.8,1448.8
CUST01938,Lalitpur,Office,Summer,Smart,1712.0,5.0,15.5,63.5,8.0,13.1,No,590.0,1669.9
CUST00636,Lalitpur,Commercial,Summer,Standard,5311.0,12.0,33.7,46.2,20.0,14.3,No,604.6,2277.3
CUST00370,Pokhara,Office,Summer,Smart,5963.0,15.0,32.8,36.6,14.0,4.0,No,240.5,1853.9
CUST00269,Chitwan,Residential,Summer,Standard,4023.0,15.0,27.4,47.3,3.0,17.7,No,661.4,1756.5
CUST00656,Chitwan,Residential,Winter,Smart,2864.0,13.0,20.9,72.6,7.0,10.1,No,1728.7,1630.3
CUST00936,Biratnagar,Industrial,Winter,Standard,509.0,5.0,17.4,38.0,6.0,9.1,Yes,862.9,1450.7
CUST00823,Lalitpur,Office,Autumn,Smart,3231.0,7.0,18.5,57.8,19.0,13.9,Yes,1737.8,1929.4
CUST00867,Biratnagar,Office,Summer,Smart,3874.0,8.0,8.8,36.2,16.0,2.2,No,733.4,1432.0
CUST00047,Lalitpur,Residential,Autumn,Standard,1373.0,11.0,34.6,43.8,16.0,7.7,No,1246.5,1513.6
CUST01374,Pokhara,Office,Autumn,Standard,3086.0,15.0,28.2,76.3,6.0,12.4,No,,1935.3
CUST01746,,Commercial,Autumn,Standard,3909.0,14.0,27.4,82.0,15.0,10.7,No,1121.6,2007.4
CUST00992,Lalitpur,Commercial,Spring,Smart,4423.0,8.0,30.9,63.8,3.0,10.0,No,1683.6,1680.2
CUST00877,Chitwan,Residential,Winter,Smart,5191.0,11.0,24.1,47.6,10.0,12.5,No,999.8,1832.2
CUST00774,Chitwan,Residential,Autumn,Smart,2228.0,10.0,33.1,66.8,16.0,7.8,No,155.4,1501.2
CUST01220,Biratnagar,Office,Summer,Smart,2758.0,14.0,24.7,33.1,14.0,7.8,No,1655.9,2119.4
CUST00030,Bhaktapur,Residential,Summer,Smart,3402.0,14.0,34.4,80.1,20.0,15.2,Yes,972.7,2070.7
CUST00005,Biratnagar,Residential,Spring,Standard,732.0,,22.0,75.2,4.0,10.4,No,777.4,789.3
CUST01004,Chitwan,Office,Winter,Smart,4876.0,8.0,17.8,34.9,18.0,7.8,No,1166.2,1871.6
CUST01750,Biratnagar,Commercial,Autumn,Smart,1452.0,,9.2,45.7,2.0,13.0,Yes,,1283.7
CUST00264,Bhaktapur,Office,Winter,Smart,1389.0,15.0,17.5,80.1,17.0,2.3,Yes,821.3,1461.1
CUST01593,Chitwan,Commercial,Winter,Smart,4485.0,4.0,18.8,39.0,6.0,11.5,No,1361.0,1622.5
CUST01859,Kathmandu,Residential,Winter,Smart,1972.0,13.0,11.9,35.1,10.0,11.3,No,1501.6,1695.1
CUST00444,Bhaktapur,Office,Summer,Standard,5760.0,7.0,12.6,87.3,13.0,4.0,No,786.2,1841.1
CUST01003,Chitwan,Industrial,Winter,Smart,1732.0,4.0,5.2,37.8,2.0,13.0,No,828.1,1580.3
CUST01078,Kathmandu,Residential,Winter,Smart,2365.0,1.0,33.2,35.5,7.0,9.4,Yes,1047.2,1149.6
CUST00838,Kathmandu,Residential,Spring,Standard,576.0,2.0,28.4,37.9,19.0,2.5,Yes,957.0,810.7
CUST01818,Kathmandu,Residential,Summer,Smart,5137.0,12.0,19.3,73.7,20.0,8.9,Yes,1424.5,1817.0
CUST00305,Biratnagar,Residential,Autumn,Standard,4081.0,15.0,10.2,42.5,19.0,4.2,No,806.4,1579.3
CUST01366,Pokhara,Office,Autumn,Standard,1588.0,7.0,10.8,63.0,14.0,11.0,No,1410.4,1707.1
CUST01581,Bhaktapur,Residential,Winter,Smart,3983.0,3.0,34.2,43.9,3.0,3.1,No,790.1,1007.9
CUST00314,Pokhara,Industrial,Winter,Standard,858.0,7.0,12.0,66.0,5.0,10.0,No,513.9,1695.8
CUST00150,Chitwan,Office,Summer,Smart,1841.0,8.0,7.5,87.6,11.0,15.2,Yes,324.0,1919.6
CUST01149,Bhaktapur,Commercial,Spring,Smart,5063.0,5.0,26.9,49.7,15.0,15.1,No,1513.7,2107.8
CUST01214,Chitwan,Residential,Winter,Smart,3740.0,10.0,11.1,41.4,6.0,3.6,No,882.0,1375.0
CUST00575,Biratnagar,Office,Spring,Smart,880.0,14.0,11.9,85.8,9.0,2.4,No,884.4,1310.4
CUST00051,Chitwan,Residential,Winter,Standard,2779.0,7.0,11.5,83.4,8.0,12.5,Yes,166.3,1379.0
CUST01576,Lalitpur,Industrial,Autumn,Smart,4270.0,6.0,18.7,40.9,20.0,16.0,Yes,1454.8,2226.8
CUST00727,Kathmandu,Residential,Autumn,Standard,1377.0,8.0,28.7,70.7,16.0,2.8,Yes,363.0,897.4
CUST00834,Biratnagar,Industrial,Summer,Smart,4800.0,6.0,11.9,57.9,4.0,11.4,Yes,1096.6,2055.6
CUST01378,Chitwan,Residential,Summer,Standard,4114.0,7.0,21.4,36.2,13.0,4.7,No,319.0,1396.8
CUST01116,Lalitpur,Industrial,Summer,Standard,529.0,14.0,33.5,58.1,18.0,15.9,No,1362.8,2557.5
CUST01167,Biratnagar,Commercial,Winter,Smart,4608.0,12.0,25.2,48.6,16.0,15.1,Yes,1162.2,2224.1
CUST00471,Kathmandu,Residential,Winter,Standard,5506.0,15.0,26.5,73.8,15.0,11.6,No,908.3,1927.7
CUST00972,Pokhara,Office,Autumn,Smart,3622.0,13.0,8.6,62.0,10.0,2.9,No,248.7,1477.0
CUST00654,Biratnagar,Office,Autumn,Smart,2901.0,13.0,19.1,52.5,18.0,17.3,No,269.6,1995.0
CUST00400,Biratnagar,Residential,Spring,Smart,5043.0,8.0,25.6,66.7,20.0,2.1,No,275.7,1479.5
CUST00512,Lalitpur,Commercial,Summer,Smart,4068.0,5.0,7.3,85.1,10.0,3.1,No,1379.2,1694.3
CUST00321,Bhaktapur,Residential,Spring,Standard,4760.0,13.0,25.3,65.0,8.0,10.4,No,262.6,1473.1
CUST00020,Pokhara,Industrial,Winter,Smart,1323.0,9.0,6.0,53.2,9.0,17.3,No,480.1,2025.1
CUST00685,Pokhara,Residential,Winter,Standard,3591.0,4.0,6.0,86.7,9.0,10.2,No,1797.8,1654.1
CUST00036,Chitwan,Industrial,Winter,Smart,1342.0,9.0,7.3,37.7,7.0,14.4,No,1305.7,2031.1
CUST00903,Lalitpur,Residential,Summer,Standard,4523.0,3.0,11.4,68.0,3.0,4.4,No,940.0,1095.2
CUST01806,Lalitpur,Residential,Autumn,Smart,3742.0,3.0,26.1,49.3,11.0,12.2,No,1128.5,1431.0
CUST00828,Bhaktapur,Commercial,Spring,Standard,3487.0,5.0,34.0,46.8,12.0,12.3,No,103.7,1623.1
CUST01825,Chitwan,Residential,Autumn,Smart,2840.0,5.0,7.1,40.4,13.0,14.4,No,1625.7,1608.7
CUST00408,Chitwan,Residential,Spring,Standard,4811.0,2.0,14.3,39.0,11.0,9.2,No,1491.5,1356.7
CUST00921,Bhaktapur,Office,Summer,Smart,2043.0,13.0,33.1,73.7,8.0,7.7,No,1251.9,1757.2
CUST00538,Kathmandu,Residential,Summer,Standard,1242.0,10.0,25.6,38.8,11.0,8.1,Yes,1294.4,1267.0
CUST00759,Bhaktapur,Residential,Autumn,Smart,1472.0,8.0,7.1,46.4,20.0,4.9,No,145.3,1126.7
CUST01935,Pokhara,Residential,Autumn,Standard,1973.0,6.0,15.5,58.9,4.0,6.2,No,1534.1,956.9
CUST01063,Lalitpur,Residential,Summer,Smart,3325.0,4.0,7.8,82.3,6.0,5.5,No,284.1,1260.7
CUST01200,Pokhara,Commercial,Summer,Smart,4852.0,3.0,22.5,64.7,16.0,12.0,No,518.9,1851.8
CUST00246,Bhaktapur,Residential,Winter,Smart,1377.0,1.0,11.7,47.5,20.0,3.8,No,123.9,893.1
CUST01417,Kathmandu,Office,Autumn,Smart,4717.0,13.0,17.9,53.3,11.0,8.5,No,1529.0,1958.6
CUST01128,Biratnagar,Residential,Spring,Standard,4460.0,6.0,18.5,36.0,18.0,11.7,No,396.4,1631.3
CUST00785,Kathmandu,Office,Autumn,Smart,4991.0,8.0,20.9,54.2,13.0,9.2,No,1173.3,1907.2
CUST01794,Bhaktapur,Industrial,Spring,Smart,3020.0,15.0,18.0,74.2,15.0,15.0,No,971.6,2397.0
CUST00490,Kathmandu,Residential,Autumn,Smart,4683.0,12.0,31.3,46.4,11.0,12.7,No,819.5,1909.1
CUST00155,Pokhara,Office,Spring,Standard,5489.0,14.0,29.4,85.9,8.0,13.2,No,1416.2,2041.3
CUST00962,Lalitpur,Residential,Winter,Smart,3016.0,3.0,19.8,79.1,8.0,4.7,Yes,658.5,983.2
CUST00854,Bhaktapur,Residential,Autumn,Smart,1481.0,3.0,11.5,34.6,12.0,12.3,No,212.5,1139.4
CUST01312,Bhaktapur,Office,Autumn,Smart,756.0,2.0,10.5,69.9,19.0,3.8,No,417.2,1079.9
CUST00626,Biratnagar,Office,Spring,Smart,4609.0,14.0,8.0,75.7,17.0,5.1,No,1505.5,1856.1
CUST00686,Pokhara,Residential,Spring,Smart,5155.0,6.0,19.1,62.9,16.0,2.2,No,1661.2,1405.3
CUST01992,Lalitpur,Office,Winter,Smart,1734.0,14.0,13.4,50.1,3.0,2.5,No,1753.3,1564.3
CUST00570,Biratnagar,Office,Winter,Smart,4787.0,3.0,26.0,88.8,9.0,4.3,No,786.1,1621.1
CUST01939,Pokhara,Industrial,Autumn,Smart,1309.0,3.0,30.1,33.5,20.0,13.3,No,1514.3,2242.8
CUST00018,Chitwan,Office,Summer,Standard,2765.0,8.0,22.6,52.5,17.0,9.9,No,1313.8,1987.2
CUST00128,Bhaktapur,Residential,Winter,Standard,4383.0,10.0,12.6,69.6,7.0,7.3,No,270.2,1328.4
CUST01347,Lalitpur,Industrial,Summer,Smart,5439.0,7.0,23.9,44.0,10.0,11.4,No,155.9,2043.5
CUST01280,Biratnagar,Residential,Spring,Standard,3170.0,13.0,32.7,70.2,12.0,2.5,No,638.4,1247.9
CUST01999,Bhaktapur,Commercial,Spring,Smart,943.0,8.0,15.2,87.6,17.0,4.0,Yes,123.5,1156.4
CUST00928,Bhaktapur,Commercial,Summer,Smart,1654.0,15.0,12.6,79.1,10.0,11.8,Yes,94.0,1454.7
CUST00981,Chitwan,Residential,Winter,Smart,3991.0,9.0,26.3,70.2,18.0,4.9,Yes,1570.6,1601.4
CUST01995,Pokhara,Commercial,Spring,Smart,1920.0,7.0,9.0,67.5,6.0,7.1,No,1104.3,1387.2
CUST00191,Bhaktapur,Office,Spring,Standard,4129.0,12.0,14.5,78.1,7.0,7.9,No,694.0,1722.1
CUST01140,Chitwan,Residential,Winter,Standard,617.0,13.0,10.3,44.5,19.0,15.4,No,777.5,1786.6
CUST00993,Bhaktapur,Industrial,Summer,Smart,767.0,9.0,,37.2,20.0,5.1,Yes,1768.2,1804.8
CUST01986,Bhaktapur,Residential,Spring,Smart,2828.0,8.0,33.1,35.0,6.0,8.1,No,1519.9,1244.3
CUST01681,Kathmandu,Industrial,Spring,Smart,4768.0,2.0,28.0,43.1,16.0,4.5,No,397.7,1743.5
CUST00607,Pokhara,Residential,Winter,Smart,5690.0,4.0,15.8,81.5,10.0,16.1,No,573.6,1678.8
CUST00181,Kathmandu,Residential,Winter,Smart,1627.0,14.0,12.7,72.7,8.0,16.0,No,1452.2,1829.7
CUST00302,Kathmandu,Commercial,Autumn,Standard,5562.0,6.0,33.8,49.7,16.0,17.4,No,960.8,2236.1
CUST00497,Lalitpur,Office,Summer,Smart,4363.0,8.0,25.6,65.4,15.0,12.4,No,183.0,2210.1
CUST01721,Chitwan,Commercial,Autumn,Smart,956.0,2.0,21.6,79.3,2.0,14.9,No,1759.2,1546.1
CUST01735,Bhaktapur,Residential,Summer,Smart,1332.0,12.0,23.3,56.3,3.0,6.5,No,1402.7,1397.2
CUST00010,Biratnagar,Residential,Winter,Smart,1188.0,6.0,25.1,65.1,13.0,16.9,No,231.8,1519.3
CUST01867,Kathmandu,Office,Summer,Smart,1888.0,15.0,24.0,48.4,8.0,8.2,Yes,1388.1,1712.7
CUST00518,Biratnagar,Residential,Summer,Smart,5914.0,1.0,5.4,55.5,7.0,10.2,No,95.9,1238.6
CUST00015,Lalitpur,Residential,Autumn,Smart,4759.0,14.0,15.0,62.6,16.0,5.7,No,1639.2,1589.5
CUST01070,Biratnagar,Commercial,Autumn,Smart,3536.0,6.0,11.8,34.6,13.0,4.5,No,222.3,1381.0
CUST00477,Chitwan,Residential,Summer,Smart,1013.0,15.0,18.8,54.2,7.0,10.9,No,1595.6,1557.3
CUST00158,Bhaktapur,Residential,Autumn,Standard,2526.0,4.0,13.2,72.2,4.0,12.8,No,1523.4,1410.8
CUST01244,Bhaktapur,Office,Winter,Smart,5840.0,7.0,12.8,75.5,11.0,16.7,No,1002.8,2284.2
CUST01196,Kathmandu,Residential,Autumn,Smart,1211.0,8.0,20.8,37.4,9.0,6.6,Yes,1315.7,1107.6
CUST00017,Chitwan,Residential,Summer,Standard,2600.0,15.0,11.4,85.9,19.0,4.7,No,725.5,1430.3
CUST01536,Chitwan,Industrial,Spring,Smart,1352.0,1.0,20.1,62.1,8.0,14.0,No,206.2,1694.9
CUST01073,Kathmandu,Industrial,Autumn,Smart,3675.0,1.0,8.3,41.1,19.0,11.1,No,1762.1,2165.3
CUST00002,Biratnagar,Commercial,Winter,Standard,4093.0,10.0,5.4,35.1,9.0,14.0,No,1251.6,1726.8
CUST00547,Biratnagar,Residential,Autumn,Smart,5574.0,9.0,20.3,53.9,4.0,11.3,No,315.7,1492.9
CUST01540,Kathmandu,Residential,Spring,Standard,4808.0,14.0,9.8,54.7,14.0,11.4,No,1618.9,1884.7
CUST00659,Kathmandu,Residential,Spring,Smart,2375.0,6.0,23.3,31.1,2.0,11.6,No,419.9,1084.0
CUST01671,Bhaktapur,Residential,Autumn,Standard,2634.0,6.0,6.6,48.8,10.0,12.4,No,1536.4,1279.8
CUST01020,Bhaktapur,Residential,Summer,Smart,5826.0,8.0,16.0,40.2,12.0,9.4,No,458.8,1648.6
CUST01687,Bhaktapur,Residential,Autumn,Smart,5656.0,12.0,9.8,81.7,9.0,12.9,Yes,483.0,1558.6
CUST01505,Biratnagar,Residential,Spring,Smart,2360.0,5.0,16.0,51.3,11.0,2.5,No,1220.8,1088.3
CUST00960,Biratnagar,Commercial,Spring,Smart,2826.0,6.0,25.4,56.2,17.0,12.9,Yes,512.2,1692.7
CUST01912,Lalitpur,Residential,Winter,Standard,2073.0,,11.4,58.1,9.0,7.2,No,464.8,961.0
CUST00284,,Office,Autumn,Smart,4242.0,8.0,15.7,58.2,15.0,16.1,Yes,251.5,1695.5
CUST00798,Chitwan,Office,Summer,Smart,,10.0,21.8,81.5,11.0,16.4,No,936.1,2031.7
CUST01650,Bhaktapur,Residential,Autumn,Standard,4680.0,7.0,14.8,39.5,12.0,7.7,No,929.2,1425.1
CUST00226,Chitwan,Commercial,Autumn,Smart,4918.0,7.0,11.8,57.0,5.0,16.6,No,97.6,1592.0
CUST00027,Pokhara,Commercial,Autumn,Smart,3392.0,15.0,8.0,34.8,11.0,7.6,No,1632.2,1689.3
CUST01798,Kathmandu,Residential,Winter,Smart,4912.0,5.0,19.1,46.0,9.0,5.8,Yes,1299.0,1319.2
CUST00438,Biratnagar,Commercial,Summer,Smart,3741.0,2.0,13.0,56.0,3.0,14.4,No,1320.0,1732.4
CUST01979,Bhaktapur,Industrial,Summer,Smart,5720.0,7.0,19.1,64.3,4.0,7.3,No,1122.9,2039.1
CUST01389,Chitwan,Residential,Summer,Smart,5699.0,12.0,12.6,76.7,16.0,7.6,No,1366.0,1846.9
CUST00230,Lalitpur,Commercial,Autumn,Smart,4678.0,13.0,19.6,32.4,16.0,16.9,No,456.4,2305.7
CUST00038,Bhaktapur,Residential,Spring,Standard,4141.0,1.0,16.0,60.9,19.0,11.8,No,355.8,1563.2
CUST00750,Kathmandu,Residential,Summer,Smart,1180.0,6.0,32.1,42.4,19.0,14.8,No,1719.6,1880.6
CUST01046,Pokhara,Commercial,Spring,Standard,5331.0,4.0,10.1,55.8,15.0,13.9,No,1798.0,1922.0
CUST01399,Pokhara,Commercial,Summer,Smart,4612.0,4.0,25.4,54.7,8.0,16.3,No,1161.2,2125.5
CUST00470,Chitwan,Residential,Winter,Standard,3557.0,10.0,18.2,83.2,9.0,8.6,No,1002.6,1626.9
CUST01718,Kathmandu,Residential,Spring,Smart,3208.0,11.0,17.3,78.1,14.0,4.1,No,1377.9,1305.5
CUST01998,Biratnagar,Residential,Winter,Standard,1904.0,10.0,33.5,50.1,5.0,7.4,No,776.5,1407.9
CUST00688,Kathmandu,Residential,Winter,Standard,3864.0,14.0,8.5,40.8,9.0,8.8,No,1477.3,1653.2
CUST01872,Pokhara,Residential,Winter,Smart,2631.0,1.0,15.9,45.5,14.0,11.4,No,271.9,1311.2
CUST00640,Lalitpur,Office,Winter,Smart,1624.0,14.0,21.7,70.6,19.0,6.3,No,1648.9,2061.2
CUST01738,Biratnagar,Residential,Spring,Smart,1659.0,4.0,10.8,46.6,14.0,3.7,No,283.2,948.2
CUST01219,Chitwan,Office,Winter,Smart,5818.0,14.0,21.7,67.5,13.0,14.1,No,1498.1,2377.1
CUST01159,Kathmandu,Residential,Spring,Standard,2158.0,15.0,5.9,64.6,20.0,17.7,No,1564.4,2095.9
CUST01416,Biratnagar,Commercial,Winter,Smart,4742.0,15.0,15.8,70.3,20.0,15.4,Yes,227.3,2099.4
CUST01528,Lalitpur,Office,Spring,Standard,1488.0,9.0,31.6,71.0,17.0,13.2,No,336.4,1913.9
CUST01680,Biratnagar,Residential,Spring,Smart,5588.0,7.0,27.1,86.8,5.0,11.0,No,623.2,1369.7
CUST01301,Lalitpur,Residential,Summer,Standard,5037.0,4.0,16.7,43.9,12.0,4.0,No,669.2,1284.0
CUST01851,Bhaktapur,Commercial,Summer,Smart,4432.0,15.0,27.9,63.0,8.0,4.0,No,992.0,1795.1
CUST00801,Biratnagar,Commercial,Autumn,Smart,4530.0,13.0,6.2,77.7,11.0,8.3,No,1523.8,1849.4
CUST01604,Kathmandu,Residential,Winter,Standard,5524.0,10.0,17.7,43.1,5.0,10.7,Yes,610.4,1525.9
CUST00161,Lalitpur,Residential,Winter,Smart,2024.0,9.0,14.2,59.1,4.0,17.7,Yes,1733.1,1585.1
CUST00957,Bhaktapur,Office,Winter,Smart,5786.0,12.0,15.6,48.6,17.0,9.6,No,496.0,2151.3
CUST01187,Chitwan,Residential,Summer,Smart,5303.0,1.0,34.6,39.6,13.0,14.6,No,945.2,1817.8
CUST00822,Lalitpur,Industrial,Spring,Smart,4238.0,,21.6,86.9,,14.5,No,899.7,2094.0
CUST01707,Bhaktapur,Residential,Summer,Smart,4163.0,6.0,22.7,37.8,17.0,3.2,No,568.7,1523.1
CUST00878,Biratnagar,Office,Winter,Standard,5608.0,10.0,5.3,49.3,17.0,15.5,No,1417.1,2260.5
CUST00914,Lalitpur,Industrial,Spring,Smart,1161.0,7.0,21.1,37.6,18.0,16.1,Yes,956.8,1977.2
CUST00153,Bhaktapur,Residential,Winter,Standard,4227.0,2.0,7.2,85.4,14.0,10.7,Yes,528.3,1168.3
CUST01865,Bhaktapur,Residential,Autumn,Smart,4508.0,10.0,18.7,79.7,17.0,8.0,Yes,1782.3,1659.8
CUST01804,Bhaktapur,Commercial,Spring,Standard,3749.0,6.0,5.1,80.2,2.0,8.2,Yes,1206.4,1146.3
CUST00510,Lalitpur,Industrial,Autumn,Standard,921.0,11.0,6.5,77.9,4.0,10.1,No,312.8,1562.6
CUST01136,Pokhara,Residential,Spring,Standard,5844.0,6.0,16.9,86.3,16.0,8.5,No,780.0,1572.7
CUST01251,Kathmandu,Office,Spring,Standard,5948.0,14.0,19.8,79.2,17.0,2.6,No,1173.5,1885.2
CUST01689,Bhaktapur,Residential,Winter,Smart,3130.0,11.0,17.1,38.1,5.0,16.6,No,463.4,1564.8
CUST00104,Kathmandu,Residential,Autumn,Smart,3150.0,2.0,22.8,39.0,8.0,3.4,No,256.2,1036.5
CUST01446,Bhaktapur,Industrial,Autumn,Smart,1798.0,5.0,32.2,40.3,16.0,6.2,No,829.6,1816.5
CUST01444,Pokhara,Office,Spring,Smart,5607.0,11.0,32.2,60.3,6.0,11.4,No,1762.3,2033.6
CUST01765,Pokhara,Residential,Summer,Smart,1156.0,8.0,20.8,84.9,9.0,11.6,No,1674.9,1703.2
CUST00587,Biratnagar,Office,Summer,Smart,4172.0,4.0,14.6,81.7,18.0,3.6,No,1173.0,1788.4
CUST01937,Lalitpur,Office,Summer,Standard,5479.0,1.0,7.9,56.1,9.0,12.6,Yes,1128.3,1687.1
CUST01144,Chitwan,Residential,Summer,Smart,606.0,13.0,6.0,55.7,6.0,16.4,No,992.9,1527.2
CUST00054,Kathmandu,Commercial,Summer,Smart,4949.0,11.0,20.4,36.4,9.0,14.2,Yes,950.9,1748.0
CUST00152,Biratnagar,Industrial,Spring,Standard,709.0,1.0,12.6,82.5,5.0,5.5,Yes,657.8,1049.0
CUST00404,Pokhara,Commercial,Winter,Smart,4797.0,2.0,13.9,70.5,10.0,3.2,No,1665.6,1447.6
CUST01973,Lalitpur,Commercial,Spring,Smart,1059.0,5.0,34.0,69.4,6.0,11.1,No,279.3,1215.0
CUST00208,Pokhara,Residential,Autumn,Smart,4401.0,15.0,31.6,46.1,13.0,10.7,No,670.4,1662.6
CUST01925,Chitwan,Commercial,Spring,Smart,1595.0,6.0,5.3,89.0,12.0,13.4,No,1022.4,1598.0
CUST01123,Kathmandu,Office,Summer,Smart,3350.0,4.0,21.7,65.4,19.0,15.5,No,982.7,2149.1
CUST01777,Chitwan,Residential,Summer,Smart,5084.0,12.0,13.0,74.8,5.0,4.7,No,550.7,1360.5
CUST00009,Bhaktapur,Office,Autumn,Smart,1420.0,6.0,9.0,67.3,2.0,7.8,No,1007.9,1174.8
CUST01015,Pokhara,Residential,Autumn,Smart,1909.0,2.0,16.2,55.6,16.0,13.6,No,1094.4,1487.1
CUST01824,Lalitpur,Office,Autumn,Smart,765.0,6.0,18.7,68.4,13.0,17.3,No,737.4,1803.3
CUST01061,Lalitpur,Residential,Summer,Smart,510.0,8.0,23.4,88.8,12.0,16.5,No,661.4,1703.8
CUST00453,Bhaktapur,Industrial,Spring,Smart,4349.0,9.0,8.0,76.8,6.0,4.4,Yes,303.0,1394.0
CUST01676,Bhaktapur,Residential,Spring,Smart,1234.0,6.0,21.9,45.3,9.0,18.0,No,741.1,1481.8
CUST00254,Bhaktapur,Residential,Summer,Standard,5131.0,8.0,23.1,85.7,18.0,10.4,No,587.3,1824.5
CUST01328,Chitwan,Commercial,Autumn,Standard,5497.0,13.0,23.9,65.6,10.0,6.8,No,529.3,1630.9
CUST00897,Biratnagar,Residential,Summer,Smart,5890.0,13.0,22.3,60.6,18.0,8.8,No,1104.3,1920.1
CUST01760,Pokhara,Office,Spring,Smart,3731.0,11.0,23.4,86.4,14.0,2.3,No,1066.6,1491.4
CUST00881,Chitwan,Residential,Winter,Smart,1457.0,12.0,25.5,89.1,13.0,5.2,No,1342.7,1404.0
CUST01596,Kathmandu,Commercial,Spring,Smart,3512.0,9.0,5.6,55.5,7.0,16.1,No,1166.5,1639.9
CUST01919,Kathmandu,Office,Spring,Smart,1660.0,7.0,20.1,83.8,15.0,11.8,No,1710.8,1845.4
CUST00624,Kathmandu,Residential,Spring,Smart,3920.0,9.0,5.2,50.6,18.0,10.2,Yes,504.5,1273.9
CUST00346,Biratnagar,Commercial,Winter,Standard,1097.0,9.0,28.8,31.5,9.0,14.8,No,1192.7,1685.6
CUST01728,Biratnagar,Commercial,Summer,Smart,2437.0,10.0,28.3,82.9,5.0,4.3,No,472.3,1599.4
CUST00263,Kathmandu,Commercial,Summer,Smart,1466.0,,33.9,73.3,9.0,16.1,No,496.0,1790.8
CUST01635,Chitwan,Residential,Spring,Smart,3393.0,10.0,22.7,62.5,15.0,2.9,No,613.8,1361.2
CUST01322,Biratnagar,Residential,Winter,Standard,5667.0,3.0,24.2,34.4,20.0,3.1,No,937.3,1672.4
CUST01439,Pokhara,Commercial,Autumn,Smart,1693.0,5.0,29.6,65.4,6.0,4.8,No,1476.8,1004.6
CUST00151,Biratnagar,Office,Winter,Smart,4536.0,3.0,6.6,45.2,,10.7,No,1269.6,1743.3
CUST00473,Biratnagar,Office,Summer,Standard,5189.0,12.0,11.3,63.9,20.0,9.9,No,506.0,2132.5
CUST00641,Pokhara,Office,Autumn,Smart,5445.0,5.0,32.9,50.5,9.0,15.1,No,1599.1,2014.8
CUST00013,Chitwan,Residential,Summer,Smart,1969.0,12.0,8.4,48.2,13.0,14.1,No,874.6,1780.0
CUST01913,Chitwan,Residential,Autumn,Smart,5667.0,1.0,5.2,55.2,17.0,12.4,No,1324.5,1806.3
CUST00551,Kathmandu,Residential,Winter,Standard,5500.0,4.0,8.3,35.9,16.0,9.9,Yes,626.2,1434.9
CUST01984,Chitwan,Commercial,Winter,Smart,5305.0,14.0,22.6,86.6,2.0,2.6,No,1555.6,1692.4
CUST00929,Biratnagar,Residential,Winter,Standard,5721.0,5.0,20.5,30.3,4.0,3.1,Yes,842.4,997.6
CUST00489,Biratnagar,Residential,Autumn,Smart,2696.0,15.0,15.4,30.3,12.0,14.3,No,321.3,1478.0
CUST01840,Chitwan,Commercial,Spring,Standard,,12.0,10.0,75.3,7.0,10.7,No,1028.0,1764.3
CUST01172,Lalitpur,Industrial,Autumn,Smart,648.0,5.0,24.8,82.6,16.0,11.9,Yes,1572.8,2079.0
CUST00147,Pokhara,Residential,Spring,Smart,725.0,11.0,22.4,51.4,2.0,7.3,No,923.1,833.0
CUST01730,Kathmandu,Commercial,Autumn,Smart,5652.0,8.0,17.3,53.3,8.0,3.3,No,1001.1,1478.1
CUST01959,Lalitpur,Office,Autumn,Smart,,2.0,6.7,63.1,16.0,14.1,No,1015.2,1904.7
CUST00403,Kathmandu,Commercial,Summer,Smart,5333.0,13.0,6.3,83.7,14.0,4.6,Yes,924.6,1683.6
CUST00955,Lalitpur,Residential,Autumn,Smart,4924.0,15.0,18.8,43.3,18.0,10.0,Yes,755.0,1702.2
CUST01908,Bhaktapur,Residential,Autumn,Smart,5641.0,11.0,19.2,73.1,20.0,5.8,No,1660.1,1676.2
CUST00660,Chitwan,Industrial,Winter,Smart,5684.0,14.0,33.2,43.0,15.0,6.1,No,302.0,2298.4
CUST01373,Biratnagar,Residential,Spring,Standard,4390.0,5.0,22.4,88.1,5.0,2.6,No,221.7,971.5
CUST00464,Kathmandu,Residential,Summer,Standard,5822.0,12.0,27.7,56.6,7.0,16.0,No,1197.4,2080.8
CUST01350,Bhaktapur,Commercial,Spring,Smart,5559.0,13.0,8.6,89.5,16.0,4.4,No,97.0,1644.6
CUST00187,,Commercial,Autumn,Smart,2789.0,4.0,20.5,40.0,3.0,4.7,No,266.5,801.0
CUST01148,Biratnagar,Residential,Winter,Smart,3132.0,5.0,,87.6,10.0,14.9,Yes,273.0,1434.5
CUST01225,Chitwan,Office,Summer,Smart,5642.0,7.0,,64.0,7.0,3.1,No,831.0,1749.5
CUST00609,Pokhara,Office,Spring,Smart,4831.0,2.0,25.7,42.9,18.0,8.7,No,129.7,1651.1
CUST00144,Biratnagar,Office,Autumn,Smart,3998.0,7.0,14.0,68.5,15.0,14.1,No,919.5,1881.6
CUST00752,Biratnagar,Residential,Autumn,Smart,5666.0,2.0,34.5,31.5,15.0,2.5,No,1457.5,1514.2
CUST01535,Biratnagar,Residential,Autumn,Standard,1994.0,5.0,24.4,39.4,9.0,8.7,No,743.3,1155.1
CUST00982,Lalitpur,Residential,Winter,Standard,4211.0,11.0,8.5,88.9,19.0,11.7,No,663.8,1890.5
CUST00198,Pokhara,Residential,Autumn,Smart,4723.0,5.0,32.7,75.3,17.0,4.1,No,1562.5,1625.3
CUST01634,Bhaktapur,Office,Summer,Standard,4325.0,14.0,20.9,69.3,13.0,16.5,No,1510.8,2436.3
CUST00884,Bhaktapur,Residential,Spring,Smart,1812.0,10.0,28.8,30.3,2.0,2.2,No,1630.8,1045.7
CUST00280,Chitwan,Residential,Autumn,Standard,1919.0,9.0,33.8,43.0,18.0,9.7,No,1463.8,1649.7
CUST00294,Bhaktapur,Residential,Autumn,Smart,528.0,2.0,33.0,86.6,9.0,12.1,No,1346.6,1417.6
CUST01852,Pokhara,Office,Summer,Standard,1041.0,10.0,34.2,37.3,6.0,3.3,No,566.6,1323.9
CUST00401,Pokhara,Residential,Autumn,Standard,4798.0,4.0,24.0,56.3,12.0,8.8,No,900.4,1457.9
CUST00123,Chitwan,Residential,Winter,Smart,2073.0,,,42.8,2.0,7.5,No,1153.3,1270.5
CUST01208,Pokhara,Industrial,Summer,Smart,5733.0,11.0,33.1,57.8,9.0,8.7,No,753.8,2236.6
CUST00203,Kathmandu,Commercial,Autumn,Smart,5107.0,3.0,18.9,35.5,12.0,2.2,Yes,1536.8,1353.2
CUST01463,Chitwan,Office,Summer,Standard,4592.0,2.0,12.3,77.4,19.0,14.7,Yes,413.8,1924.7
CUST00836,Chitwan,Residential,Winter,Smart,4087.0,3.0,21.0,84.1,6.0,10.4,No,1264.0,1417.3
CUST00247,Chitwan,Residential,Spring,Smart,3370.0,4.0,26.5,69.3,16.0,8.9,No,1627.7,1627.6
CUST01440,Chitwan,Residential,Spring,Standard,2348.0,9.0,8.8,50.7,14.0,6.0,No,696.8,1309.8
CUST01734,Kathmandu,Commercial,Winter,Standard,5284.0,13.0,21.4,71.7,,13.5,No,1502.8,1990.4
CUST01780,Lalitpur,Office,Spring,Smart,3600.0,14.0,19.3,75.8,15.0,4.8,Yes,1530.4,1488.7
CUST01932,Chitwan,Residential,Summer,Smart,678.0,11.0,10.2,54.8,5.0,6.7,No,1650.8,1213.5
CUST01708,Biratnagar,Office,Winter,Standard,2739.0,9.0,23.9,88.0,12.0,17.0,No,1426.8,2412.2
CUST01911,Biratnagar,Residential,Autumn,Smart,2997.0,12.0,11.1,52.6,14.0,16.4,No,797.3,1835.9
CUST01154,Lalitpur,Office,Spring,Smart,1103.0,11.0,5.2,34.4,9.0,14.4,No,1268.8,1596.1
CUST01662,Kathmandu,Commercial,Summer,Smart,4316.0,5.0,17.4,31.0,4.0,10.7,No,1135.3,1686.7
CUST01427,Chitwan,Industrial,Spring,Smart,3998.0,15.0,9.3,30.7,2.0,16.1,No,1100.6,2025.9
CUST00385,Bhaktapur,Residential,Winter,Standard,3890.0,7.0,18.5,51.1,2.0,9.5,No,651.3,1372.4
CUST01785,Chitwan,Industrial,Summer,Smart,4129.0,3.0,30.4,42.2,18.0,9.4,No,470.2,2210.8
CUST00855,Bhaktapur,Residential,Autumn,Smart,4308.0,4.0,13.2,71.7,13.0,16.7,Yes,765.2,1604.7
CUST01590,Chitwan,Residential,Autumn,Standard,3250.0,8.0,30.0,30.9,11.0,12.3,No,945.0,1531.3
CUST00220,,Residential,Summer,Smart,856.0,8.0,14.9,52.9,16.0,5.0,No,512.3,1116.1
CUST00642,Kathmandu,Industrial,Winter,Smart,1629.0,4.0,16.3,62.6,8.0,13.4,No,1749.8,2062.8
CUST00002,Biratnagar,Commercial,Winter,Standard,4093.0,10.0,5.4,35.1,9.0,14.0,No,1251.6,1726.8
CUST00113,Bhaktapur,Residential,Autumn,Smart,5476.0,15.0,21.6,56.9,17.0,15.5,No,437.3,1991.3
CUST00699,Chitwan,Office,Winter,Smart,3849.0,14.0,7.2,45.2,6.0,16.6,No,,2008.3
CUST01946,Chitwan,Residential,Autumn,Standard,3023.0,15.0,28.3,58.9,13.0,3.5,No,454.7,1270.3
CUST00952,Pokhara,Residential,Summer,Smart,3729.0,9.0,33.7,44.4,17.0,11.1,No,740.5,1720.1
CUST01649,Lalitpur,Commercial,Summer,Smart,1971.0,4.0,21.7,89.4,16.0,13.2,No,473.1,1740.5
CUST01637,Lalitpur,Residential,Summer,Smart,886.0,6.0,6.1,80.4,19.0,9.6,No,208.6,1349.5
CUST01775,Biratnagar,Commercial,Summer,Standard,4063.0,5.0,27.7,78.6,12.0,12.1,No,1795.4,2006.4
CUST01411,Pokhara,Industrial,Summer,Smart,1859.0,14.0,7.7,72.4,4.0,5.9,No,1429.8,1715.3
CUST01410,Lalitpur,Commercial,Spring,Smart,5239.0,15.0,34.4,85.8,18.0,5.3,No,1576.8,1879.6
CUST01534,Lalitpur,Office,Winter,Standard,4982.0,5.0,20.2,66.0,5.0,15.8,No,1325.7,1991.9
CUST01292,Biratnagar,Industrial,Winter,Smart,2249.0,5.0,28.9,65.8,17.0,14.8,No,279.0,2011.9
CUST01901,Kathmandu,Residential,Winter,Smart,4416.0,9.0,11.8,66.8,10.0,17.2,Yes,1151.7,1656.7
CUST00442,Pokhara,Office,Summer,Standard,2087.0,13.0,27.4,31.4,5.0,9.8,No,1248.1,1831.0
CUST01521,Chitwan,Residential,Spring,Smart,3039.0,12.0,30.9,59.4,,17.5,Yes,495.7,1731.6
CUST01137,Biratnagar,Office,Spring,Smart,5007.0,10.0,11.5,49.0,14.0,2.4,No,1092.8,1754.7
CUST01716,Biratnagar,Commercial,Winter,Smart,596.0,6.0,8.8,53.3,20.0,7.2,No,1513.0,1521.6
CUST01257,Chitwan,Office,Spring,Smart,5836.0,15.0,27.6,75.6,16.0,15.4,No,798.3,2381.4
CUST01893,Chitwan,Residential,Summer,Smart,4385.0,6.0,24.4,80.2,20.0,6.9,No,119.2,1813.2
CUST01632,Chitwan,Residential,Spring,Smart,1027.0,3.0,23.4,34.5,,13.9,No,613.7,1231.6
CUST01696,Lalitpur,Residential,Summer,Standard,2092.0,7.0,14.3,82.9,13.0,17.9,No,719.6,1748.2
CUST01398,Chitwan,Office,Summer,Smart,882.0,8.0,25.4,88.9,12.0,12.9,Yes,545.3,1493.4
CUST00664,Biratnagar,Industrial,Winter,Standard,1282.0,6.0,31.7,36.6,2.0,9.2,No,1032.5,1515.0
CUST01875,Kathmandu,Residential,Spring,Smart,1016.0,4.0,19.6,65.3,5.0,8.7,No,834.6,1184.1
CUST01258,Kathmandu,Residential,Winter,Smart,5506.0,11.0,5.6,50.9,10.0,12.6,No,444.7,1577.7
CUST01801,Kathmandu,Residential,Autumn,Standard,4183.0,14.0,18.3,69.3,17.0,12.5,No,219.6,1778.9
CUST01701,Biratnagar,Residential,Spring,Standard,5638.0,3.0,11.9,84.1,7.0,14.2,No,1719.3,1713.3
CUST00318,Chitwan,Residential,Spring,Smart,1849.0,4.0,17.9,73.4,,9.1,No,530.3,1245.4
CUST00649,Lalitpur,Commercial,Summer,Standard,3709.0,13.0,21.0,65.9,5.0,14.2,No,1611.1,1934.1
CUST01435,Biratnagar,Residential,Summer,Smart,1525.0,5.0,15.8,66.0,18.0,2.4,Yes,1348.7,1058.4
CUST01480,Kathmandu,Office,Spring,Standard,2782.0,15.0,9.3,50.5,18.0,4.8,No,234.8,1498.8
CUST00710,Bhaktapur,Residential,Autumn,Smart,3877.0,4.0,6.8,35.2,12.0,4.1,No,805.8,1204.0
CUST01383,,Residential,Spring,Standard,5596.0,11.0,34.0,36.8,15.0,10.0,No,1396.2,1797.9
CUST01283,Biratnagar,Office,Winter,Smart,3080.0,13.0,28.4,68.9,16.0,12.9,No,1148.3,2040.4
CUST01769,Bhaktapur,Residential,Winter,Smart,2296.0,12.0,27.3,31.7,10.0,11.3,No,689.0,1532.9
CUST00973,Kathmandu,Residential,Winter,Smart,3964.0,10.0,5.4,36.0,6.0,14.4,No,1757.8,1898.3
CUST00628,Lalitpur,Residential,Winter,Smart,3304.0,11.0,20.0,86.4,3.0,12.2,Yes,1678.3,1402.1
CUST00633,Biratnagar,Residential,Summer,Smart,5041.0,3.0,18.9,62.8,13.0,17.8,No,1177.4,1997.5
CUST01307,Chitwan,Industrial,Summer,Standard,3485.0,13.0,18.7,51.7,3.0,3.8,No,1406.8,1891.9
CUST01401,Lalitpur,Residential,Autumn,Smart,4310.0,6.0,33.3,36.0,15.0,3.1,No,624.3,1492.7
CUST01409,Biratnagar,Office,Summer,Smart,2148.0,4.0,18.0,34.7,15.0,4.3,No,1295.3,1483.7
CUST01249,Lalitpur,Residential,Autumn,Smart,4719.0,6.0,6.1,73.4,5.0,3.0,No,1299.7,1261.4
CUST01983,Lalitpur,Office,Spring,Smart,1077.0,12.0,30.7,46.7,6.0,14.6,No,231.1,1493.2
CUST01255,Bhaktapur,Residential,Winter,Standard,3329.0,5.0,23.4,78.1,17.0,8.1,No,1076.1,1539.0
CUST01497,Pokhara,Residential,Summer,Smart,4519.0,4.0,24.0,57.8,3.0,2.1,No,1588.5,1310.8
CUST01372,Lalitpur,Residential,Winter,Smart,4144.0,4.0,29.0,58.4,4.0,7.2,Yes,1292.6,1206.0
CUST01530,Biratnagar,Office,Autumn,Standard,4983.0,4.0,24.4,69.8,6.0,6.1,No,456.4,1494.8
CUST01664,Bhaktapur,Residential,Spring,Smart,2873.0,4.0,22.5,30.8,18.0,11.7,No,1240.6,1500.1
CUST01355,Pokhara,Office,Winter,Standard,3842.0,4.0,14.5,70.9,20.0,16.5,No,991.4,2179.7
CUST01956,Lalitpur,Residential,Autumn,Standard,,9.0,11.1,55.6,,3.2,No,1155.0,1359.7
CUST01931,Chitwan,Industrial,Autumn,Smart,4818.0,10.0,8.9,87.3,14.0,11.6,Yes,92.8,1897.1
CUST01644,Chitwan,Office,Spring,Standard,4195.0,3.0,18.6,69.9,7.0,16.3,No,927.8,1715.1
CUST01878,Bhaktapur,Office,Summer,Smart,1281.0,2.0,10.0,70.0,2.0,4.5,No,1080.5,1210.2
CUST00796,Biratnagar,Office,Autumn,Smart,4781.0,12.0,24.3,52.3,17.0,7.2,No,1716.4,2144.2
CUST00646,Biratnagar,Residential,Spring,Smart,4872.0,4.0,13.6,50.4,16.0,13.2,No,296.6,1613.8
CUST01013,Bhaktapur,Office,Spring,Smart,4177.0,13.0,7.7,86.2,6.0,14.5,No,543.2,1884.7
CUST01868,Pokhara,Residential,Autumn,Smart,4685.0,5.0,15.9,43.1,14.0,12.5,No,1689.6,1820.9
CUST00557,Chitwan,Residential,Autumn,Standard,798.0,10.0,20.5,61.8,18.0,13.9,Yes,1791.5,1679.9
CUST00682,Pokhara,Residential,Winter,Standard,3256.0,3.0,15.0,57.0,16.0,3.9,No,1505.8,1378.4
CUST00578,Kathmandu,Commercial,Spring,Smart,738.0,4.0,10.1,47.8,20.0,2.7,Yes,1692.0,1262.5
CUST01820,Bhaktapur,Office,Winter,Standard,4684.0,9.0,12.4,53.8,2.0,5.9,No,301.1,1369.1
CUST01110,Chitwan,Residential,Summer,Smart,5164.0,12.0,33.7,53.2,12.0,12.9,No,1265.8,2148.9
CUST01267,Lalitpur,Residential,Winter,Smart,590.0,4.0,25.5,57.8,3.0,4.9,No,719.1,1085.5
CUST01723,Bhaktapur,Commercial,Winter,Standard,3487.0,12.0,14.7,45.8,15.0,7.8,No,1563.2,1921.9
CUST01184,Chitwan,Residential,Autumn,Standard,2103.0,11.0,12.0,53.8,17.0,2.1,No,1140.3,1114.4
CUST00525,Pokhara,Commercial,Summer,Smart,5311.0,2.0,13.0,79.1,3.0,14.4,Yes,1687.3,1800.0
CUST01060,Lalitpur,Office,Summer,Smart,3147.0,9.0,23.1,35.9,3.0,16.7,No,1361.7,1896.1
CUST00541,Pokhara,Office,Autumn,Smart,2638.0,13.0,14.0,55.3,5.0,8.6,No,123.8,1423.0
CUST01195,Lalitpur,Industrial,Winter,Smart,,8.0,28.3,56.2,6.0,3.3,No,783.7,1954.5
CUST01679,Biratnagar,Residential,Summer,Standard,1132.0,5.0,23.4,55.6,8.0,9.2,No,119.8,1100.6
CUST00749,Kathmandu,Residential,Autumn,Smart,5126.0,12.0,12.4,44.3,20.0,6.2,No,189.8,1555.8
CUST01899,Kathmandu,Commercial,Spring,Smart,5984.0,14.0,17.2,67.2,11.0,17.6,No,797.0,2156.9
CUST01431,Biratnagar,Industrial,Summer,Standard,958.0,11.0,25.3,58.2,16.0,7.9,No,1714.3,2211.4
CUST00485,Kathmandu,Residential,Winter,Smart,3014.0,9.0,30.9,38.7,19.0,8.0,No,723.5,1533.2
CUST01758,Chitwan,Industrial,Autumn,Standard,2354.0,11.0,15.7,74.1,3.0,13.8,Yes,200.9,1566.1
CUST00096,Pokhara,Residential,Autumn,Smart,4657.0,3.0,23.3,63.4,9.0,9.8,No,1349.2,1467.7
CUST01021,Pokhara,Office,Winter,Smart,5453.0,11.0,33.1,30.0,7.0,11.7,No,1224.7,2064.1
CUST00564,Lalitpur,Office,Winter,Smart,5492.0,13.0,13.6,36.0,7.0,3.5,No,1625.0,1568.6
CUST01265,Bhaktapur,Commercial,Spring,Standard,5593.0,2.0,30.4,89.3,20.0,3.0,No,581.5,1763.4
CUST00743,Pokhara,Commercial,Autumn,Standard,3675.0,13.0,28.2,77.3,7.0,10.7,No,110.3,1484.3
CUST00864,Bhaktapur,Residential,Winter,Standard,3200.0,4.0,,41.6,3.0,4.2,No,1336.4,1250.4
CUST01599,Lalitpur,Residential,Winter,Smart,1986.0,8.0,20.8,75.7,13.0,8.3,No,1107.2,1719.9
CUST01715,,Residential,Spring,Standard,4007.0,15.0,32.1,62.5,14.0,8.8,No,674.2,1639.4
CUST01485,Kathmandu,Office,Summer,Smart,3754.0,7.0,32.8,77.4,8.0,12.3,No,642.7,1831.0
CUST00892,Bhaktapur,Commercial,Winter,Smart,2241.0,6.0,11.6,54.0,7.0,4.4,No,1619.7,1371.0
CUST01578,Lalitpur,Commercial,Spring,Smart,5159.0,14.0,25.8,80.0,11.0,6.2,No,364.2,1630.8
CUST01039,Chitwan,Commercial,Spring,Smart,1409.0,8.0,16.2,88.5,17.0,12.5,No,1372.1,1771.3
CUST00207,,Commercial,Summer,Smart,5038.0,13.0,9.0,61.9,6.0,10.1,Yes,743.2,1633.5
CUST00393,Chitwan,Office,Spring,Standard,3486.0,11.0,14.8,87.1,18.0,9.5,No,876.9,1927.6
CUST00795,Kathmandu,Industrial,Autumn,Smart,3675.0,15.0,10.9,89.9,5.0,13.1,No,1506.1,2266.0
CUST00871,Lalitpur,Residential,Autumn,Standard,5843.0,9.0,28.5,58.5,15.0,8.4,No,612.6,1652.1
CUST00398,Lalitpur,Residential,Spring,Smart,556.0,9.0,18.6,46.4,16.0,10.6,Yes,1189.5,1285.5
CUST00767,Lalitpur,Residential,Spring,Standard,3683.0,3.0,16.6,55.1,10.0,6.8,Yes,1597.1,1136.2
CUST01870,Pokhara,Office,Spring,Standard,3735.0,10.0,27.7,67.7,13.0,8.9,No,84.3,1534.1
CUST01242,Kathmandu,Office,Summer,Standard,864.0,8.0,26.1,48.1,7.0,8.5,No,791.3,1526.4
CUST01029,Kathmandu,Residential,Winter,Standard,3970.0,13.0,7.5,33.3,15.0,13.4,No,581.3,1774.3
CUST01793,Pokhara,Residential,Autumn,Smart,1661.0,9.0,33.0,44.0,7.0,5.1,No,1479.9,1307.2
CUST00643,Biratnagar,Residential,Winter,Smart,2202.0,6.0,18.9,80.4,10.0,17.7,No,1312.4,1871.0
CUST01922,Chitwan,Office,Winter,Smart,4040.0,13.0,26.7,62.6,12.0,12.7,No,778.3,1999.8
CUST00613,Lalitpur,Commercial,Autumn,Standard,4473.0,3.0,29.5,41.0,18.0,13.9,No,740.0,1927.0
CUST01763,Biratnagar,Residential,Summer,Smart,2691.0,8.0,24.6,44.4,9.0,14.6,No,1569.1,1736.8
CUST00961,Pokhara,Industrial,Spring,Smart,3310.0,6.0,11.0,77.4,12.0,10.8,No,237.5,1603.5
CUST01571,Kathmandu,Office,Winter,Smart,,15.0,19.2,63.7,5.0,3.0,No,1102.7,1431.8
CUST00726,Bhaktapur,Commercial,Summer,Smart,3772.0,5.0,15.7,77.1,15.0,2.1,No,588.9,1446.4
CUST00684,Lalitpur,Office,Autumn,Smart,4542.0,2.0,9.4,60.6,11.0,14.4,No,1633.7,1921.8
CUST00099,Kathmandu,Commercial,Spring,Standard,4120.0,8.0,20.6,61.4,7.0,17.8,No,99.9,1721.3
CUST00805,Lalitpur,Industrial,Spring,Smart,5755.0,13.0,11.6,80.0,5.0,8.1,Yes,526.1,1838.7
CUST01752,Kathmandu,Residential,Winter,Smart,5379.0,1.0,16.7,84.6,4.0,7.4,Yes,1514.0,1265.1
CUST01598,Kathmandu,Office,Autumn,Smart,3003.0,2.0,20.2,40.3,10.0,9.9,Yes,805.1,1514.4
CUST00407,Kathmandu,Residential,Winter,Standard,5487.0,11.0,13.7,45.9,13.0,14.9,No,834.8,2001.5
CUST00503,Chitwan,Commercial,Autumn,Smart,3503.0,7.0,20.2,73.7,16.0,13.9,No,432.0,1795.3
CUST01072,Kathmandu,Office,Autumn,Standard,4153.0,12.0,14.1,53.3,12.0,16.0,No,908.9,2002.1
CUST01057,Bhaktapur,Residential,Summer,Smart,1903.0,6.0,18.0,80.5,12.0,14.9,No,932.3,1654.6
CUST00930,Kathmandu,Office,Autumn,Standard,4905.0,10.0,5.4,89.5,17.0,15.8,No,714.7,2278.0
CUST00780,Lalitpur,Residential,Summer,Standard,4977.0,2.0,14.6,56.1,3.0,7.7,Yes,157.6,863.3
CUST01864,Biratnagar,Office,Spring,Smart,4738.0,5.0,16.2,78.7,20.0,15.7,No,636.8,2101.9
CUST00201,,Residential,Summer,Smart,4356.0,10.0,16.8,78.8,2.0,12.3,Yes,1358.5,1528.5
CUST00135,Kathmandu,Commercial,Winter,Standard,4509.0,6.0,34.3,71.9,9.0,13.1,Yes,1308.1,1794.9
CUST01052,Chitwan,Residential,Winter,Smart,2407.0,3.0,18.5,84.9,18.0,9.9,No,1106.8,1534.2
CUST00041,Kathmandu,Office,Autumn,Standard,5614.0,2.0,27.7,69.4,4.0,7.2,No,1337.5,1459.0
CUST01018,Pokhara,Industrial,Spring,Standard,2221.0,4.0,17.7,59.4,2.0,2.9,No,1533.8,1421.8
CUST00231,Chitwan,Commercial,Summer,Standard,2850.0,10.0,26.1,49.9,7.0,16.9,No,946.1,1993.7
CUST01514,Kathmandu,Commercial,Autumn,Standard,1546.0,5.0,10.4,33.8,20.0,8.3,No,313.8,1311.6
CUST01797,Chitwan,Residential,Autumn,Smart,1194.0,12.0,21.9,77.6,7.0,7.2,No,349.5,1059.9
CUST00379,Lalitpur,Commercial,Autumn,Smart,5325.0,9.0,25.9,82.5,12.0,16.9,No,1784.1,2380.0
CUST00289,Bhaktapur,Office,Winter,Standard,3884.0,14.0,19.9,66.6,5.0,10.6,No,1688.0,1999.7
CUST00419,Chitwan,Residential,Autumn,Standard,2937.0,8.0,33.3,44.7,9.0,7.8,No,1478.3,1508.0
CUST01699,Kathmandu,Residential,Summer,Smart,2889.0,4.0,33.7,44.9,9.0,2.9,No,261.4,1179.8
CUST00392,Bhaktapur,Commercial,Autumn,Standard,5072.0,10.0,28.1,49.7,6.0,13.0,No,606.5,1955.1
CUST00593,Kathmandu,Office,Autumn,Smart,1990.0,10.0,12.7,36.0,19.0,12.2,No,1454.2,1999.9
CUST01523,Kathmandu,Commercial,Summer,Smart,4214.0,6.0,10.8,42.3,12.0,13.1,No,630.1,1842.1
CUST01163,Pokhara,Residential,Summer,Smart,2113.0,12.0,9.6,33.6,11.0,3.8,No,210.0,1060.6
CUST01087,Kathmandu,Residential,Spring,Smart,4848.0,2.0,,73.3,8.0,6.6,No,1344.8,1325.9
CUST01496,Biratnagar,Office,Spring,Smart,1694.0,6.0,8.0,38.7,10.0,17.0,No,1629.8,1830.8
CUST00648,,Commercial,Spring,Smart,3447.0,9.0,21.3,32.5,5.0,13.4,No,577.9,1579.7
CUST01153,Chitwan,Residential,Winter,Smart,5829.0,6.0,5.4,67.5,11.0,5.8,No,909.7,1469.9
CUST01368,Biratnagar,Industrial,Spring,Standard,3659.0,10.0,20.4,66.9,7.0,14.8,Yes,701.1,1931.8
CUST00521,Kathmandu,Residential,Autumn,Standard,3486.0,10.0,16.3,71.3,16.0,13.0,No,288.8,1589.8
CUST01863,Lalitpur,Residential,Summer,Smart,4854.0,7.0,16.8,85.6,9.0,6.2,No,602.7,1493.6
CUST01881,Pokhara,Office,Summer,Smart,2886.0,2.0,20.8,41.2,7.0,17.2,No,1493.3,1801.4
CUST00065,Kathmandu,Residential,Spring,Standard,4879.0,14.0,9.9,55.2,7.0,15.2,No,722.8,1610.5
CUST01837,Lalitpur,Office,Autumn,Smart,4093.0,11.0,16.1,38.2,12.0,17.5,No,679.9,2082.1
CUST00015,Lalitpur,Residential,Autumn,Smart,4759.0,14.0,15.0,62.6,16.0,5.7,No,1639.2,1589.5
CUST01181,Biratnagar,Commercial,Autumn,Smart,5087.0,4.0,21.7,57.2,18.0,7.1,No,1720.1,1886.3
CUST01065,Lalitpur,Residential,Summer,Smart,5180.0,5.0,35.0,31.3,2.0,5.4,Yes,399.5,962.7
CUST00493,Chitwan,Office,Spring,Smart,3653.0,12.0,28.6,38.0,14.0,11.3,No,106.0,1765.1
CUST00380,Bhaktapur,Industrial,Winter,Standard,1088.0,2.0,26.0,40.3,10.0,13.0,No,591.8,1815.3
CUST00188,Kathmandu,Office,Autumn,Smart,1466.0,13.0,29.6,31.4,2.0,7.5,No,1325.9,1599.6
CUST00764,Biratnagar,Residential,Summer,Smart,3003.0,11.0,22.9,75.6,19.0,11.2,No,378.2,1863.3
CUST00217,Kathmandu,Residential,Winter,Standard,1186.0,12.0,11.1,79.1,20.0,4.1,No,1306.8,1562.5
CUST00792,Biratnagar,Office,Winter,Standard,2965.0,10.0,20.6,83.4,9.0,7.6,No,1356.0,1879.7
CUST01077,Chitwan,Residential,Winter,Standard,5994.0,3.0,27.5,59.1,20.0,11.2,No,412.0,1858.4
CUST00879,Lalitpur,Commercial,Autumn,Standard,2724.0,12.0,6.0,56.3,12.0,13.5,No,1079.4,1727.2
CUST00338,Lalitpur,Office,Autumn,Smart,1575.0,3.0,33.4,43.6,11.0,8.7,No,149.1,1550.0
CUST01773,Lalitpur,Residential,Autumn,Smart,3785.0,8.0,33.8,42.9,19.0,13.8,No,1495.0,1994.7
CUST00720,Kathmandu,Industrial,Autumn,Smart,1288.0,6.0,9.3,83.7,9.0,5.8,No,1156.8,1450.4
CUST01749,Bhaktapur,Commercial,Autumn,Standard,5488.0,12.0,27.6,32.1,11.0,12.8,No,481.6,1908.7
CUST00296,Pokhara,Industrial,Autumn,Standard,1520.0,3.0,24.8,69.8,8.0,5.4,No,277.6,1450.4
CUST01726,Lalitpur,Residential,Summer,Smart,1531.0,5.0,29.1,86.9,10.0,2.7,Yes,1200.7,1016.4
CUST01017,Lalitpur,Commercial,Summer,Smart,756.0,15.0,21.6,81.4,6.0,3.4,No,1253.7,1403.3
CUST01276,Pokhara,Office,Spring,Standard,686.0,10.0,22.0,36.2,5.0,17.7,No,1301.2,1615.6
CUST01751,Lalitpur,Residential,Summer,Smart,5850.0,9.0,15.4,46.7,6.0,2.7,No,745.6,1476.6
CUST01486,Kathmandu,Office,Spring,Smart,1156.0,2.0,20.6,33.9,17.0,10.4,No,664.1,1553.2
CUST00456,Lalitpur,Residential,Winter,Smart,770.0,14.0,24.5,51.4,,11.5,No,525.5,1688.6
CUST00027,Pokhara,Commercial,Autumn,Smart,3392.0,15.0,8.0,34.8,11.0,7.6,No,1632.2,1689.3
CUST00816,Pokhara,Residential,Spring,Smart,2838.0,6.0,20.2,62.0,18.0,4.7,No,736.2,1170.4
CUST01887,Lalitpur,Residential,Spring,Standard,4818.0,12.0,5.5,52.3,8.0,5.3,No,477.0,1238.6
CUST00270,Lalitpur,Office,Summer,Smart,2263.0,13.0,20.6,49.4,16.0,5.2,No,1285.2,1907.5
CUST00996,Chitwan,Office,Autumn,Smart,4721.0,14.0,15.0,77.5,14.0,8.2,No,774.0,2000.3
CUST00202,Pokhara,Commercial,Summer,Standard,1326.0,1.0,20.1,32.0,5.0,17.9,No,698.8,1734.9
CUST00162,Lalitpur,Commercial,Summer,Smart,,4.0,20.5,57.6,12.0,15.5,No,409.5,1700.5
CUST01580,Chitwan,Commercial,Spring,Smart,4004.0,11.0,30.6,84.8,18.0,14.5,Yes,1432.4,2063.9
CUST00730,Lalitpur,Residential,Spring,Standard,2077.0,7.0,27.2,50.2,3.0,15.3,No,,1243.5
CUST00402,Lalitpur,Office,Autumn,Smart,4268.0,4.0,29.3,73.6,15.0,4.2,No,692.7,1650.6
CUST00703,Pokhara,Commercial,Autumn,Smart,2067.0,15.0,15.2,45.8,19.0,10.3,No,659.6,1907.7
CUST01501,Chitwan,Office,Winter,Standard,1277.0,11.0,31.0,33.0,3.0,16.5,No,376.3,1671.8
CUST01846,Pokhara,Office,Summer,Smart,5174.0,9.0,24.9,57.4,10.0,7.5,No,1582.1,1939.0
CUST01796,Pokhara,Residential,Spring,Standard,5148.0,2.0,18.4,62.4,2.0,6.1,No,640.6,929.8
CUST01130,Bhaktapur,Commercial,Winter,Standard,4459.0,11.0,19.1,87.6,2.0,16.1,No,1260.3,1821.7
CUST00566,Bhaktapur,Office,Spring,Smart,986.0,10.0,18.0,30.5,3.0,3.6,No,163.5,879.6
CUST01414,Lalitpur,Office,Spring,Smart,4460.0,13.0,23.7,74.4,4.0,14.6,No,1300.8,1933.1
CUST01022,Chitwan,Residential,Winter,Standard,3490.0,1.0,6.6,73.1,9.0,2.1,No,1619.7,1140.3
CUST01026,Chitwan,Commercial,Summer,Standard,1744.0,10.0,10.5,63.6,16.0,10.6,No,1349.3,2016.9
CUST01412,Kathmandu,Residential,Winter,Smart,4931.0,7.0,32.7,49.8,2.0,16.9,Yes,992.7,1692.6
CUST01896,Pokhara,Commercial,Spring,Smart,3850.0,8.0,15.2,42.8,14.0,8.6,Yes,143.0,1226.0
CUST01586,Bhaktapur,Residential,Autumn,Smart,3284.0,11.0,19.3,71.7,3.0,14.1,No,224.8,1401.7
CUST01105,Biratnagar,Residential,Spring,Smart,5037.0,1.0,8.3,36.0,19.0,14.8,No,1284.5,1791.5
CUST00206,Lalitpur,Commercial,Summer,Smart,3679.0,7.0,5.9,60.6,9.0,16.6,No,157.6,1893.3
CUST00035,Chitwan,Office,Spring,Smart,2000.0,10.0,22.4,43.0,19.0,9.8,Yes,649.3,1615.4
CUST00776,Lalitpur,Commercial,Autumn,Smart,829.0,1.0,18.1,58.9,3.0,8.0,No,762.1,1031.2
CUST00509,Pokhara,Commercial,Winter,Smart,5955.0,15.0,10.8,44.5,9.0,11.0,No,1253.5,1948.0
CUST01452,Lalitpur,Residential,Spring,Standard,3120.0,,26.3,71.1,8.0,17.2,No,977.7,1695.4
CUST01479,Lalitpur,Residential,Summer,Smart,1464.0,4.0,22.0,49.4,14.0,15.4,No,498.8,1434.3
CUST00001,Pokhara,Residential,Spring,Smart,,4.0,23.5,60.4,20.0,9.2,No,304.2,1278.6
CUST01391,Lalitpur,Commercial,Winter,Smart,3534.0,14.0,17.1,62.1,2.0,16.9,No,1543.4,2050.8
CUST00092,Biratnagar,Residential,Spring,Standard,598.0,14.0,15.2,82.5,20.0,13.7,No,351.1,1580.5
CUST01364,Bhaktapur,Industrial,Spring,Smart,,5.0,26.2,50.1,15.0,11.4,No,439.6,1899.3
CUST00898,Lalitpur,Residential,Autumn,Smart,4583.0,10.0,32.8,71.7,20.0,7.8,No,1431.7,1825.8
CUST00565,Biratnagar,Office,Spring,Smart,870.0,6.0,30.3,70.4,6.0,5.8,Yes,850.5,1034.1
CUST01370,Chitwan,Office,Autumn,Smart,5823.0,9.0,30.8,36.7,16.0,16.0,No,1204.7,2364.9
CUST00777,Kathmandu,Residential,Winter,Smart,2986.0,1.0,5.6,54.0,10.0,9.8,No,853.6,1243.3
CUST00242,Bhaktapur,Office,Autumn,Smart,2943.0,6.0,9.1,74.0,4.0,16.3,No,945.9,1533.2
CUST00014,Biratnagar,Residential,Autumn,Smart,5225.0,7.0,7.8,57.0,18.0,3.7,No,1629.3,1718.9
CUST00316,Pokhara,Office,Winter,Standard,2871.0,13.0,21.9,68.5,14.0,11.4,No,927.0,2144.2
CUST00601,Kathmandu,Residential,Autumn,Smart,2146.0,6.0,19.6,50.2,7.0,2.4,Yes,1208.3,746.2
CUST00388,Lalitpur,Residential,Summer,Smart,1494.0,4.0,6.3,63.2,3.0,9.0,No,682.3,1094.6
CUST01298,Chitwan,Industrial,Summer,Smart,1139.0,10.0,21.6,52.6,3.0,7.9,No,1368.3,1725.7
CUST00167,Chitwan,Commercial,Summer,Standard,3885.0,10.0,17.8,30.9,16.0,10.6,Yes,1009.0,1745.3
CUST00841,Biratnagar,Office,Winter,Smart,4185.0,8.0,29.0,50.7,10.0,3.2,Yes,912.9,1481.1
CUST00021,Biratnagar,Residential,Summer,Smart,3931.0,10.0,14.6,66.0,3.0,8.9,Yes,669.8,1291.3
CUST00647,Lalitpur,Office,Spring,Standard,2306.0,13.0,,50.1,16.0,18.0,No,405.5,2035.9
CUST01843,Bhaktapur,Residential,Autumn,Smart,1268.0,5.0,22.7,82.6,20.0,13.7,No,564.6,1615.9
CUST01509,Kathmandu,Residential,Autumn,Smart,1783.0,6.0,32.1,53.8,,3.0,No,280.5,784.0
CUST01155,Lalitpur,Commercial,Autumn,Standard,3562.0,1.0,12.2,80.2,17.0,5.8,No,497.3,1554.2
CUST01529,Kathmandu,Industrial,Winter,Smart,2381.0,10.0,21.3,86.4,4.0,13.9,No,118.1,1975.7
CUST00832,Chitwan,Office,Spring,Smart,935.0,14.0,17.8,45.7,20.0,2.9,No,231.5,1368.0
CUST01268,Pokhara,Residential,Spring,Smart,3506.0,13.0,34.8,66.8,20.0,12.1,Yes,758.6,1641.2
CUST01591,Kathmandu,Residential,Spring,Smart,969.0,13.0,32.1,79.0,6.0,17.1,Yes,939.2,1439.2
CUST01900,Chitwan,Residential,Spring,Standard,4272.0,5.0,26.2,55.2,8.0,2.7,No,1522.8,1224.6
CUST00563,Biratnagar,Commercial,Summer,Smart,1283.0,14.0,28.3,51.9,11.0,4.4,No,1530.3,1650.8
CUST01982,Chitwan,Residential,Summer,Smart,4733.0,8.0,8.9,57.0,10.0,8.0,No,1533.8,1700.5
CUST00687,Biratnagar,Office,Summer,Standard,1468.0,11.0,33.6,87.2,14.0,12.8,No,1418.0,2145.5
CUST00958,Bhaktapur,Residential,Spring,Smart,3469.0,1.0,24.1,85.3,10.0,15.9,No,215.7,1295.5
CUST00190,Chitwan,Commercial,Summer,Smart,3561.0,3.0,6.2,69.3,2.0,17.3,No,884.5,1687.3
CUST01807,Chitwan,Office,Summer,Standard,2368.0,4.0,8.0,36.2,19.0,11.5,No,,2052.0
CUST00976,Bhaktapur,Residential,Summer,Smart,4290.0,10.0,26.9,35.6,8.0,10.1,No,629.2,1505.7
CUST00700,Biratnagar,Residential,Spring,Smart,2277.0,7.0,25.7,82.2,7.0,5.2,Yes,1012.0,957.2
CUST01500,Chitwan,Residential,Spring,Smart,1171.0,13.0,33.7,68.0,17.0,13.9,No,842.5,1698.5
CUST01706,Chitwan,Office,Spring,Smart,3581.0,6.0,32.9,64.9,9.0,17.9,Yes,1572.5,1780.9
CUST00511,Pokhara,Commercial,Winter,Smart,2273.0,5.0,31.2,56.0,15.0,5.3,No,325.8,1386.3
CUST01083,Lalitpur,Commercial,Summer,Standard,1658.0,9.0,12.6,79.6,19.0,8.4,No,923.0,1789.7
CUST00475,Biratnagar,Office,Spring,Standard,4188.0,14.0,34.3,40.7,3.0,4.6,No,1291.3,1617.2
CUST01585,Bhaktapur,Residential,Spring,Smart,2432.0,15.0,25.3,89.9,,17.9,No,,2200.6
CUST00857,Pokhara,Residential,Autumn,Smart,1392.0,12.0,26.6,48.7,20.0,14.2,No,1531.8,2055.5
CUST00748,Chitwan,Office,Summer,Smart,3916.0,15.0,26.0,84.2,17.0,14.9,Yes,1555.1,2334.7
CUST00253,Pokhara,Residential,Autumn,Standard,2151.0,15.0,19.3,82.6,7.0,5.2,No,1032.0,1398.2
CUST00022,Kathmandu,Office,Autumn,Smart,4651.0,13.0,29.3,60.8,15.0,14.6,Yes,202.1,1971.4
CUST01338,Chitwan,Office,Spring,Smart,5029.0,13.0,20.6,48.9,20.0,16.4,Yes,958.7,2225.9
CUST00460,Chitwan,Office,Autumn,Smart,4793.0,15.0,23.5,43.9,9.0,11.7,No,748.8,1942.2
CUST01185,Lalitpur,Commercial,Winter,Smart,3552.0,5.0,5.0,89.0,20.0,14.2,Yes,1668.0,2009.4
CUST00277,Kathmandu,Commercial,Winter,Smart,4506.0,10.0,23.5,89.2,8.0,13.8,No,1362.7,2058.6
CUST00956,Chitwan,Residential,Winter,Standard,4636.0,5.0,15.9,75.4,14.0,5.1,No,1051.3,1286.8
CUST01216,Chitwan,Industrial,Summer,Standard,5393.0,12.0,6.7,31.4,9.0,2.0,No,771.1,1913.7
CUST00386,Lalitpur,Commercial,Summer,Standard,3940.0,9.0,11.0,51.7,17.0,8.7,No,1519.2,1836.6
CUST00806,Bhaktapur,Industrial,Autumn,Smart,722.0,3.0,26.2,71.3,20.0,12.5,No,1345.0,1929.8
CUST01438,Biratnagar,Industrial,Winter,Smart,3185.0,9.0,32.3,86.7,9.0,7.9,No,1311.3,2010.7
CUST01516,Chitwan,Commercial,Autumn,Smart,2838.0,10.0,29.4,61.6,12.0,5.3,No,668.2,1456.5
CUST00344,Biratnagar,Commercial,Summer,Smart,,1.0,20.0,76.6,5.0,5.7,No,1597.3,1509.2
CUST00770,Bhaktapur,Residential,Summer,Smart,3667.0,5.0,8.2,72.9,13.0,5.7,No,1207.4,1439.8
CUST01333,Kathmandu,Commercial,Winter,Smart,4214.0,1.0,32.9,57.0,13.0,6.8,No,546.3,1626.2
CUST01686,Lalitpur,Residential,Winter,Smart,3681.0,1.0,13.9,68.6,4.0,4.3,No,935.0,1051.5
CUST00131,Bhaktapur,Office,Spring,Smart,5098.0,13.0,19.3,58.8,4.0,3.9,No,1329.5,1443.4
CUST01688,Kathmandu,Residential,Summer,Smart,4563.0,2.0,18.1,59.2,8.0,7.0,Yes,413.2,1182.1
CUST00872,Kathmandu,Residential,Winter,Smart,542.0,8.0,27.4,57.0,19.0,5.0,No,147.2,1241.7
CUST01124,Kathmandu,Office,Autumn,Smart,3336.0,3.0,14.7,46.5,15.0,14.9,No,569.5,1757.0
CUST01397,Bhaktapur,Commercial,Autumn,Smart,2345.0,1.0,7.5,79.4,15.0,8.4,No,1360.9,1511.7
CUST00088,Chitwan,Commercial,Winter,Standard,1912.0,1.0,13.2,40.3,13.0,17.7,Yes,1317.0,1659.5
CUST01483,Biratnagar,Industrial,Autumn,Smart,5421.0,15.0,18.0,78.7,18.0,15.9,Yes,884.2,2425.3
CUST00331,Chitwan,Residential,Winter,Smart,3077.0,10.0,29.3,67.3,16.0,14.9,No,1185.3,2034.3
CUST01239,Kathmandu,Commercial,Spring,Smart,1536.0,3.0,23.5,45.7,17.0,14.0,No,1270.1,1742.2
CUST00467,Kathmandu,Office,Autumn,Smart,5757.0,1.0,29.3,31.7,7.0,14.4,No,,1729.7
CUST00122,Kathmandu,Industrial,Spring,Standard,4761.0,13.0,5.3,48.0,18.0,16.2,No,1125.9,2597.0
CUST01639,Pokhara,Residential,Winter,Smart,3028.0,15.0,5.8,31.0,15.0,12.3,No,386.2,1751.9
CUST01045,Kathmandu,Residential,Spring,Standard,5170.0,11.0,5.0,58.7,17.0,13.9,No,412.0,1744.9
CUST01725,Bhaktapur,Commercial,Autumn,Smart,4384.0,10.0,31.9,75.9,12.0,10.3,No,1485.7,2010.8
CUST01096,Bhaktapur,Industrial,Autumn,Standard,2274.0,8.0,25.0,60.7,9.0,3.8,No,630.3,1554.6
CUST01131,Chitwan,Residential,Autumn,Standard,1273.0,13.0,29.6,32.3,18.0,3.7,No,1202.3,1470.2
CUST01295,Bhaktapur,Commercial,Spring,Smart,5400.0,5.0,12.0,34.7,7.0,15.0,No,183.9,1507.7
CUST00861,Pokhara,Residential,Autumn,Smart,3460.0,2.0,27.1,64.3,13.0,7.1,No,231.6,1231.2
CUST01460,Bhaktapur,Industrial,Summer,Smart,1265.0,2.0,33.7,38.4,13.0,10.6,Yes,792.6,1922.8
CUST01127,Chitwan,Office,Summer,Smart,4373.0,4.0,29.5,86.8,2.0,7.2,No,578.4,1418.4
